V5.1：V5求解逻辑 + 内存增量进度统计；运行中不再全目录扫描。
候选 placement 数量：2021
理论左右 signature：24017（sum(left)=17）
top-N 在 shard 前理论概率覆盖：95.135%
当前 shard：3505 signatures, shard=0/2
每 signature 目标布局数 K=1; 外层 jobs=14; CP workers=1
单 signature 本次时间：60s; heartbeat=30s
[SCAN] 启动时扫描已有结果……
启动前：done=459/3505, covered=459, layouts=459, pending=3046
[GLOBAL] [###-------------------------] done=459/3505 (13.10%) covered=459 layouts=459 running=0/14 remaining=3046 elapsed=00:00:00 rate=0.00 sig/min ETA=?
[COVERAGE] selected_mass(global)=47.579% covered_mass(global contribution)=6.395%
[RETURN id=10648 rank=00016] left=2,3,2,3,3,2,2 status=QUOTA_REACHED layouts=1/1 complete=True time=00:00:11
[RETURN id=14294 rank=00021] left=3,2,2,2,2,3,3 status=QUOTA_REACHED layouts=1/1 complete=True time=00:00:19
[RETURN id=15132 rank=00034] left=3,3,2,3,2,2,2 status=QUOTA_REACHED layouts=1/1 complete=True time=00:00:20
[RETURN id=05476 rank=00038] left=1,2,3,3,2,3,3 status=QUOTA_REACHED layouts=1/1 complete=True time=00:00:12
[RETURN id=10796 rank=00020] left=2,3,3,3,2,2,2 status=QUOTA_REACHED layouts=1/1 complete=True time=00:00:28
[RETURN id=14448 rank=00027] left=3,2,3,2,2,2,3 status=QUOTA_REACHED layouts=1/1 complete=True time=00:00:28
[GLOBAL] [###-------------------------] done=465/3505 (13.27%) covered=465 layouts=465 running=14/14 remaining=3040 elapsed=00:00:30 rate=11.95 sig/min ETA=04:14:29
[COVERAGE] selected_mass(global)=47.579% covered_mass(global contribution)=7.607%
[LONGEST] id=9818 rank=4 left=2,2,2,3,3,3,2 elapsed=00:00:30
[RETURN id=10768 rank=00018] left=2,3,3,2,2,3,2 status=QUOTA_REACHED layouts=1/1 complete=True time=00:00:35
[RETURN id=10618 rank=00012] left=2,3,2,2,3,2,3 status=QUOTA_REACHED layouts=1/1 complete=True time=00:00:35
[RETURN id=06262 rank=00047] left=1,3,3,2,3,3,2 status=QUOTA_REACHED layouts=1/1 complete=True time=00:00:09
[RETURN id=09818 rank=00004] left=2,2,2,3,3,3,2 status=QUOTA_REACHED layouts=1/1 complete=True time=00:00:40
[RETURN id=06136 rank=00043] left=1,3,2,3,3,2,3 status=QUOTA_REACHED layouts=1/1 complete=True time=00:00:24
[RETURN id=14324 rank=00025] left=3,2,2,3,2,3,2 status=QUOTA_REACHED layouts=1/1 complete=True time=00:00:50
[RETURN id=09674 rank=00056] left=2,2,1,3,3,3,3 status=QUOTA_REACHED layouts=1/1 complete=True time=00:00:17
[RETURN id=05482 rank=00040] left=1,2,3,3,3,3,2 status=QUOTA_REACHED layouts=1/1 complete=True time=00:00:37
[GLOBAL] [###-------------------------] done=473/3505 (13.50%) covered=473 layouts=473 running=14/14 remaining=3032 elapsed=00:01:00 rate=13.97 sig/min ETA=03:37:04
[COVERAGE] selected_mass(global)=47.579% covered_mass(global contribution)=8.930%
[LONGEST] id=9942 rank=6 left=2,2,3,2,3,2,3 elapsed=00:01:00
[RETURN id=09942 rank=00006] left=2,2,3,2,3,2,3 status=TIMEOUT layouts=0/1 complete=False time=00:01:00
[RETURN id=14300 rank=00023] left=3,2,2,2,3,3,2 status=TIMEOUT layouts=0/1 complete=False time=00:01:00
[RETURN id=15104 rank=00032] left=3,3,2,2,2,3,2 status=TIMEOUT layouts=0/1 complete=False time=00:01:00
[RETURN id=05338 rank=00036] left=1,2,2,3,3,3,3 status=TIMEOUT layouts=0/1 complete=False time=00:01:00
[RETURN id=14454 rank=00029] left=3,2,3,2,3,2,2 status=TIMEOUT layouts=0/1 complete=False time=00:01:00
[RETURN id=09914 rank=00069] left=2,2,3,1,3,3,3 status=QUOTA_REACHED layouts=1/1 complete=True time=00:00:11
[RETURN id=06108 rank=00041] left=1,3,2,2,3,3,3 status=QUOTA_REACHED layouts=1/1 complete=True time=00:00:48
[RETURN id=10590 rank=00085] left=2,3,2,1,3,3,3 status=QUOTA_REACHED layouts=1/1 complete=True time=00:00:19
[RETURN id=09948 rank=00072] left=2,2,3,2,4,2,2 status=QUOTA_REACHED layouts=1/1 complete=True time=00:00:20
[RETURN id=09134 rank=00052] left=2,1,3,2,3,3,3 status=QUOTA_REACHED layouts=1/1 complete=True time=00:00:52
[RETURN id=06286 rank=00049] left=1,3,3,3,2,3,2 status=TIMEOUT layouts=0/1 complete=False time=00:01:00
[GLOBAL] [###-------------------------] done=478/3505 (13.64%) covered=478 layouts=478 running=14/14 remaining=3027 elapsed=00:01:30 rate=12.65 sig/min ETA=03:59:20
[COVERAGE] selected_mass(global)=47.579% covered_mass(global contribution)=9.481%
[LONGEST] id=9788 rank=59 left=2,2,2,2,3,2,4 elapsed=00:00:51
[RETURN id=09936 rank=00070] left=2,2,3,2,2,2,4 status=QUOTA_REACHED layouts=1/1 complete=True time=00:00:40
[RETURN id=09788 rank=00059] left=2,2,2,2,3,2,4 status=TIMEOUT layouts=0/1 complete=False time=00:01:00
[RETURN id=09790 rank=00060] left=2,2,2,2,3,4,2 status=TIMEOUT layouts=0/1 complete=False time=00:01:00
[RETURN id=09794 rank=00061] left=2,2,2,2,4,2,3 status=TIMEOUT layouts=0/1 complete=False time=00:01:00
[RETURN id=09842 rank=00067] left=2,2,2,4,2,3,2 status=TIMEOUT layouts=0/1 complete=False time=00:01:00
[GLOBAL] [###-------------------------] done=479/3505 (13.67%) covered=479 layouts=479 running=14/14 remaining=3026 elapsed=00:02:00 rate=9.99 sig/min ETA=05:02:56
[COVERAGE] selected_mass(global)=47.579% covered_mass(global contribution)=9.591%
[LONGEST] id=10092 rank=78 left=2,2,4,2,2,3,2 elapsed=00:00:59
[RETURN id=10092 rank=00078] left=2,2,4,2,2,3,2 status=TIMEOUT layouts=0/1 complete=False time=00:01:00
[RETURN id=10120 rank=00080] left=2,2,4,3,2,2,2 status=TIMEOUT layouts=0/1 complete=False time=00:01:00
[RETURN id=10612 rank=00086] left=2,3,2,2,2,2,4 status=TIMEOUT layouts=0/1 complete=False time=00:01:00
[RETURN id=10614 rank=00087] left=2,3,2,2,2,4,2 status=QUOTA_REACHED layouts=1/1 complete=True time=00:00:58
[RETURN id=13470 rank=00111] left=3,1,2,2,3,3,3 status=QUOTA_REACHED layouts=1/1 complete=True time=00:00:12
[RETURN id=10738 rank=00093] left=2,3,3,1,2,3,3 status=TIMEOUT layouts=0/1 complete=False time=00:01:00
[RETURN id=10790 rank=00099] left=2,3,3,3,1,2,3 status=QUOTA_REACHED layouts=1/1 complete=True time=00:00:32
[RETURN id=11428 rank=00108] left=2,4,2,2,3,2,2 status=QUOTA_REACHED layouts=1/1 complete=True time=00:00:31
[RETURN id=10762 rank=00096] left=2,3,3,2,1,3,3 status=QUOTA_REACHED layouts=1/1 complete=True time=00:00:57
[RETURN id=13624 rank=00117] left=3,1,3,2,3,3,2 status=QUOTA_REACHED layouts=1/1 complete=True time=00:00:17
[RETURN id=10744 rank=00095] left=2,3,3,1,3,3,2 status=TIMEOUT layouts=0/1 complete=False time=00:01:00
[RETURN id=13618 rank=00115] left=3,1,3,2,2,3,3 status=QUOTA_REACHED layouts=1/1 complete=True time=00:00:20
[RETURN id=13648 rank=00119] left=3,1,3,3,2,3,2 status=QUOTA_REACHED layouts=1/1 complete=True time=00:00:22
[RETURN id=13498 rank=00113] left=3,1,2,3,3,2,3 status=QUOTA_REACHED layouts=1/1 complete=True time=00:00:26
[RETURN id=10772 rank=00097] left=2,3,3,2,3,1,3 status=TIMEOUT layouts=0/1 complete=False time=00:01:00
[GLOBAL] [###-------------------------] done=488/3505 (13.92%) covered=488 layouts=488 running=14/14 remaining=3017 elapsed=00:02:30 rate=11.59 sig/min ETA=04:20:19
[COVERAGE] selected_mass(global)=47.579% covered_mass(global contribution)=10.582%
[LONGEST] id=10774 rank=98 left=2,3,3,2,3,3,1 elapsed=00:01:00
[RETURN id=10774 rank=00098] left=2,3,3,2,3,3,1 status=TIMEOUT layouts=0/1 complete=False time=00:01:00
[RETURN id=14174 rank=00123] left=3,2,1,3,3,2,3 status=QUOTA_REACHED layouts=1/1 complete=True time=00:00:27
[RETURN id=11422 rank=00106] left=2,4,2,2,2,2,3 status=TIMEOUT layouts=0/1 complete=False time=00:01:00
[RETURN id=11566 rank=00110] left=2,4,3,2,2,2,2 status=TIMEOUT layouts=0/1 complete=False time=00:01:00
[RETURN id=14328 rank=00130] left=3,2,2,3,3,1,3 status=QUOTA_REACHED layouts=1/1 complete=True time=00:00:41
[RETURN id=14478 rank=00142] left=3,2,3,3,2,3,1 status=QUOTA_REACHED layouts=1/1 complete=True time=00:00:34
[GLOBAL] [###-------------------------] done=491/3505 (14.01%) covered=491 layouts=491 running=14/14 remaining=3014 elapsed=00:03:00 rate=10.66 sig/min ETA=04:42:46
[COVERAGE] selected_mass(global)=47.579% covered_mass(global contribution)=10.913%
[LONGEST] id=14146 rank=121 left=3,2,1,2,3,3,3 elapsed=00:00:55
[RETURN id=14482 rank=00144] left=3,2,3,3,3,2,1 status=QUOTA_REACHED layouts=1/1 complete=True time=00:00:31
[RETURN id=14146 rank=00121] left=3,2,1,2,3,3,3 status=TIMEOUT layouts=0/1 complete=False time=00:01:00
[RETURN id=15080 rank=00154] left=3,3,2,1,3,3,2 status=QUOTA_REACHED layouts=1/1 complete=True time=00:00:17
[RETURN id=14954 rank=00147] left=3,3,1,2,3,2,3 status=QUOTA_REACHED layouts=1/1 complete=True time=00:00:38
[RETURN id=14352 rank=00132] left=3,2,2,4,2,2,2 status=QUOTA_REACHED layouts=1/1 complete=True time=00:00:49
[RETURN id=14330 rank=00131] left=3,2,2,3,3,3,1 status=TIMEOUT layouts=0/1 complete=False time=00:01:00
[RETURN id=14984 rank=00151] left=3,3,1,3,3,2,2 status=QUOTA_REACHED layouts=1/1 complete=True time=00:00:36
[RETURN id=14476 rank=00141] left=3,2,3,3,2,1,3 status=QUOTA_REACHED layouts=1/1 complete=True time=00:00:51
[RETURN id=14424 rank=00134] left=3,2,3,1,3,2,3 status=TIMEOUT layouts=0/1 complete=False time=00:01:00
[RETURN id=15074 rank=00152] left=3,3,2,1,2,3,3 status=QUOTA_REACHED layouts=1/1 complete=True time=00:00:42
[RETURN id=14472 rank=00140] left=3,2,3,3,1,3,2 status=TIMEOUT layouts=0/1 complete=False time=00:01:00
[RETURN id=15126 rank=00158] left=3,3,2,3,1,2,3 status=QUOTA_REACHED layouts=1/1 complete=True time=00:00:19
[GLOBAL] [###-------------------------] done=499/3505 (14.24%) covered=499 layouts=499 running=14/14 remaining=3006 elapsed=00:03:30 rate=11.42 sig/min ETA=04:23:12
[COVERAGE] selected_mass(global)=47.579% covered_mass(global contribution)=11.795%
[LONGEST] id=14592 rank=145 left=3,2,4,2,2,2,2 elapsed=00:01:01
[RETURN id=14592 rank=00145] left=3,2,4,2,2,2,2 status=TIMEOUT layouts=0/1 complete=False time=00:01:00
[RETURN id=15272 rank=00175] left=3,3,3,3,2,2,1 status=QUOTA_REACHED layouts=1/1 complete=True time=00:00:14
[RETURN id=15110 rank=00157] left=3,3,2,2,3,3,1 status=QUOTA_REACHED layouts=1/1 complete=True time=00:00:34
[RETURN id=18618 rank=00180] left=4,2,2,3,2,2,2 status=QUOTA_REACHED layouts=1/1 complete=True time=00:00:22
[RETURN id=15224 rank=00166] left=3,3,3,1,3,2,2 status=QUOTA_REACHED layouts=1/1 complete=True time=00:00:39
[RETURN id=15136 rank=00162] left=3,3,2,3,3,1,2 status=QUOTA_REACHED layouts=1/1 complete=True time=00:00:40
[RETURN id=05318 rank=00186] left=1,2,2,2,4,3,3 status=QUOTA_REACHED layouts=1/1 complete=True time=00:00:20
[RETURN id=15098 rank=00155] left=3,3,2,2,1,3,3 status=TIMEOUT layouts=0/1 complete=False time=00:01:00
[GLOBAL] [####------------------------] done=505/3505 (14.41%) covered=505 layouts=505 running=14/14 remaining=3000 elapsed=00:04:00 rate=11.49 sig/min ETA=04:21:01
[COVERAGE] selected_mass(global)=47.579% covered_mass(global contribution)=12.401%
[LONGEST] id=15108 rank=156 left=3,3,2,2,3,1,3 elapsed=00:01:00
[RETURN id=15108 rank=00156] left=3,3,2,2,3,1,3 status=TIMEOUT layouts=0/1 complete=False time=00:01:00
[RETURN id=15218 rank=00164] left=3,3,3,1,2,2,3 status=QUOTA_REACHED layouts=1/1 complete=True time=00:00:55
[RETURN id=15252 rank=00172] left=3,3,3,2,3,2,1 status=QUOTA_REACHED layouts=1/1 complete=True time=00:00:52
[RETURN id=15248 rank=00170] left=3,3,3,2,2,3,1 status=TIMEOUT layouts=0/1 complete=False time=00:01:00
[RETURN id=18590 rank=00178] left=4,2,2,2,2,3,2 status=QUOTA_REACHED layouts=1/1 complete=True time=00:00:55
[RETURN id=05448 rank=00196] left=1,2,3,2,2,3,4 status=QUOTA_REACHED layouts=1/1 complete=True time=00:00:32
[RETURN id=15842 rank=00176] left=3,4,2,2,2,2,2 status=TIMEOUT layouts=0/1 complete=False time=00:01:00
[RETURN id=05314 rank=00185] left=1,2,2,2,3,4,3 status=QUOTA_REACHED layouts=1/1 complete=True time=00:00:54
[RETURN id=19328 rank=00182] left=4,3,2,2,2,2,2 status=TIMEOUT layouts=0/1 complete=False time=00:01:00
[RETURN id=05458 rank=00200] left=1,2,3,2,4,2,3 status=QUOTA_REACHED layouts=1/1 complete=True time=00:00:34
[GLOBAL] [####------------------------] done=511/3505 (14.58%) covered=511 layouts=511 running=14/14 remaining=2994 elapsed=00:04:30 rate=11.55 sig/min ETA=04:19:14
[COVERAGE] selected_mass(global)=47.579% covered_mass(global contribution)=12.897%
[LONGEST] id=5334 rank=188 left=1,2,2,3,2,4,3 elapsed=00:00:54
[RETURN id=05334 rank=00188] left=1,2,2,3,2,4,3 status=TIMEOUT layouts=0/1 complete=False time=00:01:00
[RETURN id=05506 rank=00206] left=1,2,3,4,2,3,2 status=QUOTA_REACHED layouts=1/1 complete=True time=00:00:38
[RETURN id=05344 rank=00192] left=1,2,2,3,4,3,2 status=TIMEOUT layouts=0/1 complete=False time=00:01:00
[RETURN id=05366 rank=00194] left=1,2,2,4,3,2,3 status=TIMEOUT layouts=0/1 complete=False time=00:01:00
[RETURN id=05454 rank=00199] left=1,2,3,2,3,4,2 status=TIMEOUT layouts=0/1 complete=False time=00:01:00
[RETURN id=05606 rank=00209] left=1,2,4,2,3,2,3 status=QUOTA_REACHED layouts=1/1 complete=True time=00:00:49
[RETURN id=05630 rank=00211] left=1,2,4,3,2,2,3 status=QUOTA_REACHED layouts=1/1 complete=True time=00:00:46
[RETURN id=06416 rank=00237] left=1,3,4,2,3,2,2 status=QUOTA_REACHED layouts=1/1 complete=True time=00:00:07
[RETURN id=06142 rank=00223] left=1,3,2,3,4,2,2 status=QUOTA_REACHED layouts=1/1 complete=True time=00:00:30
[GLOBAL] [####------------------------] done=516/3505 (14.72%) covered=516 layouts=516 running=14/14 remaining=2989 elapsed=00:05:00 rate=11.39 sig/min ETA=04:22:19
[COVERAGE] selected_mass(global)=47.579% covered_mass(global contribution)=13.172%
[LONGEST] id=5636 rank=213 left=1,2,4,3,3,2,2 elapsed=00:00:45
[RETURN id=06292 rank=00233] left=1,3,3,3,3,3,1 status=QUOTA_REACHED layouts=1/1 complete=True time=00:00:24
[RETURN id=06166 rank=00226] left=1,3,2,4,3,2,2 status=QUOTA_REACHED layouts=1/1 complete=True time=00:00:29
[RETURN id=05636 rank=00213] left=1,2,4,3,3,2,2 status=TIMEOUT layouts=0/1 complete=False time=00:01:00
[RETURN id=06104 rank=00216] left=1,3,2,2,2,4,3 status=TIMEOUT layouts=0/1 complete=False time=00:01:00
[RETURN id=09020 rank=00255] left=2,1,2,3,3,4,2 status=QUOTA_REACHED layouts=1/1 complete=True time=00:00:11
[RETURN id=06114 rank=00220] left=1,3,2,2,4,3,2 status=TIMEOUT layouts=0/1 complete=False time=00:01:00
[RETURN id=06130 rank=00221] left=1,3,2,3,2,2,4 status=TIMEOUT layouts=0/1 complete=False time=00:01:00
[RETURN id=09024 rank=00256] left=2,1,2,3,4,2,3 status=QUOTA_REACHED layouts=1/1 complete=True time=00:00:09
[RETURN id=09018 rank=00254] left=2,1,2,3,3,2,4 status=QUOTA_REACHED layouts=1/1 complete=True time=00:00:21
[RETURN id=06132 rank=00222] left=1,3,2,3,2,4,2 status=TIMEOUT layouts=0/1 complete=False time=00:01:00
[RETURN id=06160 rank=00224] left=1,3,2,4,2,2,3 status=TIMEOUT layouts=0/1 complete=False time=00:01:00
[GLOBAL] [####------------------------] done=521/3505 (14.86%) covered=521 layouts=521 running=14/14 remaining=2984 elapsed=00:05:30 rate=11.27 sig/min ETA=04:24:49
[COVERAGE] selected_mass(global)=47.579% covered_mass(global contribution)=13.447%
[LONGEST] id=6314 rank=234 left=1,3,3,4,2,2,2 elapsed=00:00:43
[RETURN id=06314 rank=00234] left=1,3,3,4,2,2,2 status=QUOTA_REACHED layouts=1/1 complete=True time=00:00:44
[RETURN id=09192 rank=00272] left=2,1,3,4,3,2,2 status=QUOTA_REACHED layouts=1/1 complete=True time=00:00:11
[RETURN id=06938 rank=00241] left=1,4,2,2,3,3,2 status=QUOTA_REACHED layouts=1/1 complete=True time=00:00:47
[RETURN id=07086 rank=00245] left=1,4,3,2,2,2,3 status=QUOTA_REACHED layouts=1/1 complete=True time=00:00:46
[RETURN id=09168 rank=00269] left=2,1,3,3,4,2,2 status=QUOTA_REACHED layouts=1/1 complete=True time=00:00:24
[RETURN id=06962 rank=00243] left=1,4,2,3,2,3,2 status=TIMEOUT layouts=0/1 complete=False time=00:01:00
[RETURN id=09186 rank=00270] left=2,1,3,4,2,2,3 status=QUOTA_REACHED layouts=1/1 complete=True time=00:00:30
[RETURN id=09282 rank=00273] left=2,1,4,2,2,3,3 status=QUOTA_REACHED layouts=1/1 complete=True time=00:00:27
[RETURN id=07092 rank=00247] left=1,4,3,2,3,2,2 status=TIMEOUT layouts=0/1 complete=False time=00:01:00
[RETURN id=08994 rank=00249] left=2,1,2,2,3,3,4 status=TIMEOUT layouts=0/1 complete=False time=00:01:00
[GLOBAL] [####------------------------] done=528/3505 (15.06%) covered=528 layouts=528 running=14/14 remaining=2977 elapsed=00:06:00 rate=11.50 sig/min ETA=04:18:58
[COVERAGE] selected_mass(global)=47.579% covered_mass(global contribution)=13.833%
[LONGEST] id=9048 rank=260 left=2,1,2,4,3,3,2 elapsed=00:00:41
[RETURN id=09048 rank=00260] left=2,1,2,4,3,3,2 status=TIMEOUT layouts=0/1 complete=False time=00:01:00
[RETURN id=09140 rank=00266] left=2,1,3,2,4,3,2 status=TIMEOUT layouts=0/1 complete=False time=00:01:00
[RETURN id=09680 rank=00287] left=2,2,1,3,4,3,2 status=QUOTA_REACHED layouts=1/1 complete=True time=00:00:26
[RETURN id=09156 rank=00267] left=2,1,3,3,2,2,4 status=TIMEOUT layouts=0/1 complete=False time=00:01:00
[RETURN id=09158 rank=00268] left=2,1,3,3,2,4,2 status=TIMEOUT layouts=0/1 complete=False time=00:01:00
[RETURN id=09670 rank=00283] left=2,2,1,3,2,4,3 status=QUOTA_REACHED layouts=1/1 complete=True time=00:00:36
[GLOBAL] [####------------------------] done=530/3505 (15.12%) covered=530 layouts=530 running=14/14 remaining=2975 elapsed=00:06:30 rate=10.92 sig/min ETA=04:32:27
[COVERAGE] selected_mass(global)=47.579% covered_mass(global contribution)=13.943%
[LONGEST] id=9288 rank=275 left=2,1,4,2,3,3,2 elapsed=00:00:58
[RETURN id=09288 rank=00275] left=2,1,4,2,3,3,2 status=TIMEOUT layouts=0/1 complete=False time=00:01:00
[RETURN id=09312 rank=00277] left=2,1,4,3,2,3,2 status=TIMEOUT layouts=0/1 complete=False time=00:01:00
[RETURN id=09650 rank=00280] left=2,2,1,2,3,4,3 status=TIMEOUT layouts=0/1 complete=False time=00:01:00
[RETURN id=09654 rank=00281] left=2,2,1,2,4,3,3 status=TIMEOUT layouts=0/1 complete=False time=00:01:00
[RETURN id=09816 rank=00296] left=2,2,2,3,3,1,4 status=QUOTA_REACHED layouts=1/1 complete=True time=00:00:48
[RETURN id=09764 rank=00291] left=2,2,2,1,3,3,4 status=QUOTA_REACHED layouts=1/1 complete=True time=00:00:58
[RETURN id=09702 rank=00289] left=2,2,1,4,3,2,3 status=TIMEOUT layouts=0/1 complete=False time=00:01:00
[RETURN id=09808 rank=00295] left=2,2,2,3,1,4,3 status=TIMEOUT layouts=0/1 complete=False time=00:01:00
[GLOBAL] [####------------------------] done=532/3505 (15.18%) covered=532 layouts=532 running=14/14 remaining=2973 elapsed=00:07:00 rate=10.43 sig/min ETA=04:45:10
[COVERAGE] selected_mass(global)=47.579% covered_mass(global contribution)=14.054%
[LONGEST] id=9824 rank=299 left=2,2,2,3,4,3,1 elapsed=00:00:40
[RETURN id=09824 rank=00299] left=2,2,2,3,4,3,1 status=QUOTA_REACHED layouts=1/1 complete=True time=00:00:40
[RETURN id=09846 rank=00301] left=2,2,2,4,3,1,3 status=QUOTA_REACHED layouts=1/1 complete=True time=00:00:44
[RETURN id=09990 rank=00322] left=2,2,3,4,1,3,2 status=QUOTA_REACHED layouts=1/1 complete=True time=00:00:14
[RETURN id=09836 rank=00300] left=2,2,2,4,1,3,3 status=TIMEOUT layouts=0/1 complete=False time=00:01:00
[RETURN id=09848 rank=00302] left=2,2,2,4,3,3,1 status=TIMEOUT layouts=0/1 complete=False time=00:01:00
[RETURN id=09910 rank=00304] left=2,2,3,1,2,4,3 status=TIMEOUT layouts=0/1 complete=False time=00:01:00
[RETURN id=09932 rank=00309] left=2,2,3,2,1,3,4 status=QUOTA_REACHED layouts=1/1 complete=True time=00:00:51
[RETURN id=09920 rank=00308] left=2,2,3,1,4,3,2 status=TIMEOUT layouts=0/1 complete=False time=00:01:00
[RETURN id=10062 rank=00327] left=2,2,4,1,2,3,3 status=QUOTA_REACHED layouts=1/1 complete=True time=00:00:21
[GLOBAL] [####------------------------] done=537/3505 (15.32%) covered=537 layouts=537 running=14/14 remaining=2968 elapsed=00:07:30 rate=10.40 sig/min ETA=04:45:28
[COVERAGE] selected_mass(global)=47.579% covered_mass(global contribution)=14.329%
[LONGEST] id=9944 rank=312 left=2,2,3,2,3,4,1 elapsed=00:00:51
[RETURN id=10068 rank=00329] left=2,2,4,1,3,3,2 status=QUOTA_REACHED layouts=1/1 complete=True time=00:00:21
[RETURN id=09962 rank=00316] left=2,2,3,3,1,4,2 status=QUOTA_REACHED layouts=1/1 complete=True time=00:00:47
[RETURN id=09944 rank=00312] left=2,2,3,2,3,4,1 status=TIMEOUT layouts=0/1 complete=False time=00:01:00
[RETURN id=10124 rank=00337] left=2,2,4,3,3,1,2 status=QUOTA_REACHED layouts=1/1 complete=True time=00:00:13
[RETURN id=09960 rank=00315] left=2,2,3,3,1,2,4 status=TIMEOUT layouts=0/1 complete=False time=00:01:00
[RETURN id=09996 rank=00324] left=2,2,3,4,2,3,1 status=QUOTA_REACHED layouts=1/1 complete=True time=00:00:44
[RETURN id=09968 rank=00318] left=2,2,3,3,2,4,1 status=TIMEOUT layouts=0/1 complete=False time=00:01:00
[RETURN id=09994 rank=00323] left=2,2,3,4,2,1,3 status=TIMEOUT layouts=0/1 complete=False time=00:01:00
[GLOBAL] [####------------------------] done=541/3505 (15.44%) covered=541 layouts=541 running=14/14 remaining=2964 elapsed=00:08:00 rate=10.25 sig/min ETA=04:49:15
[COVERAGE] selected_mass(global)=47.579% covered_mass(global contribution)=14.549%
[LONGEST] id=10000 rank=326 left=2,2,3,4,3,2,1 elapsed=00:00:59
[RETURN id=10114 rank=00333] left=2,2,4,3,1,2,3 status=QUOTA_REACHED layouts=1/1 complete=True time=00:00:34
[RETURN id=10000 rank=00326] left=2,2,3,4,3,2,1 status=TIMEOUT layouts=0/1 complete=False time=00:01:00
[RETURN id=10460 rank=00339] left=2,3,1,2,2,3,4 status=QUOTA_REACHED layouts=1/1 complete=True time=00:00:34
[RETURN id=10098 rank=00332] left=2,2,4,2,3,3,1 status=QUOTA_REACHED layouts=1/1 complete=True time=00:00:37
[RETURN id=10638 rank=00364] left=2,3,2,3,1,4,2 status=QUOTA_REACHED layouts=1/1 complete=True time=00:00:11
[RETURN id=10596 rank=00356] left=2,3,2,1,4,3,2 status=QUOTA_REACHED layouts=1/1 complete=True time=00:00:28
[RETURN id=10096 rank=00331] left=2,2,4,2,3,1,3 status=QUOTA_REACHED layouts=1/1 complete=True time=00:00:50
[RETURN id=10086 rank=00330] left=2,2,4,2,1,3,3 status=TIMEOUT layouts=0/1 complete=False time=00:01:00
[RETURN id=10518 rank=00349] left=2,3,1,4,2,3,2 status=QUOTA_REACHED layouts=1/1 complete=True time=00:00:42
[RETURN id=10644 rank=00366] left=2,3,2,3,2,4,1 status=QUOTA_REACHED layouts=1/1 complete=True time=00:00:24
[GLOBAL] [####------------------------] done=549/3505 (15.66%) covered=549 layouts=549 running=14/14 remaining=2956 elapsed=00:08:30 rate=10.59 sig/min ETA=04:39:15
[COVERAGE] selected_mass(global)=47.579% covered_mass(global contribution)=14.990%
[LONGEST] id=10464 rank=341 left=2,3,1,2,3,2,4 elapsed=00:00:59
[RETURN id=10464 rank=00341] left=2,3,1,2,3,2,4 status=TIMEOUT layouts=0/1 complete=False time=00:01:00
[RETURN id=10466 rank=00342] left=2,3,1,2,3,4,2 status=TIMEOUT layouts=0/1 complete=False time=00:01:00
[RETURN id=10676 rank=00374] left=2,3,2,4,3,2,1 status=QUOTA_REACHED layouts=1/1 complete=True time=00:00:28
[RETURN id=10470 rank=00343] left=2,3,1,2,4,2,3 status=TIMEOUT layouts=0/1 complete=False time=00:01:00
[RETURN id=10586 rank=00352] left=2,3,2,1,2,4,3 status=TIMEOUT layouts=0/1 complete=False time=00:01:00
[RETURN id=10666 rank=00370] left=2,3,2,4,1,3,2 status=QUOTA_REACHED layouts=1/1 complete=True time=00:00:41
[RETURN id=10766 rank=00380] left=2,3,3,2,2,1,4 status=QUOTA_REACHED layouts=1/1 complete=True time=00:00:29
[RETURN id=10608 rank=00357] left=2,3,2,2,1,3,4 status=TIMEOUT layouts=0/1 complete=False time=00:01:00
[RETURN id=10936 rank=00398] left=2,3,4,3,2,2,1 status=QUOTA_REACHED layouts=1/1 complete=True time=00:00:07
[RETURN id=10670 rank=00371] left=2,3,2,4,2,1,3 status=QUOTA_REACHED layouts=1/1 complete=True time=00:00:53
[GLOBAL] [####------------------------] done=554/3505 (15.81%) covered=554 layouts=554 running=14/14 remaining=2951 elapsed=00:09:00 rate=10.55 sig/min ETA=04:39:38
[COVERAGE] selected_mass(global)=47.579% covered_mass(global contribution)=15.266%
[LONGEST] id=10652 rank=367 left=2,3,2,3,4,1,2 elapsed=00:00:58
[RETURN id=10816 rank=00384] left=2,3,3,4,1,2,2 status=QUOTA_REACHED layouts=1/1 complete=True time=00:00:36
[RETURN id=10912 rank=00393] left=2,3,4,2,2,3,1 status=QUOTA_REACHED layouts=1/1 complete=True time=00:00:20
[RETURN id=10672 rank=00372] left=2,3,2,4,2,3,1 status=QUOTA_REACHED layouts=1/1 complete=True time=00:00:51
[RETURN id=10652 rank=00367] left=2,3,2,3,4,1,2 status=TIMEOUT layouts=0/1 complete=False time=00:01:00
[RETURN id=10906 rank=00391] left=2,3,4,2,1,3,2 status=QUOTA_REACHED layouts=1/1 complete=True time=00:00:25
[RETURN id=11268 rank=00399] left=2,4,1,2,2,3,3 status=QUOTA_REACHED layouts=1/1 complete=True time=00:00:36
[RETURN id=10778 rank=00383] left=2,3,3,2,4,2,1 status=TIMEOUT layouts=0/1 complete=False time=00:01:00
[RETURN id=10820 rank=00385] left=2,3,3,4,2,1,2 status=TIMEOUT layouts=0/1 complete=False time=00:01:00
[RETURN id=11452 rank=00414] left=2,4,2,3,2,3,1 status=QUOTA_REACHED layouts=1/1 complete=True time=00:00:25
[GLOBAL] [####------------------------] done=560/3505 (15.98%) covered=560 layouts=560 running=14/14 remaining=2945 elapsed=00:09:30 rate=10.63 sig/min ETA=04:37:04
[COVERAGE] selected_mass(global)=47.579% covered_mass(global contribution)=15.596%
[LONGEST] id=10882 rank=387 left=2,3,4,1,2,2,3 elapsed=00:00:58
[RETURN id=10882 rank=00387] left=2,3,4,1,2,2,3 status=TIMEOUT layouts=0/1 complete=False time=00:01:00
[RETURN id=10888 rank=00389] left=2,3,4,1,3,2,2 status=TIMEOUT layouts=0/1 complete=False time=00:01:00
[RETURN id=11450 rank=00413] left=2,4,2,3,2,1,3 status=QUOTA_REACHED layouts=1/1 complete=True time=00:00:33
[RETURN id=11538 rank=00418] left=2,4,3,1,2,3,2 status=QUOTA_REACHED layouts=1/1 complete=True time=00:00:33
[RETURN id=11398 rank=00406] left=2,4,2,1,3,2,3 status=QUOTA_REACHED layouts=1/1 complete=True time=00:00:45
[RETURN id=10916 rank=00395] left=2,3,4,2,3,2,1 status=TIMEOUT layouts=0/1 complete=False time=00:01:00
[RETURN id=11274 rank=00401] left=2,4,1,2,3,3,2 status=TIMEOUT layouts=0/1 complete=False time=00:01:00
[RETURN id=11298 rank=00403] left=2,4,1,3,2,3,2 status=TIMEOUT layouts=0/1 complete=False time=00:01:00
[RETURN id=13504 rank=00438] left=3,1,2,3,4,2,2 status=QUOTA_REACHED layouts=1/1 complete=True time=00:00:13
[RETURN id=13492 rank=00436] left=3,1,2,3,2,2,4 status=QUOTA_REACHED layouts=1/1 complete=True time=00:00:23
[GLOBAL] [####------------------------] done=565/3505 (16.12%) covered=565 layouts=565 running=14/14 remaining=2940 elapsed=00:10:00 rate=10.60 sig/min ETA=04:37:25
[COVERAGE] selected_mass(global)=47.579% covered_mass(global contribution)=15.872%
[LONGEST] id=11446 rank=412 left=2,4,2,3,1,3,2 elapsed=00:00:59
[RETURN id=11446 rank=00412] left=2,4,2,3,1,3,2 status=TIMEOUT layouts=0/1 complete=False time=00:01:00
[RETURN id=13522 rank=00439] left=3,1,2,4,2,2,3 status=QUOTA_REACHED layouts=1/1 complete=True time=00:00:17
[RETURN id=13476 rank=00435] left=3,1,2,2,4,3,2 status=QUOTA_REACHED layouts=1/1 complete=True time=00:00:28
[RETURN id=11456 rank=00416] left=2,4,2,3,3,2,1 status=TIMEOUT layouts=0/1 complete=False time=00:01:00
[RETURN id=13528 rank=00441] left=3,1,2,4,3,2,2 status=QUOTA_REACHED layouts=1/1 complete=True time=00:00:14
[RETURN id=13676 rank=00449] left=3,1,3,4,2,2,2 status=QUOTA_REACHED layouts=1/1 complete=True time=00:00:08
[RETURN id=13494 rank=00437] left=3,1,2,3,2,4,2 status=QUOTA_REACHED layouts=1/1 complete=True time=00:00:36
[RETURN id=14180 rank=00462] left=3,2,1,3,4,2,2 status=QUOTA_REACHED layouts=1/1 complete=True time=00:00:07
[RETURN id=11586 rank=00426] left=2,4,3,3,1,2,2 status=QUOTA_REACHED layouts=1/1 complete=True time=00:00:54
[RETURN id=11560 rank=00420] left=2,4,3,2,1,2,3 status=TIMEOUT layouts=0/1 complete=False time=00:01:00
[RETURN id=11570 rank=00424] left=2,4,3,2,3,1,2 status=TIMEOUT layouts=0/1 complete=False time=00:01:00
[RETURN id=11590 rank=00427] left=2,4,3,3,2,1,2 status=TIMEOUT layouts=0/1 complete=False time=00:01:00
[GLOBAL] [####------------------------] done=572/3505 (16.32%) covered=572 layouts=572 running=14/14 remaining=2933 elapsed=00:10:30 rate=10.76 sig/min ETA=04:32:36
[COVERAGE] selected_mass(global)=47.579% covered_mass(global contribution)=16.257%
[LONGEST] id=13466 rank=431 left=3,1,2,2,2,4,3 elapsed=00:00:58
[RETURN id=13466 rank=00431] left=3,1,2,2,2,4,3 status=TIMEOUT layouts=0/1 complete=False time=00:01:00
[RETURN id=13642 rank=00446] left=3,1,3,3,1,3,3 status=QUOTA_REACHED layouts=1/1 complete=True time=00:00:46
[RETURN id=14290 rank=00473] left=3,2,2,2,1,4,3 status=QUOTA_REACHED layouts=1/1 complete=True time=00:00:06
[RETURN id=14170 rank=00461] left=3,2,1,3,2,4,2 status=QUOTA_REACHED layouts=1/1 complete=True time=00:00:31
[RETURN id=14270 rank=00468] left=3,2,2,1,3,2,4 status=QUOTA_REACHED layouts=1/1 complete=True time=00:00:20
[RETURN id=14204 rank=00465] left=3,2,1,4,3,2,2 status=QUOTA_REACHED layouts=1/1 complete=True time=00:00:27
[RETURN id=14142 rank=00455] left=3,2,1,2,2,4,3 status=QUOTA_REACHED layouts=1/1 complete=True time=00:00:48
[RETURN id=13654 rank=00448] left=3,1,3,3,3,3,1 status=QUOTA_REACHED layouts=1/1 complete=True time=00:00:53
[RETURN id=13652 rank=00447] left=3,1,3,3,3,1,3 status=TIMEOUT layouts=0/1 complete=False time=00:01:00
[GLOBAL] [####------------------------] done=579/3505 (16.52%) covered=579 layouts=579 running=14/14 remaining=2926 elapsed=00:11:00 rate=10.91 sig/min ETA=04:28:16
[COVERAGE] selected_mass(global)=47.579% covered_mass(global contribution)=16.643%
[LONGEST] id=14152 rank=459 left=3,2,1,2,4,3,2 elapsed=00:00:56
[RETURN id=14334 rank=00483] left=3,2,2,3,4,2,1 status=QUOTA_REACHED layouts=1/1 complete=True time=00:00:14
[RETURN id=14168 rank=00460] left=3,2,1,3,2,2,4 status=QUOTA_REACHED layouts=1/1 complete=True time=00:00:57
[RETURN id=14304 rank=00476] left=3,2,2,2,4,1,3 status=QUOTA_REACHED layouts=1/1 complete=True time=00:00:23
[RETURN id=14152 rank=00459] left=3,2,1,2,4,3,2 status=TIMEOUT layouts=0/1 complete=False time=00:01:00
[RETURN id=14298 rank=00474] left=3,2,2,2,3,1,4 status=QUOTA_REACHED layouts=1/1 complete=True time=00:00:30
[RETURN id=14444 rank=00494] left=3,2,3,2,1,4,2 status=QUOTA_REACHED layouts=1/1 complete=True time=00:00:12
[RETURN id=14450 rank=00496] left=3,2,3,2,2,4,1 status=QUOTA_REACHED layouts=1/1 complete=True time=00:00:10
[RETURN id=14198 rank=00463] left=3,2,1,4,2,2,3 status=TIMEOUT layouts=0/1 complete=False time=00:01:00
[RETURN id=14266 rank=00466] left=3,2,2,1,2,3,4 status=TIMEOUT layouts=0/1 complete=False time=00:01:00
[RETURN id=14420 rank=00491] left=3,2,3,1,2,4,2 status=QUOTA_REACHED layouts=1/1 complete=True time=00:00:21
[RETURN id=14418 rank=00490] left=3,2,3,1,2,2,4 status=QUOTA_REACHED layouts=1/1 complete=True time=00:00:27
[RETURN id=14272 rank=00469] left=3,2,2,1,3,4,2 status=TIMEOUT layouts=0/1 complete=False time=00:01:00
[RETURN id=14502 rank=00501] left=3,2,3,4,2,2,1 status=QUOTA_REACHED layouts=1/1 complete=True time=00:00:13
[RETURN id=14276 rank=00470] left=3,2,2,1,4,2,3 status=TIMEOUT layouts=0/1 complete=False time=00:01:00
[GLOBAL] [####------------------------] done=588/3505 (16.78%) covered=588 layouts=588 running=14/14 remaining=2917 elapsed=00:11:30 rate=11.22 sig/min ETA=04:20:06
[COVERAGE] selected_mass(global)=47.579% covered_mass(global contribution)=17.139%
[LONGEST] id=14306 rank=477 left=3,2,2,2,4,3,1 elapsed=00:00:50
[RETURN id=14306 rank=00477] left=3,2,2,2,4,3,1 status=QUOTA_REACHED layouts=1/1 complete=True time=00:00:57
[RETURN id=14442 rank=00493] left=3,2,3,2,1,2,4 status=QUOTA_REACHED layouts=1/1 complete=True time=00:00:38
[RETURN id=14612 rank=00511] left=3,2,4,3,1,2,2 status=QUOTA_REACHED layouts=1/1 complete=True time=00:00:21
[RETURN id=14322 rank=00480] left=3,2,2,3,2,1,4 status=TIMEOUT layouts=0/1 complete=False time=00:01:00
[RETURN id=14356 rank=00488] left=3,2,2,4,3,1,2 status=QUOTA_REACHED layouts=1/1 complete=True time=00:00:58
[RETURN id=14346 rank=00484] left=3,2,2,4,1,2,3 status=TIMEOUT layouts=0/1 complete=False time=00:01:00
[GLOBAL] [####------------------------] done=592/3505 (16.89%) covered=592 layouts=592 running=14/14 remaining=2913 elapsed=00:12:00 rate=11.08 sig/min ETA=04:22:53
[COVERAGE] selected_mass(global)=47.579% covered_mass(global contribution)=17.359%
[LONGEST] id=14458 rank=497 left=3,2,3,2,4,1,2 elapsed=00:00:50
[RETURN id=14458 rank=00497] left=3,2,3,2,4,1,2 status=QUOTA_REACHED layouts=1/1 complete=True time=00:00:57
[RETURN id=15156 rank=00532] left=3,3,2,4,2,1,2 status=QUOTA_REACHED layouts=1/1 complete=True time=00:00:22
[RETURN id=15268 rank=00538] left=3,3,3,3,1,3,1 status=QUOTA_REACHED layouts=1/1 complete=True time=00:00:22
[RETURN id=14564 rank=00503] left=3,2,4,1,2,3,2 status=TIMEOUT layouts=0/1 complete=False time=00:01:00
[RETURN id=14586 rank=00505] left=3,2,4,2,1,2,3 status=TIMEOUT layouts=0/1 complete=False time=00:01:00
[RETURN id=15704 rank=00546] left=3,4,1,2,3,2,2 status=QUOTA_REACHED layouts=1/1 complete=True time=00:00:11
[RETURN id=15114 rank=00530] left=3,3,2,2,4,2,1 status=QUOTA_REACHED layouts=1/1 complete=True time=00:00:42
[RETURN id=14596 rank=00509] left=3,2,4,2,3,1,2 status=TIMEOUT layouts=0/1 complete=False time=00:01:00
[RETURN id=14926 rank=00514] left=3,3,1,1,3,3,3 status=TIMEOUT layouts=0/1 complete=False time=00:01:00
[RETURN id=14948 rank=00515] left=3,3,1,2,2,2,4 status=TIMEOUT layouts=0/1 complete=False time=00:01:00
[RETURN id=14950 rank=00516] left=3,3,1,2,2,4,2 status=TIMEOUT layouts=0/1 complete=False time=00:01:00
[GLOBAL] [####------------------------] done=597/3505 (17.03%) covered=597 layouts=597 running=14/14 remaining=2908 elapsed=00:12:30 rate=11.04 sig/min ETA=04:23:27
[COVERAGE] selected_mass(global)=47.579% covered_mass(global contribution)=17.635%
[LONGEST] id=14960 rank=517 left=3,3,1,2,4,2,2 elapsed=00:01:01
[RETURN id=14960 rank=00517] left=3,3,1,2,4,2,2 status=TIMEOUT layouts=0/1 complete=False time=00:01:00
[RETURN id=15814 rank=00549] left=3,4,2,1,2,3,2 status=QUOTA_REACHED layouts=1/1 complete=True time=00:00:17
[RETURN id=15152 rank=00531] left=3,3,2,4,1,2,2 status=TIMEOUT layouts=0/1 complete=False time=00:01:00
[RETURN id=15266 rank=00537] left=3,3,3,3,1,1,3 status=TIMEOUT layouts=0/1 complete=False time=00:01:00
[RETURN id=15370 rank=00543] left=3,3,4,2,2,2,1 status=TIMEOUT layouts=0/1 complete=False time=00:01:00
[RETURN id=15698 rank=00544] left=3,4,1,2,2,2,3 status=QUOTA_REACHED layouts=1/1 complete=True time=00:00:48
[RETURN id=15866 rank=00558] left=3,4,2,3,2,1,2 status=QUOTA_REACHED layouts=1/1 complete=True time=00:00:37
[GLOBAL] [####------------------------] done=600/3505 (17.12%) covered=600 layouts=600 running=14/14 remaining=2905 elapsed=00:13:00 rate=10.84 sig/min ETA=04:27:53
[COVERAGE] selected_mass(global)=47.579% covered_mass(global contribution)=17.800%
[LONGEST] id=15846 rank=555 left=3,4,2,2,3,1,2 elapsed=00:00:44
[RETURN id=17786 rank=00566] left=4,1,2,2,3,3,2 status=QUOTA_REACHED layouts=1/1 complete=True time=00:00:33
[RETURN id=17940 rank=00572] left=4,1,3,2,3,2,2 status=QUOTA_REACHED layouts=1/1 complete=True time=00:00:40
[RETURN id=18584 rank=00583] left=4,2,2,2,1,3,3 status=QUOTA_REACHED layouts=1/1 complete=True time=00:00:15
[RETURN id=15846 rank=00555] left=3,4,2,2,3,1,2 status=TIMEOUT layouts=0/1 complete=False time=00:01:00
[RETURN id=15862 rank=00557] left=3,4,2,3,1,2,2 status=TIMEOUT layouts=0/1 complete=False time=00:01:00
[RETURN id=15960 rank=00561] left=3,4,3,2,1,2,2 status=TIMEOUT layouts=0/1 complete=False time=00:01:00
[RETURN id=17934 rank=00570] left=4,1,3,2,2,2,3 status=QUOTA_REACHED layouts=1/1 complete=True time=00:00:51
[RETURN id=15964 rank=00562] left=3,4,3,2,2,1,2 status=QUOTA_REACHED layouts=1/1 complete=True time=00:00:58
[RETURN id=18612 rank=00586] left=4,2,2,3,1,2,3 status=QUOTA_REACHED layouts=1/1 complete=True time=00:00:10
[RETURN id=17780 rank=00564] left=4,1,2,2,2,3,3 status=TIMEOUT layouts=0/1 complete=False time=00:01:00
[RETURN id=18470 rank=00579] left=4,2,1,3,3,2,2 status=QUOTA_REACHED layouts=1/1 complete=True time=00:00:33
[RETURN id=17810 rank=00568] left=4,1,2,3,2,3,2 status=QUOTA_REACHED layouts=1/1 complete=True time=00:00:58
[GLOBAL] [####------------------------] done=608/3505 (17.35%) covered=608 layouts=608 running=14/14 remaining=2897 elapsed=00:13:30 rate=11.04 sig/min ETA=04:22:31
[COVERAGE] selected_mass(global)=47.579% covered_mass(global contribution)=18.241%
[LONGEST] id=18440 rank=575 left=4,2,1,2,3,2,3 elapsed=00:00:47
[RETURN id=18758 rank=00603] left=4,2,3,3,2,2,1 status=QUOTA_REACHED layouts=1/1 complete=True time=00:00:08
[RETURN id=18440 rank=00575] left=4,2,1,2,3,2,3 status=TIMEOUT layouts=0/1 complete=False time=00:01:00
[RETURN id=18464 rank=00577] left=4,2,1,3,2,2,3 status=TIMEOUT layouts=0/1 complete=False time=00:01:00
[RETURN id=18728 rank=00596] left=4,2,3,2,1,3,2 status=QUOTA_REACHED layouts=1/1 complete=True time=00:00:28
[RETURN id=18596 rank=00585] left=4,2,2,2,3,3,1 status=QUOTA_REACHED layouts=1/1 complete=True time=00:00:39
[RETURN id=18566 rank=00582] left=4,2,2,1,3,3,2 status=TIMEOUT layouts=0/1 complete=False time=00:01:00
[GLOBAL] [####------------------------] done=611/3505 (17.43%) covered=611 layouts=611 running=14/14 remaining=2894 elapsed=00:14:00 rate=10.86 sig/min ETA=04:26:36
[COVERAGE] selected_mass(global)=47.579% covered_mass(global contribution)=18.406%
[LONGEST] id=18594 rank=584 left=4,2,2,2,3,1,3 elapsed=00:00:59
[RETURN id=18594 rank=00584] left=4,2,2,2,3,1,3 status=TIMEOUT layouts=0/1 complete=False time=00:01:00
[RETURN id=19300 rank=00609] left=4,3,2,1,2,3,2 status=QUOTA_REACHED layouts=1/1 complete=True time=00:00:43
[RETURN id=19332 rank=00615] left=4,3,2,2,3,1,2 status=QUOTA_REACHED layouts=1/1 complete=True time=00:00:31
[RETURN id=18622 rank=00590] left=4,2,2,3,3,1,2 status=TIMEOUT layouts=0/1 complete=False time=00:01:00
[RETURN id=18704 rank=00592] left=4,2,3,1,2,2,3 status=TIMEOUT layouts=0/1 complete=False time=00:01:00
[RETURN id=18710 rank=00594] left=4,2,3,1,3,2,2 status=TIMEOUT layouts=0/1 complete=False time=00:01:00
[RETURN id=18738 rank=00600] left=4,2,3,2,3,2,1 status=TIMEOUT layouts=0/1 complete=False time=00:01:00
[RETURN id=18732 rank=00597] left=4,2,3,2,2,1,3 status=TIMEOUT layouts=0/1 complete=False time=00:01:00
[RETURN id=04620 rank=00624] left=1,1,2,3,3,3,4 status=QUOTA_REACHED layouts=1/1 complete=True time=00:00:23
[RETURN id=04742 rank=00633] left=1,1,3,3,3,2,4 status=QUOTA_REACHED layouts=1/1 complete=True time=00:00:08
[RETURN id=19322 rank=00611] left=4,3,2,2,1,2,3 status=QUOTA_REACHED layouts=1/1 complete=True time=00:00:52
[RETURN id=19190 rank=00606] left=4,3,1,2,3,2,2 status=TIMEOUT layouts=0/1 complete=False time=00:01:00
[RETURN id=19352 rank=00618] left=4,3,2,3,2,1,2 status=QUOTA_REACHED layouts=1/1 complete=True time=00:00:36
[GLOBAL] [####------------------------] done=617/3505 (17.60%) covered=617 layouts=617 running=14/14 remaining=2888 elapsed=00:14:30 rate=10.89 sig/min ETA=04:25:05
[COVERAGE] selected_mass(global)=47.579% covered_mass(global contribution)=18.682%
[LONGEST] id=19348 rank=617 left=4,3,2,3,1,2,2 elapsed=00:00:42
[RETURN id=04766 rank=00637] left=1,1,3,4,2,3,3 status=QUOTA_REACHED layouts=1/1 complete=True time=00:00:08
[RETURN id=04772 rank=00639] left=1,1,3,4,3,3,2 status=QUOTA_REACHED layouts=1/1 complete=True time=00:00:10
[RETURN id=05240 rank=00647] left=1,2,1,4,3,3,3 status=QUOTA_REACHED layouts=1/1 complete=True time=00:00:20
[RETURN id=19348 rank=00617] left=4,3,2,3,1,2,2 status=QUOTA_REACHED layouts=1/1 complete=True time=00:01:00
[RETURN id=04886 rank=00642] left=1,1,4,3,3,2,3 status=QUOTA_REACHED layouts=1/1 complete=True time=00:00:24
[RETURN id=04738 rank=00631] left=1,1,3,3,2,3,4 status=QUOTA_REACHED layouts=1/1 complete=True time=00:00:35
[RETURN id=19446 rank=00621] left=4,3,3,2,1,2,2 status=TIMEOUT layouts=0/1 complete=False time=00:01:00
[RETURN id=19450 rank=00622] left=4,3,3,2,2,1,2 status=TIMEOUT layouts=0/1 complete=False time=00:01:00
[RETURN id=04718 rank=00628] left=1,1,3,2,3,3,4 status=QUOTA_REACHED layouts=1/1 complete=True time=00:00:46
[RETURN id=05362 rank=00652] left=1,2,2,4,2,4,2 status=QUOTA_REACHED layouts=1/1 complete=True time=00:00:10
[GLOBAL] [####------------------------] done=625/3505 (17.83%) covered=625 layouts=625 running=14/14 remaining=2880 elapsed=00:15:00 rate=11.07 sig/min ETA=04:20:17
[COVERAGE] selected_mass(global)=47.579% covered_mass(global contribution)=18.929%
[LONGEST] id=4744 rank=634 left=1,1,3,3,3,4,2 elapsed=00:00:40
[RETURN id=05360 rank=00651] left=1,2,2,4,2,2,4 status=QUOTA_REACHED layouts=1/1 complete=True time=00:00:36
[RETURN id=04744 rank=00634] left=1,1,3,3,3,4,2 status=QUOTA_REACHED layouts=1/1 complete=True time=00:00:52
[RETURN id=04858 rank=00640] left=1,1,4,2,3,3,3 status=QUOTA_REACHED layouts=1/1 complete=True time=00:00:46
[RETURN id=05472 rank=00658] left=1,2,3,3,1,4,3 status=QUOTA_REACHED layouts=1/1 complete=True time=00:00:24
[RETURN id=04748 rank=00635] left=1,1,3,3,4,2,3 status=TIMEOUT layouts=0/1 complete=False time=00:01:00
[RETURN id=05216 rank=00645] left=1,2,1,3,3,4,3 status=TIMEOUT layouts=0/1 complete=False time=00:01:00
[RETURN id=05220 rank=00646] left=1,2,1,3,4,3,3 status=TIMEOUT layouts=0/1 complete=False time=00:01:00
[RETURN id=05602 rank=00668] left=1,2,4,2,2,4,2 status=QUOTA_REACHED layouts=1/1 complete=True time=00:00:12
[GLOBAL] [#####-----------------------] done=630/3505 (17.97%) covered=630 layouts=630 running=14/14 remaining=2875 elapsed=00:15:30 rate=11.03 sig/min ETA=04:20:38
[COVERAGE] selected_mass(global)=47.579% covered_mass(global contribution)=19.067%
[LONGEST] id=5310 rank=648 left=1,2,2,2,2,4,4 elapsed=00:00:57
[RETURN id=05310 rank=00648] left=1,2,2,2,2,4,4 status=TIMEOUT layouts=0/1 complete=False time=00:01:00
[RETURN id=05480 rank=00659] left=1,2,3,3,3,1,4 status=QUOTA_REACHED layouts=1/1 complete=True time=00:00:44
[RETURN id=05988 rank=00677] left=1,3,1,3,2,3,4 status=QUOTA_REACHED layouts=1/1 complete=True time=00:00:10
[RETURN id=05510 rank=00664] left=1,2,3,4,3,1,3 status=QUOTA_REACHED layouts=1/1 complete=True time=00:00:41
[RETURN id=06016 rank=00683] left=1,3,1,4,2,3,3 status=QUOTA_REACHED layouts=1/1 complete=True time=00:00:05
[RETURN id=05488 rank=00662] left=1,2,3,3,4,3,1 status=QUOTA_REACHED layouts=1/1 complete=True time=00:00:47
[RETURN id=05994 rank=00680] left=1,3,1,3,3,4,2 status=QUOTA_REACHED layouts=1/1 complete=True time=00:00:19
[RETURN id=05372 rank=00653] left=1,2,2,4,4,2,2 status=TIMEOUT layouts=0/1 complete=False time=00:01:00
[RETURN id=05998 rank=00681] left=1,3,1,3,4,2,3 status=QUOTA_REACHED layouts=1/1 complete=True time=00:00:17
[RETURN id=05428 rank=00654] left=1,2,3,1,3,3,4 status=TIMEOUT layouts=0/1 complete=False time=00:01:00
[RETURN id=05612 rank=00669] left=1,2,4,2,4,2,2 status=QUOTA_REACHED layouts=1/1 complete=True time=00:00:33
[RETURN id=05486 rank=00661] left=1,2,3,3,4,1,3 status=TIMEOUT layouts=0/1 complete=False time=00:01:00
[GLOBAL] [#####-----------------------] done=638/3505 (18.20%) covered=638 layouts=638 running=14/14 remaining=2867 elapsed=00:16:00 rate=11.19 sig/min ETA=04:16:18
[COVERAGE] selected_mass(global)=47.579% covered_mass(global contribution)=19.288%
[LONGEST] id=5512 rank=665 left=1,2,3,4,3,3,1 elapsed=00:00:49
[RETURN id=06126 rank=00689] left=1,3,2,3,1,3,4 status=QUOTA_REACHED layouts=1/1 complete=True time=00:00:14
[RETURN id=06084 rank=00687] left=1,3,2,1,3,4,3 status=QUOTA_REACHED layouts=1/1 complete=True time=00:00:23
[RETURN id=06252 rank=00705] left=1,3,3,2,1,4,3 status=QUOTA_REACHED layouts=1/1 complete=True time=00:00:08
[RETURN id=06022 rank=00685] left=1,3,1,4,3,3,2 status=QUOTA_REACHED layouts=1/1 complete=True time=00:00:30
[RETURN id=05512 rank=00665] left=1,2,3,4,3,3,1 status=TIMEOUT layouts=0/1 complete=False time=00:01:00
[RETURN id=05578 rank=00666] left=1,2,4,1,3,3,3 status=TIMEOUT layouts=0/1 complete=False time=00:01:00
[RETURN id=05600 rank=00667] left=1,2,4,2,2,2,4 status=TIMEOUT layouts=0/1 complete=False time=00:01:00
[RETURN id=06088 rank=00688] left=1,3,2,1,4,3,3 status=QUOTA_REACHED layouts=1/1 complete=True time=00:00:34
[RETURN id=06308 rank=00716] left=1,3,3,4,1,2,3 status=QUOTA_REACHED layouts=1/1 complete=True time=00:00:13
[RETURN id=05968 rank=00674] left=1,3,1,2,3,3,4 status=TIMEOUT layouts=0/1 complete=False time=00:01:00
[GLOBAL] [#####-----------------------] done=644/3505 (18.37%) covered=644 layouts=644 running=14/14 remaining=2861 elapsed=00:16:30 rate=11.21 sig/min ETA=04:15:12
[COVERAGE] selected_mass(global)=47.579% covered_mass(global contribution)=19.453%
[LONGEST] id=6138 rank=692 left=1,3,2,3,3,4,1 elapsed=00:00:41
[RETURN id=06386 rank=00723] left=1,3,4,1,3,2,3 status=QUOTA_REACHED layouts=1/1 complete=True time=00:00:22
[RETURN id=06434 rank=00729] left=1,3,4,3,1,3,2 status=QUOTA_REACHED layouts=1/1 complete=True time=00:00:16
[RETURN id=06138 rank=00692] left=1,3,2,3,3,4,1 status=QUOTA_REACHED layouts=1/1 complete=True time=00:00:55
[RETURN id=06228 rank=00698] left=1,3,3,1,2,3,4 status=QUOTA_REACHED layouts=1/1 complete=True time=00:00:55
[RETURN id=06266 rank=00708] left=1,3,3,2,4,1,3 status=QUOTA_REACHED layouts=1/1 complete=True time=00:00:45
[RETURN id=06238 rank=00702] left=1,3,3,1,4,2,3 status=QUOTA_REACHED layouts=1/1 complete=True time=00:00:52
[RETURN id=06232 rank=00700] left=1,3,3,1,3,2,4 status=TIMEOUT layouts=0/1 complete=False time=00:01:00
[RETURN id=06234 rank=00701] left=1,3,3,1,3,4,2 status=TIMEOUT layouts=0/1 complete=False time=00:01:00
[GLOBAL] [#####-----------------------] done=650/3505 (18.54%) covered=650 layouts=650 running=14/14 remaining=2855 elapsed=00:17:00 rate=11.23 sig/min ETA=04:14:09
[COVERAGE] selected_mass(global)=47.579% covered_mass(global contribution)=19.618%
[LONGEST] id=6260 rank=706 left=1,3,3,2,3,1,4 elapsed=00:00:59
[RETURN id=06260 rank=00706] left=1,3,3,2,3,1,4 status=TIMEOUT layouts=0/1 complete=False time=00:01:00
[RETURN id=06956 rank=00742] left=1,4,2,3,1,3,3 status=QUOTA_REACHED layouts=1/1 complete=True time=00:00:12
[RETURN id=06268 rank=00709] left=1,3,3,2,4,3,1 status=TIMEOUT layouts=0/1 complete=False time=00:01:00
[RETURN id=06296 rank=00715] left=1,3,3,3,4,2,1 status=QUOTA_REACHED layouts=1/1 complete=True time=00:00:58
[RETURN id=06284 rank=00712] left=1,3,3,3,2,1,4 status=TIMEOUT layouts=0/1 complete=False time=00:01:00
[RETURN id=06318 rank=00720] left=1,3,3,4,3,1,2 status=TIMEOUT layouts=0/1 complete=False time=00:01:00
[RETURN id=07062 rank=00747] left=1,4,3,1,3,2,3 status=QUOTA_REACHED layouts=1/1 complete=True time=00:00:18
[RETURN id=07110 rank=00753] left=1,4,3,3,1,3,2 status=QUOTA_REACHED layouts=1/1 complete=True time=00:00:20
[GLOBAL] [#####-----------------------] done=654/3505 (18.66%) covered=654 layouts=654 running=14/14 remaining=2851 elapsed=00:17:30 rate=11.14 sig/min ETA=04:15:54
[COVERAGE] selected_mass(global)=47.579% covered_mass(global contribution)=19.728%
[LONGEST] id=6438 rank=730 left=1,3,4,3,2,1,3 elapsed=00:01:01
[RETURN id=06438 rank=00730] left=1,3,4,3,2,1,3 status=TIMEOUT layouts=0/1 complete=False time=00:01:00
[RETURN id=06968 rank=00744] left=1,4,2,3,3,3,1 status=QUOTA_REACHED layouts=1/1 complete=True time=00:00:40
[RETURN id=07230 rank=00758] left=1,4,4,2,2,2,2 status=QUOTA_REACHED layouts=1/1 complete=True time=00:00:22
[RETURN id=06440 rank=00731] left=1,3,4,3,2,3,1 status=TIMEOUT layouts=0/1 complete=False time=00:01:00
[RETURN id=06444 rank=00733] left=1,3,4,3,3,2,1 status=TIMEOUT layouts=0/1 complete=False time=00:01:00
[RETURN id=06784 rank=00734] left=1,4,1,2,3,3,3 status=TIMEOUT layouts=0/1 complete=False time=00:01:00
[RETURN id=06990 rank=00745] left=1,4,2,4,2,2,2 status=QUOTA_REACHED layouts=1/1 complete=True time=00:00:51
[RETURN id=06812 rank=00736] left=1,4,1,3,3,2,3 status=TIMEOUT layouts=0/1 complete=False time=00:01:00
[RETURN id=06966 rank=00743] left=1,4,2,3,3,1,3 status=TIMEOUT layouts=0/1 complete=False time=00:01:00
[RETURN id=09340 rank=00788] left=2,1,4,4,2,2,2 status=QUOTA_REACHED layouts=1/1 complete=True time=00:00:11
[RETURN id=09000 rank=00765] left=2,1,2,2,4,4,2 status=QUOTA_REACHED layouts=1/1 complete=True time=00:00:31
[RETURN id=09316 rank=00786] left=2,1,4,3,3,1,3 status=QUOTA_REACHED layouts=1/1 complete=True time=00:00:20
[RETURN id=07116 rank=00755] left=1,4,3,3,2,3,1 status=QUOTA_REACHED layouts=1/1 complete=True time=00:00:47
[RETURN id=09164 rank=00775] left=2,1,3,3,3,4,1 status=QUOTA_REACHED layouts=1/1 complete=True time=00:00:24
[RETURN id=08998 rank=00764] left=2,1,2,2,4,2,4 status=QUOTA_REACHED layouts=1/1 complete=True time=00:00:39
[GLOBAL] [#####-----------------------] done=663/3505 (18.92%) covered=663 layouts=663 running=14/14 remaining=2842 elapsed=00:18:00 rate=11.33 sig/min ETA=04:10:48
[COVERAGE] selected_mass(global)=47.579% covered_mass(global contribution)=19.976%
[LONGEST] id=7114 rank=754 left=1,4,3,3,2,1,3 elapsed=00:00:50
[RETURN id=09110 rank=00770] left=2,1,3,1,3,4,3 status=QUOTA_REACHED layouts=1/1 complete=True time=00:00:34
[RETURN id=07114 rank=00754] left=1,4,3,3,2,1,3 status=TIMEOUT layouts=0/1 complete=False time=00:01:00
[RETURN id=09840 rank=00803] left=2,2,2,4,2,1,4 status=QUOTA_REACHED layouts=1/1 complete=True time=00:00:20
[RETURN id=08896 rank=00759] left=2,1,1,3,3,3,4 status=TIMEOUT layouts=0/1 complete=False time=00:01:00
[RETURN id=09708 rank=00794] left=2,2,1,4,4,2,2 status=QUOTA_REACHED layouts=1/1 complete=True time=00:00:36
[RETURN id=09646 rank=00789] left=2,2,1,2,2,4,4 status=QUOTA_REACHED layouts=1/1 complete=True time=00:00:43
[GLOBAL] [#####-----------------------] done=667/3505 (19.03%) covered=667 layouts=667 running=14/14 remaining=2838 elapsed=00:18:30 rate=11.24 sig/min ETA=04:12:27
[COVERAGE] selected_mass(global)=47.579% covered_mass(global contribution)=20.086%
[LONGEST] id=9696 rank=792 left=2,2,1,4,2,2,4 elapsed=00:00:44
[RETURN id=09768 rank=00796] left=2,2,2,1,4,2,4 status=QUOTA_REACHED layouts=1/1 complete=True time=00:00:37
[RETURN id=09852 rank=00806] left=2,2,2,4,4,2,1 status=QUOTA_REACHED layouts=1/1 complete=True time=00:00:36
[RETURN id=09696 rank=00792] left=2,2,1,4,2,2,4 status=TIMEOUT layouts=0/1 complete=False time=00:01:00
[RETURN id=09698 rank=00793] left=2,2,1,4,2,4,2 status=TIMEOUT layouts=0/1 complete=False time=00:01:00
[RETURN id=10512 rank=00828] left=2,3,1,4,1,3,3 status=QUOTA_REACHED layouts=1/1 complete=True time=00:00:13
[RETURN id=09770 rank=00797] left=2,2,2,1,4,4,2 status=TIMEOUT layouts=0/1 complete=False time=00:01:00
[RETURN id=09796 rank=00800] left=2,2,2,2,4,4,1 status=TIMEOUT layouts=0/1 complete=False time=00:01:00
[RETURN id=10090 rank=00812] left=2,2,4,2,2,1,4 status=TIMEOUT layouts=0/1 complete=False time=00:01:00
[GLOBAL] [#####-----------------------] done=670/3505 (19.12%) covered=670 layouts=670 running=14/14 remaining=2835 elapsed=00:19:00 rate=11.10 sig/min ETA=04:15:19
[COVERAGE] selected_mass(global)=47.579% covered_mass(global contribution)=20.169%
[LONGEST] id=10102 rank=815 left=2,2,4,2,4,2,1 elapsed=00:01:00
[RETURN id=10102 rank=00815] left=2,2,4,2,4,2,1 status=TIMEOUT layouts=0/1 complete=False time=00:01:00
[RETURN id=10140 rank=00816] left=2,2,4,4,1,2,2 status=TIMEOUT layouts=0/1 complete=False time=00:01:00
[RETURN id=10144 rank=00817] left=2,2,4,4,2,1,2 status=TIMEOUT layouts=0/1 complete=False time=00:01:00
[RETURN id=10524 rank=00830] left=2,3,1,4,3,3,1 status=QUOTA_REACHED layouts=1/1 complete=True time=00:00:25
[RETURN id=10440 rank=00819] left=2,3,1,1,3,3,4 status=TIMEOUT layouts=0/1 complete=False time=00:01:00
[RETURN id=10484 rank=00823] left=2,3,1,3,1,4,3 status=TIMEOUT layouts=0/1 complete=False time=00:01:00
[RETURN id=10492 rank=00824] left=2,3,1,3,3,1,4 status=TIMEOUT layouts=0/1 complete=False time=00:01:00
[RETURN id=10498 rank=00826] left=2,3,1,3,4,1,3 status=TIMEOUT layouts=0/1 complete=False time=00:01:00
[GLOBAL] [#####-----------------------] done=671/3505 (19.14%) covered=671 layouts=671 running=14/14 remaining=2834 elapsed=00:19:30 rate=10.87 sig/min ETA=04:20:42
[COVERAGE] selected_mass(global)=47.579% covered_mass(global contribution)=20.197%
[LONGEST] id=10500 rank=827 left=2,3,1,3,4,3,1 elapsed=00:00:59
[RETURN id=10500 rank=00827] left=2,3,1,3,4,3,1 status=TIMEOUT layouts=0/1 complete=False time=00:01:00
[RETURN id=10930 rank=00846] left=2,3,4,3,1,1,3 status=QUOTA_REACHED layouts=1/1 complete=True time=00:00:19
[RETURN id=10804 rank=00839] left=2,3,3,3,4,1,1 status=QUOTA_REACHED layouts=1/1 complete=True time=00:00:33
[RETURN id=10522 rank=00829] left=2,3,1,4,3,1,3 status=TIMEOUT layouts=0/1 complete=False time=00:01:00
[RETURN id=10734 rank=00832] left=2,3,3,1,1,4,3 status=TIMEOUT layouts=0/1 complete=False time=00:01:00
[RETURN id=10742 rank=00833] left=2,3,3,1,3,1,4 status=TIMEOUT layouts=0/1 complete=False time=00:01:00
[RETURN id=10748 rank=00835] left=2,3,3,1,4,1,3 status=TIMEOUT layouts=0/1 complete=False time=00:01:00
[RETURN id=10750 rank=00836] left=2,3,3,1,4,3,1 status=TIMEOUT layouts=0/1 complete=False time=00:01:00
[GLOBAL] [#####-----------------------] done=673/3505 (19.20%) covered=673 layouts=673 running=14/14 remaining=2832 elapsed=00:20:00 rate=10.70 sig/min ETA=04:24:42
[COVERAGE] selected_mass(global)=47.579% covered_mass(global contribution)=20.252%
[LONGEST] id=10792 rank=838 left=2,3,3,3,1,4,1 elapsed=00:01:00
[RETURN id=10792 rank=00838] left=2,3,3,3,1,4,1 status=TIMEOUT layouts=0/1 complete=False time=00:01:00
[RETURN id=10824 rank=00842] left=2,3,3,4,3,1,1 status=QUOTA_REACHED layouts=1/1 complete=True time=00:00:56
[RETURN id=10932 rank=00847] left=2,3,4,3,1,3,1 status=TIMEOUT layouts=0/1 complete=False time=00:01:00
[RETURN id=11292 rank=00853] left=2,4,1,3,1,3,3 status=TIMEOUT layouts=0/1 complete=False time=00:01:00
[RETURN id=11302 rank=00854] left=2,4,1,3,3,1,3 status=TIMEOUT layouts=0/1 complete=False time=00:01:00
[GLOBAL] [#####-----------------------] done=674/3505 (19.23%) covered=674 layouts=674 running=14/14 remaining=2831 elapsed=00:20:30 rate=10.49 sig/min ETA=04:29:58
[COVERAGE] selected_mass(global)=47.579% covered_mass(global contribution)=20.279%
[LONGEST] id=11326 rank=856 left=2,4,1,4,2,2,2 elapsed=00:01:00
[RETURN id=11326 rank=00856] left=2,4,1,4,2,2,2 status=TIMEOUT layouts=0/1 complete=False time=00:01:00
[RETURN id=11392 rank=00857] left=2,4,2,1,2,2,4 status=TIMEOUT layouts=0/1 complete=False time=00:01:00
[RETURN id=11394 rank=00858] left=2,4,2,1,2,4,2 status=TIMEOUT layouts=0/1 complete=False time=00:01:00
[RETURN id=11404 rank=00859] left=2,4,2,1,4,2,2 status=TIMEOUT layouts=0/1 complete=False time=00:01:00
[RETURN id=11476 rank=00868] left=2,4,2,4,2,2,1 status=QUOTA_REACHED layouts=1/1 complete=True time=00:00:41
[RETURN id=11684 rank=00876] left=2,4,4,2,1,2,2 status=QUOTA_REACHED layouts=1/1 complete=True time=00:00:10
[RETURN id=11416 rank=00860] left=2,4,2,2,1,2,4 status=TIMEOUT layouts=0/1 complete=False time=00:01:00
[RETURN id=11418 rank=00861] left=2,4,2,2,1,4,2 status=TIMEOUT layouts=0/1 complete=False time=00:01:00
[RETURN id=11424 rank=00863] left=2,4,2,2,2,4,1 status=TIMEOUT layouts=0/1 complete=False time=00:01:00
[RETURN id=11432 rank=00864] left=2,4,2,2,4,1,2 status=TIMEOUT layouts=0/1 complete=False time=00:01:00
[RETURN id=13356 rank=00885] left=3,1,1,3,3,4,2 status=QUOTA_REACHED layouts=1/1 complete=True time=00:00:18
[GLOBAL] [#####-----------------------] done=677/3505 (19.32%) covered=677 layouts=677 running=14/14 remaining=2828 elapsed=00:21:00 rate=10.38 sig/min ETA=04:32:27
[COVERAGE] selected_mass(global)=47.579% covered_mass(global contribution)=20.362%
[LONGEST] id=11532 rank=869 left=2,4,3,1,1,3,3 elapsed=00:00:58
[RETURN id=11532 rank=00869] left=2,4,3,1,1,3,3 status=TIMEOUT layouts=0/1 complete=False time=00:01:00
[RETURN id=11664 rank=00875] left=2,4,4,1,2,2,2 status=QUOTA_REACHED layouts=1/1 complete=True time=00:00:41
[RETURN id=11542 rank=00870] left=2,4,3,1,3,1,3 status=TIMEOUT layouts=0/1 complete=False time=00:01:00
[RETURN id=13360 rank=00886] left=3,1,1,3,4,2,3 status=QUOTA_REACHED layouts=1/1 complete=True time=00:00:28
[RETURN id=13330 rank=00879] left=3,1,1,2,3,3,4 status=QUOTA_REACHED layouts=1/1 complete=True time=00:00:38
[RETURN id=13450 rank=00893] left=3,1,2,1,4,3,3 status=QUOTA_REACHED layouts=1/1 complete=True time=00:00:16
[RETURN id=11544 rank=00871] left=2,4,3,1,3,3,1 status=TIMEOUT layouts=0/1 complete=False time=00:01:00
[RETURN id=11594 rank=00874] left=2,4,3,3,3,1,1 status=TIMEOUT layouts=0/1 complete=False time=00:01:00
[RETURN id=13354 rank=00884] left=3,1,1,3,3,2,4 status=QUOTA_REACHED layouts=1/1 complete=True time=00:00:43
[GLOBAL] [#####-----------------------] done=682/3505 (19.46%) covered=682 layouts=682 running=14/14 remaining=2823 elapsed=00:21:30 rate=10.37 sig/min ETA=04:32:12
[COVERAGE] selected_mass(global)=47.579% covered_mass(global contribution)=20.500%
[LONGEST] id=13350 rank=882 left=3,1,1,3,2,3,4 elapsed=00:00:56
[RETURN id=13594 rank=00905] left=3,1,3,1,3,2,4 status=QUOTA_REACHED layouts=1/1 complete=True time=00:00:31
[RETURN id=13350 rank=00882] left=3,1,1,3,2,3,4 status=TIMEOUT layouts=0/1 complete=False time=00:01:00
[RETURN id=13748 rank=00928] left=3,1,4,1,3,2,3 status=QUOTA_REACHED layouts=1/1 complete=True time=00:00:11
[RETURN id=13630 rank=00914] left=3,1,3,2,4,3,1 status=QUOTA_REACHED layouts=1/1 complete=True time=00:00:35
[RETURN id=13384 rank=00890] left=3,1,1,4,3,3,2 status=TIMEOUT layouts=0/1 complete=False time=00:01:00
[RETURN id=13446 rank=00892] left=3,1,2,1,3,4,3 status=TIMEOUT layouts=0/1 complete=False time=00:01:00
[RETURN id=13488 rank=00894] left=3,1,2,3,1,3,4 status=QUOTA_REACHED layouts=1/1 complete=True time=00:00:54
[RETURN id=13802 rank=00936] left=3,1,4,3,2,3,1 status=QUOTA_REACHED layouts=1/1 complete=True time=00:00:11
[GLOBAL] [#####-----------------------] done=687/3505 (19.60%) covered=687 layouts=687 running=14/14 remaining=2818 elapsed=00:22:00 rate=10.36 sig/min ETA=04:31:56
[COVERAGE] selected_mass(global)=47.579% covered_mass(global contribution)=20.637%
[LONGEST] id=13590 rank=903 left=3,1,3,1,2,3,4 elapsed=00:01:00
[RETURN id=13590 rank=00903] left=3,1,3,1,2,3,4 status=TIMEOUT layouts=0/1 complete=False time=00:01:00
[RETURN id=13622 rank=00911] left=3,1,3,2,3,1,4 status=QUOTA_REACHED layouts=1/1 complete=True time=00:00:56
[RETURN id=13596 rank=00906] left=3,1,3,1,3,4,2 status=TIMEOUT layouts=0/1 complete=False time=00:01:00
[RETURN id=13600 rank=00907] left=3,1,3,1,4,2,3 status=TIMEOUT layouts=0/1 complete=False time=00:01:00
[RETURN id=13628 rank=00913] left=3,1,3,2,4,1,3 status=TIMEOUT layouts=0/1 complete=False time=00:01:00
[RETURN id=14470 rank=00957] left=3,2,3,3,1,1,4 status=QUOTA_REACHED layouts=1/1 complete=True time=00:00:13
[RETURN id=13658 rank=00920] left=3,1,3,3,4,2,1 status=TIMEOUT layouts=0/1 complete=False time=00:01:00
[RETURN id=13670 rank=00921] left=3,1,3,4,1,2,3 status=TIMEOUT layouts=0/1 complete=False time=00:01:00
[RETURN id=13680 rank=00925] left=3,1,3,4,3,1,2 status=TIMEOUT layouts=0/1 complete=False time=00:01:00
[RETURN id=14176 rank=00945] left=3,2,1,3,3,4,1 status=QUOTA_REACHED layouts=1/1 complete=True time=00:00:35
[GLOBAL] [#####-----------------------] done=690/3505 (19.69%) covered=690 layouts=690 running=14/14 remaining=2815 elapsed=00:22:30 rate=10.27 sig/min ETA=04:34:13
[COVERAGE] selected_mass(global)=47.579% covered_mass(global contribution)=20.720%
[LONGEST] id=13800 rank=935 left=3,1,4,3,2,1,3 elapsed=00:00:55
[RETURN id=13800 rank=00935] left=3,1,4,3,2,1,3 status=TIMEOUT layouts=0/1 complete=False time=00:01:00
[RETURN id=14496 rank=00960] left=3,2,3,4,1,1,3 status=QUOTA_REACHED layouts=1/1 complete=True time=00:00:39
[RETURN id=14122 rank=00940] left=3,2,1,1,3,4,3 status=TIMEOUT layouts=0/1 complete=False time=00:01:00
[RETURN id=14126 rank=00941] left=3,2,1,1,4,3,3 status=TIMEOUT layouts=0/1 complete=False time=00:01:00
[RETURN id=14164 rank=00942] left=3,2,1,3,1,3,4 status=TIMEOUT layouts=0/1 complete=False time=00:01:00
[RETURN id=14414 rank=00951] left=3,2,3,1,1,3,4 status=QUOTA_REACHED layouts=1/1 complete=True time=00:00:54
[RETURN id=14944 rank=00975] left=3,3,1,2,1,3,4 status=QUOTA_REACHED layouts=1/1 complete=True time=00:00:28
[GLOBAL] [#####-----------------------] done=693/3505 (19.77%) covered=693 layouts=693 running=14/14 remaining=2812 elapsed=00:23:00 rate=10.17 sig/min ETA=04:36:25
[COVERAGE] selected_mass(global)=47.579% covered_mass(global contribution)=20.803%
[LONGEST] id=14498 rank=961 left=3,2,3,4,1,3,1 elapsed=00:00:50
[RETURN id=15002 rank=00988] left=3,3,1,4,1,3,2 status=QUOTA_REACHED layouts=1/1 complete=True time=00:00:09
[RETURN id=14498 rank=00961] left=3,2,3,4,1,3,1 status=QUOTA_REACHED layouts=1/1 complete=True time=00:01:00
[RETURN id=14568 rank=00964] left=3,2,4,1,3,1,3 status=TIMEOUT layouts=0/1 complete=False time=00:01:00
[RETURN id=14570 rank=00965] left=3,2,4,1,3,3,1 status=TIMEOUT layouts=0/1 complete=False time=00:01:00
[RETURN id=14620 rank=00968] left=3,2,4,3,3,1,1 status=TIMEOUT layouts=0/1 complete=False time=00:01:00
[RETURN id=14988 rank=00985] left=3,3,1,3,4,1,2 status=QUOTA_REACHED layouts=1/1 complete=True time=00:00:24
[RETURN id=14922 rank=00970] left=3,3,1,1,2,4,3 status=TIMEOUT layouts=0/1 complete=False time=00:01:00
[RETURN id=14974 rank=00982] left=3,3,1,3,1,4,2 status=QUOTA_REACHED layouts=1/1 complete=True time=00:00:34
[RETURN id=14932 rank=00974] left=3,3,1,1,4,3,2 status=TIMEOUT layouts=0/1 complete=False time=00:01:00
[RETURN id=14980 rank=00984] left=3,3,1,3,2,4,1 status=QUOTA_REACHED layouts=1/1 complete=True time=00:00:35
[RETURN id=15128 rank=01000] left=3,3,2,3,1,4,1 status=QUOTA_REACHED layouts=1/1 complete=True time=00:00:10
[RETURN id=14956 rank=00978] left=3,3,1,2,3,4,1 status=TIMEOUT layouts=0/1 complete=False time=00:01:00
[GLOBAL] [#####-----------------------] done=699/3505 (19.94%) covered=699 layouts=699 running=14/14 remaining=2806 elapsed=00:23:30 rate=10.21 sig/min ETA=04:34:47
[COVERAGE] selected_mass(global)=47.579% covered_mass(global contribution)=20.968%
[LONGEST] id=14972 rank=981 left=3,3,1,3,1,2,4 elapsed=00:00:53
[RETURN id=14972 rank=00981] left=3,3,1,3,1,2,4 status=TIMEOUT layouts=0/1 complete=False time=00:01:00
[RETURN id=15008 rank=00990] left=3,3,1,4,2,3,1 status=QUOTA_REACHED layouts=1/1 complete=True time=00:00:42
[RETURN id=15078 rank=00995] left=3,3,2,1,3,1,4 status=QUOTA_REACHED layouts=1/1 complete=True time=00:00:41
[RETURN id=15006 rank=00989] left=3,3,1,4,2,1,3 status=TIMEOUT layouts=0/1 complete=False time=00:01:00
[RETURN id=15086 rank=00998] left=3,3,2,1,4,3,1 status=QUOTA_REACHED layouts=1/1 complete=True time=00:00:43
[GLOBAL] [#####-----------------------] done=702/3505 (20.03%) covered=702 layouts=702 running=14/14 remaining=2803 elapsed=00:24:00 rate=10.12 sig/min ETA=04:36:52
[COVERAGE] selected_mass(global)=47.579% covered_mass(global contribution)=21.051%
[LONGEST] id=15012 rank=992 left=3,3,1,4,3,2,1 elapsed=00:01:00
[RETURN id=15012 rank=00992] left=3,3,1,4,3,2,1 status=TIMEOUT layouts=0/1 complete=False time=00:01:00
[RETURN id=15070 rank=00994] left=3,3,2,1,1,4,3 status=TIMEOUT layouts=0/1 complete=False time=00:01:00
[RETURN id=15340 rank=01018] left=3,3,4,1,1,3,2 status=QUOTA_REACHED layouts=1/1 complete=True time=00:00:20
[RETURN id=15084 rank=00997] left=3,3,2,1,4,1,3 status=TIMEOUT layouts=0/1 complete=False time=00:01:00
[RETURN id=15286 rank=01014] left=3,3,3,4,1,1,2 status=QUOTA_REACHED layouts=1/1 complete=True time=00:00:42
[RETURN id=15140 rank=01001] left=3,3,2,3,4,1,1 status=TIMEOUT layouts=0/1 complete=False time=00:01:00
[RETURN id=15160 rank=01004] left=3,3,2,4,3,1,1 status=TIMEOUT layouts=0/1 complete=False time=00:01:00
[RETURN id=15212 rank=01005] left=3,3,3,1,1,2,4 status=TIMEOUT layouts=0/1 complete=False time=00:01:00
[RETURN id=15214 rank=01006] left=3,3,3,1,1,4,2 status=TIMEOUT layouts=0/1 complete=False time=00:01:00
[RETURN id=15220 rank=01008] left=3,3,3,1,2,4,1 status=TIMEOUT layouts=0/1 complete=False time=00:01:00
[RETURN id=15240 rank=01011] left=3,3,3,2,1,1,4 status=TIMEOUT layouts=0/1 complete=False time=00:01:00
[RETURN id=15366 rank=01024] left=3,3,4,2,1,3,1 status=QUOTA_REACHED layouts=1/1 complete=True time=00:00:14
[GLOBAL] [#####-----------------------] done=705/3505 (20.11%) covered=705 layouts=705 running=14/14 remaining=2800 elapsed=00:24:30 rate=10.04 sig/min ETA=04:38:53
[COVERAGE] selected_mass(global)=47.579% covered_mass(global contribution)=21.133%
[LONGEST] id=15290 rank=1016 left=3,3,3,4,2,1,1 elapsed=00:00:52
[RETURN id=15290 rank=01016] left=3,3,3,4,2,1,1 status=QUOTA_REACHED layouts=1/1 complete=True time=00:00:58
[RETURN id=15384 rank=01026] left=3,3,4,3,1,1,2 status=QUOTA_REACHED layouts=1/1 complete=True time=00:00:29
[RETURN id=15726 rank=01037] left=3,4,1,3,2,1,3 status=QUOTA_REACHED layouts=1/1 complete=True time=00:00:24
[RETURN id=15728 rank=01038] left=3,4,1,3,2,3,1 status=QUOTA_REACHED layouts=1/1 complete=True time=00:00:31
[RETURN id=15344 rank=01019] left=3,3,4,1,2,1,3 status=TIMEOUT layouts=0/1 complete=False time=00:01:00
[RETURN id=15820 rank=01043] left=3,4,2,1,3,3,1 status=QUOTA_REACHED layouts=1/1 complete=True time=00:00:27
[RETURN id=15346 rank=01020] left=3,3,4,1,2,3,1 status=TIMEOUT layouts=0/1 complete=False time=00:01:00
[GLOBAL] [#####-----------------------] done=710/3505 (20.26%) covered=710 layouts=710 running=14/14 remaining=2795 elapsed=00:25:00 rate=10.04 sig/min ETA=04:38:25
[COVERAGE] selected_mass(global)=47.579% covered_mass(global contribution)=21.271%
[LONGEST] id=15350 rank=1022 left=3,3,4,1,3,2,1 elapsed=00:00:59
[RETURN id=15350 rank=01022] left=3,3,4,1,3,2,1 status=TIMEOUT layouts=0/1 complete=False time=00:01:00
[RETURN id=15732 rank=01040] left=3,4,1,3,3,2,1 status=QUOTA_REACHED layouts=1/1 complete=True time=00:00:45
[RETURN id=15364 rank=01023] left=3,3,4,2,1,1,3 status=TIMEOUT layouts=0/1 complete=False time=00:01:00
[RETURN id=17804 rank=01067] left=4,1,2,3,1,3,3 status=QUOTA_REACHED layouts=1/1 complete=True time=00:00:23
[RETURN id=15388 rank=01028] left=3,3,4,3,2,1,1 status=QUOTA_REACHED layouts=1/1 complete=True time=00:00:58
[RETURN id=15968 rank=01055] left=3,4,3,2,3,1,1 status=QUOTA_REACHED layouts=1/1 complete=True time=00:00:39
[RETURN id=17816 rank=01069] left=4,1,2,3,3,3,1 status=QUOTA_REACHED layouts=1/1 complete=True time=00:00:22
[RETURN id=15818 rank=01042] left=3,4,2,1,3,1,3 status=TIMEOUT layouts=0/1 complete=False time=00:01:00
[GLOBAL] [#####-----------------------] done=715/3505 (20.40%) covered=715 layouts=715 running=14/14 remaining=2790 elapsed=00:25:30 rate=10.04 sig/min ETA=04:37:56
[COVERAGE] selected_mass(global)=47.579% covered_mass(global contribution)=21.409%
[LONGEST] id=15870 rank=1046 left=3,4,2,3,3,1,1 elapsed=00:01:00
[RETURN id=15870 rank=01046] left=3,4,2,3,3,1,1 status=TIMEOUT layouts=0/1 complete=False time=00:01:00
[RETURN id=15934 rank=01047] left=3,4,3,1,1,2,3 status=TIMEOUT layouts=0/1 complete=False time=00:01:00
[RETURN id=17958 rank=01078] left=4,1,3,3,1,3,2 status=QUOTA_REACHED layouts=1/1 complete=True time=00:00:11
[RETURN id=18436 rank=01086] left=4,2,1,2,2,4,2 status=QUOTA_REACHED layouts=1/1 complete=True time=00:00:06
[RETURN id=18434 rank=01085] left=4,2,1,2,2,2,4 status=QUOTA_REACHED layouts=1/1 complete=True time=00:00:09
[RETURN id=15944 rank=01051] left=3,4,3,1,3,1,2 status=TIMEOUT layouts=0/1 complete=False time=00:01:00
[RETURN id=17910 rank=01072] left=4,1,3,1,3,2,3 status=QUOTA_REACHED layouts=1/1 complete=True time=00:00:24
[RETURN id=17962 rank=01079] left=4,1,3,3,2,1,3 status=QUOTA_REACHED layouts=1/1 complete=True time=00:00:26
[RETURN id=15980 rank=01057] left=3,4,3,3,1,2,1 status=TIMEOUT layouts=0/1 complete=False time=00:01:00
[RETURN id=17632 rank=01059] left=4,1,1,2,3,3,3 status=TIMEOUT layouts=0/1 complete=False time=00:01:00
[RETURN id=17660 rank=01061] left=4,1,1,3,3,2,3 status=TIMEOUT layouts=0/1 complete=False time=00:01:00
[RETURN id=18446 rank=01087] left=4,2,1,2,4,2,2 status=QUOTA_REACHED layouts=1/1 complete=True time=00:00:28
[GLOBAL] [#####-----------------------] done=721/3505 (20.57%) covered=721 layouts=721 running=14/14 remaining=2784 elapsed=00:26:00 rate=10.08 sig/min ETA=04:36:18
[COVERAGE] selected_mass(global)=47.579% covered_mass(global contribution)=21.574%
[LONGEST] id=17814 rank=1068 left=4,1,2,3,3,1,3 elapsed=00:01:00
[RETURN id=17814 rank=01068] left=4,1,2,3,3,1,3 status=TIMEOUT layouts=0/1 complete=False time=00:01:00
[RETURN id=17838 rank=01070] left=4,1,2,4,2,2,2 status=TIMEOUT layouts=0/1 complete=False time=00:01:00
[RETURN id=18078 rank=01083] left=4,1,4,2,2,2,2 status=QUOTA_REACHED layouts=1/1 complete=True time=00:00:49
[RETURN id=19304 rank=01127] left=4,3,2,1,3,1,3 status=QUOTA_REACHED layouts=1/1 complete=True time=00:00:26
[RETURN id=18752 rank=01107] left=4,2,3,3,1,1,3 status=QUOTA_REACHED layouts=1/1 complete=True time=00:00:44
[GLOBAL] [#####-----------------------] done=724/3505 (20.66%) covered=724 layouts=724 running=14/14 remaining=2781 elapsed=00:26:30 rate=10.00 sig/min ETA=04:38:07
[COVERAGE] selected_mass(global)=47.579% covered_mass(global contribution)=21.657%
[LONGEST] id=18588 rank=1097 left=4,2,2,2,2,1,4 elapsed=00:00:59
[RETURN id=18588 rank=01097] left=4,2,2,2,2,1,4 status=TIMEOUT layouts=0/1 complete=False time=00:01:00
[RETURN id=18600 rank=01100] left=4,2,2,2,4,2,1 status=TIMEOUT layouts=0/1 complete=False time=00:01:00
[RETURN id=18638 rank=01101] left=4,2,2,4,1,2,2 status=TIMEOUT layouts=0/1 complete=False time=00:01:00
[RETURN id=18642 rank=01102] left=4,2,2,4,2,1,2 status=TIMEOUT layouts=0/1 complete=False time=00:01:00
[RETURN id=19430 rank=01136] left=4,3,3,1,3,1,2 status=QUOTA_REACHED layouts=1/1 complete=True time=00:00:22
[RETURN id=19160 rank=01115] left=4,3,1,1,3,2,3 status=TIMEOUT layouts=0/1 complete=False time=00:01:00
[RETURN id=19420 rank=01132] left=4,3,3,1,1,2,3 status=QUOTA_REACHED layouts=1/1 complete=True time=00:00:33
[RETURN id=19466 rank=01142] left=4,3,3,3,1,2,1 status=QUOTA_REACHED layouts=1/1 complete=True time=00:00:23
[RETURN id=19208 rank=01121] left=4,3,1,3,1,3,2 status=TIMEOUT layouts=0/1 complete=False time=00:01:00
[RETURN id=19214 rank=01123] left=4,3,1,3,2,3,1 status=TIMEOUT layouts=0/1 complete=False time=00:01:00
[RETURN id=19956 rank=01148] left=4,4,2,2,2,2,1 status=QUOTA_REACHED layouts=1/1 complete=True time=00:00:22
[RETURN id=19294 rank=01126] left=4,3,2,1,1,3,3 status=TIMEOUT layouts=0/1 complete=False time=00:01:00
[RETURN id=19306 rank=01128] left=4,3,2,1,3,3,1 status=TIMEOUT layouts=0/1 complete=False time=00:01:00
[RETURN id=19356 rank=01131] left=4,3,2,3,3,1,1 status=QUOTA_REACHED layouts=1/1 complete=True time=00:00:58
[GLOBAL] [#####-----------------------] done=729/3505 (20.80%) covered=729 layouts=729 running=14/14 remaining=2776 elapsed=00:27:00 rate=10.00 sig/min ETA=04:37:37
[COVERAGE] selected_mass(global)=47.579% covered_mass(global contribution)=21.794%
[LONGEST] id=19454 rank=1140 left=4,3,3,2,3,1,1 elapsed=00:00:38
[RETURN id=19454 rank=01140] left=4,3,3,2,3,1,1 status=QUOTA_REACHED layouts=1/1 complete=True time=00:00:39
[RETURN id=14466 rank=01174] left=3,2,3,3,0,3,3 status=QUOTA_REACHED layouts=1/1 complete=True time=00:00:12
[RETURN id=10802 rank=01165] left=2,3,3,3,3,3,0 status=QUOTA_REACHED layouts=1/1 complete=True time=00:00:34
[RETURN id=12844 rank=01171] left=3,0,3,3,3,3,2 status=QUOTA_REACHED layouts=1/1 complete=True time=00:00:32
[RETURN id=09800 rank=01158] left=2,2,2,2,5,2,2 status=QUOTA_REACHED layouts=1/1 complete=True time=00:00:47
[GLOBAL] [#####-----------------------] done=734/3505 (20.94%) covered=734 layouts=734 running=14/14 remaining=2771 elapsed=00:27:30 rate=10.00 sig/min ETA=04:37:07
[COVERAGE] selected_mass(global)=47.579% covered_mass(global contribution)=21.910%
[LONGEST] id=1852 rank=1150 left=0,3,2,3,3,3,3 elapsed=00:00:57
[RETURN id=10350 rank=01161] left=2,3,0,3,3,3,3 status=QUOTA_REACHED layouts=1/1 complete=True time=00:00:47
[RETURN id=01852 rank=01150] left=0,3,2,3,3,3,3 status=TIMEOUT layouts=0/1 complete=False time=00:01:00
[RETURN id=12838 rank=01169] left=3,0,3,3,2,3,3 status=QUOTA_REACHED layouts=1/1 complete=True time=00:00:44
[RETURN id=14824 rank=01178] left=3,3,0,3,2,3,3 status=QUOTA_REACHED layouts=1/1 complete=True time=00:00:34
[RETURN id=01996 rank=01154] left=0,3,3,3,3,3,2 status=TIMEOUT layouts=0/1 complete=False time=00:01:00
[RETURN id=09786 rank=01157] left=2,2,2,2,2,5,2 status=TIMEOUT layouts=0/1 complete=False time=00:01:00
[RETURN id=15138 rank=01184] left=3,3,2,3,3,3,0 status=QUOTA_REACHED layouts=1/1 complete=True time=00:00:32
[RETURN id=09870 rank=01159] left=2,2,2,5,2,2,2 status=TIMEOUT layouts=0/1 complete=False time=00:01:00
[RETURN id=04626 rank=01203] left=1,1,2,3,4,4,2 status=QUOTA_REACHED layouts=1/1 complete=True time=00:00:16
[RETURN id=14396 rank=01173] left=3,2,3,0,3,3,3 status=TIMEOUT layouts=0/1 complete=False time=00:01:00
[RETURN id=04644 rank=01206] left=1,1,2,4,3,2,4 status=QUOTA_REACHED layouts=1/1 complete=True time=00:00:20
[GLOBAL] [#####-----------------------] done=740/3505 (21.11%) covered=740 layouts=740 running=14/14 remaining=2765 elapsed=00:28:00 rate=10.03 sig/min ETA=04:35:32
[COVERAGE] selected_mass(global)=47.579% covered_mass(global contribution)=22.026%
[LONGEST] id=14480 rank=1175 left=3,2,3,3,3,0,3 elapsed=00:01:01
[RETURN id=15236 rank=01188] left=3,3,3,2,0,3,3 status=QUOTA_REACHED layouts=1/1 complete=True time=00:00:37
[RETURN id=14480 rank=01175] left=3,2,3,3,3,0,3 status=TIMEOUT layouts=0/1 complete=False time=00:01:00
[RETURN id=14830 rank=01180] left=3,3,0,3,3,3,2 status=TIMEOUT layouts=0/1 complete=False time=00:01:00
[RETURN id=04646 rank=01207] left=1,1,2,4,3,4,2 status=QUOTA_REACHED layouts=1/1 complete=True time=00:00:22
[RETURN id=04624 rank=01202] left=1,1,2,3,4,2,4 status=QUOTA_REACHED layouts=1/1 complete=True time=00:00:26
[RETURN id=15194 rank=01186] left=3,3,3,0,3,2,3 status=QUOTA_REACHED layouts=1/1 complete=True time=00:00:42
[RETURN id=15270 rank=01193] left=3,3,3,3,2,0,3 status=QUOTA_REACHED layouts=1/1 complete=True time=00:00:31
[RETURN id=04864 rank=01221] left=1,1,4,2,4,3,2 status=QUOTA_REACHED layouts=1/1 complete=True time=00:00:13
[RETURN id=04722 rank=01211] left=1,1,3,2,4,2,4 status=QUOTA_REACHED layouts=1/1 complete=True time=00:00:18
[RETURN id=04892 rank=01224] left=1,1,4,3,4,2,2 status=QUOTA_REACHED layouts=1/1 complete=True time=00:00:18
[RETURN id=04882 rank=01223] left=1,1,4,3,2,4,2 status=QUOTA_REACHED layouts=1/1 complete=True time=00:00:21
[RETURN id=05246 rank=01239] left=1,2,1,4,4,3,2 status=QUOTA_REACHED layouts=1/1 complete=True time=00:00:08
[RETURN id=15250 rank=01189] left=3,3,3,2,3,0,3 status=TIMEOUT layouts=0/1 complete=False time=00:01:00
[RETURN id=04724 rank=01212] left=1,1,3,2,4,4,2 status=QUOTA_REACHED layouts=1/1 complete=True time=00:00:32
[RETURN id=05212 rank=01231] left=1,2,1,3,2,4,4 status=QUOTA_REACHED layouts=1/1 complete=True time=00:00:20
[GLOBAL] [######----------------------] done=752/3505 (21.46%) covered=752 layouts=752 running=14/14 remaining=2753 elapsed=00:28:30 rate=10.28 sig/min ETA=04:27:48
[COVERAGE] selected_mass(global)=47.579% covered_mass(global contribution)=22.216%
[LONGEST] id=15262 rank=1192 left=3,3,3,3,0,3,2 elapsed=00:00:56
[RETURN id=05236 rank=01235] left=1,2,1,4,2,4,3 status=QUOTA_REACHED layouts=1/1 complete=True time=00:00:21
[RETURN id=15262 rank=01192] left=3,3,3,3,0,3,2 status=TIMEOUT layouts=0/1 complete=False time=00:01:00
[RETURN id=22454 rank=01197] left=5,2,2,2,2,2,2 status=TIMEOUT layouts=0/1 complete=False time=00:01:00
[RETURN id=04650 rank=01208] left=1,1,2,4,4,2,3 status=TIMEOUT layouts=0/1 complete=False time=00:01:00
[RETURN id=04916 rank=01227] left=1,1,4,4,3,2,2 status=QUOTA_REACHED layouts=1/1 complete=True time=00:00:39
[RETURN id=05504 rank=01260] left=1,2,3,4,2,1,4 status=QUOTA_REACHED layouts=1/1 complete=True time=00:00:12
[RETURN id=04880 rank=01222] left=1,1,4,3,2,2,4 status=QUOTA_REACHED layouts=1/1 complete=True time=00:00:47
[RETURN id=05342 rank=01244] left=1,2,2,3,4,1,4 status=QUOTA_REACHED layouts=1/1 complete=True time=00:00:25
[RETURN id=05368 rank=01249] left=1,2,2,4,3,4,1 status=QUOTA_REACHED layouts=1/1 complete=True time=00:00:29
[GLOBAL] [######----------------------] done=758/3505 (21.63%) covered=758 layouts=758 running=14/14 remaining=2747 elapsed=00:29:00 rate=10.31 sig/min ETA=04:26:27
[COVERAGE] selected_mass(global)=47.579% covered_mass(global contribution)=22.299%
[LONGEST] id=4910 rank=1225 left=1,1,4,4,2,2,3 elapsed=00:00:58
[RETURN id=04910 rank=01225] left=1,1,4,4,2,2,3 status=TIMEOUT layouts=0/1 complete=False time=00:01:00
[RETURN id=05460 rank=01257] left=1,2,3,2,4,4,1 status=QUOTA_REACHED layouts=1/1 complete=True time=00:00:31
[RETURN id=05200 rank=01229] left=1,2,1,2,4,3,4 status=TIMEOUT layouts=0/1 complete=False time=00:01:00
[RETURN id=05654 rank=01283] left=1,2,4,4,1,3,2 status=QUOTA_REACHED layouts=1/1 complete=True time=00:00:14
[RETURN id=05298 rank=01241] left=1,2,2,1,4,3,4 status=TIMEOUT layouts=0/1 complete=False time=00:01:00
[RETURN id=05356 rank=01246] left=1,2,2,4,1,3,4 status=TIMEOUT layouts=0/1 complete=False time=00:01:00
[RETURN id=05626 rank=01277] left=1,2,4,3,1,4,2 status=QUOTA_REACHED layouts=1/1 complete=True time=00:00:37
[RETURN id=05432 rank=01253] left=1,2,3,1,4,2,4 status=TIMEOUT layouts=0/1 complete=False time=00:01:00
[RETURN id=05434 rank=01254] left=1,2,3,1,4,4,2 status=TIMEOUT layouts=0/1 complete=False time=00:01:00
[GLOBAL] [######----------------------] done=761/3505 (21.71%) covered=761 layouts=761 running=14/14 remaining=2744 elapsed=00:29:30 rate=10.24 sig/min ETA=04:28:04
[COVERAGE] selected_mass(global)=47.579% covered_mass(global contribution)=22.340%
[LONGEST] id=5574 rank=1265 left=1,2,4,1,2,4,3 elapsed=00:00:55
[RETURN id=05596 rank=01270] left=1,2,4,2,1,3,4 status=QUOTA_REACHED layouts=1/1 complete=True time=00:00:47
[RETURN id=06154 rank=01300] left=1,3,2,4,1,2,4 status=QUOTA_REACHED layouts=1/1 complete=True time=00:00:06
[RETURN id=06080 rank=01294] left=1,3,2,1,2,4,4 status=QUOTA_REACHED layouts=1/1 complete=True time=00:00:11
[RETURN id=05574 rank=01265] left=1,2,4,1,2,4,3 status=TIMEOUT layouts=0/1 complete=False time=00:01:00
[RETURN id=05584 rank=01269] left=1,2,4,1,4,3,2 status=TIMEOUT layouts=0/1 complete=False time=00:01:00
[RETURN id=05658 rank=01284] left=1,2,4,4,2,1,3 status=QUOTA_REACHED layouts=1/1 complete=True time=00:00:40
[RETURN id=05608 rank=01273] left=1,2,4,2,3,4,1 status=TIMEOUT layouts=0/1 complete=False time=00:01:00
[RETURN id=05624 rank=01276] left=1,2,4,3,1,2,4 status=TIMEOUT layouts=0/1 complete=False time=00:01:00
[RETURN id=06112 rank=01298] left=1,3,2,2,4,1,4 status=QUOTA_REACHED layouts=1/1 complete=True time=00:00:28
[RETURN id=05632 rank=01279] left=1,2,4,3,2,4,1 status=TIMEOUT layouts=0/1 complete=False time=00:01:00
[RETURN id=05664 rank=01287] left=1,2,4,4,3,2,1 status=QUOTA_REACHED layouts=1/1 complete=True time=00:00:38
[GLOBAL] [######----------------------] done=767/3505 (21.88%) covered=767 layouts=767 running=14/14 remaining=2738 elapsed=00:30:00 rate=10.27 sig/min ETA=04:26:43
[COVERAGE] selected_mass(global)=47.579% covered_mass(global contribution)=22.423%
[LONGEST] id=5640 rank=1280 left=1,2,4,3,4,1,2 elapsed=00:00:57
[RETURN id=06100 rank=01297] left=1,3,2,2,1,4,4 status=QUOTA_REACHED layouts=1/1 complete=True time=00:00:35
[RETURN id=05640 rank=01280] left=1,2,4,3,4,1,2 status=TIMEOUT layouts=0/1 complete=False time=00:01:00
[RETURN id=05972 rank=01289] left=1,3,1,2,4,2,4 status=QUOTA_REACHED layouts=1/1 complete=True time=00:00:45
[RETURN id=06170 rank=01304] left=1,3,2,4,4,1,2 status=QUOTA_REACHED layouts=1/1 complete=True time=00:00:50
[RETURN id=06156 rank=01301] left=1,3,2,4,1,4,2 status=QUOTA_REACHED layouts=1/1 complete=True time=00:00:57
[GLOBAL] [######----------------------] done=771/3505 (22.00%) covered=771 layouts=771 running=14/14 remaining=2734 elapsed=00:30:30 rate=10.23 sig/min ETA=04:27:17
[COVERAGE] selected_mass(global)=47.579% covered_mass(global contribution)=22.478%
[LONGEST] id=6380 rank=1306 left=1,3,4,1,2,2,4 elapsed=00:00:54
[RETURN id=06420 rank=01313] left=1,3,4,2,4,1,2 status=QUOTA_REACHED layouts=1/1 complete=True time=00:00:33
[RETURN id=06380 rank=01306] left=1,3,4,1,2,2,4 status=TIMEOUT layouts=0/1 complete=False time=00:01:00
[RETURN id=06382 rank=01307] left=1,3,4,1,2,4,2 status=TIMEOUT layouts=0/1 complete=False time=00:01:00
[RETURN id=06392 rank=01308] left=1,3,4,1,4,2,2 status=TIMEOUT layouts=0/1 complete=False time=00:01:00
[RETURN id=06404 rank=01309] left=1,3,4,2,1,2,4 status=TIMEOUT layouts=0/1 complete=False time=00:01:00
[RETURN id=06406 rank=01310] left=1,3,4,2,1,4,2 status=TIMEOUT layouts=0/1 complete=False time=00:01:00
[RETURN id=06412 rank=01312] left=1,3,4,2,2,4,1 status=TIMEOUT layouts=0/1 complete=False time=00:01:00
[RETURN id=06818 rank=01326] left=1,4,1,3,4,2,2 status=QUOTA_REACHED layouts=1/1 complete=True time=00:00:45
[RETURN id=06464 rank=01317] left=1,3,4,4,2,2,1 status=TIMEOUT layouts=0/1 complete=False time=00:01:00
[RETURN id=06780 rank=01319] left=1,4,1,2,2,4,3 status=TIMEOUT layouts=0/1 complete=False time=00:01:00
[RETURN id=06908 rank=01332] left=1,4,2,1,3,2,4 status=QUOTA_REACHED layouts=1/1 complete=True time=00:00:29
[GLOBAL] [######----------------------] done=774/3505 (22.08%) covered=774 layouts=774 running=14/14 remaining=2731 elapsed=00:31:00 rate=10.16 sig/min ETA=04:28:47
[COVERAGE] selected_mass(global)=47.579% covered_mass(global contribution)=22.519%
[LONGEST] id=6806 rank=1324 left=1,4,1,3,2,2,4 elapsed=00:00:58
[RETURN id=06806 rank=01324] left=1,4,1,3,2,2,4 status=TIMEOUT layouts=0/1 complete=False time=00:01:00
[RETURN id=06808 rank=01325] left=1,4,1,3,2,4,2 status=TIMEOUT layouts=0/1 complete=False time=00:01:00
[RETURN id=06944 rank=01341] left=1,4,2,2,4,3,1 status=QUOTA_REACHED layouts=1/1 complete=True time=00:00:17
[RETURN id=06942 rank=01340] left=1,4,2,2,4,1,3 status=QUOTA_REACHED layouts=1/1 complete=True time=00:00:25
[RETURN id=06910 rank=01333] left=1,4,2,1,3,4,2 status=QUOTA_REACHED layouts=1/1 complete=True time=00:00:39
[RETURN id=06836 rank=01327] left=1,4,1,4,2,2,3 status=TIMEOUT layouts=0/1 complete=False time=00:01:00
[GLOBAL] [######----------------------] done=777/3505 (22.17%) covered=777 layouts=777 running=14/14 remaining=2728 elapsed=00:31:30 rate=10.09 sig/min ETA=04:30:15
[COVERAGE] selected_mass(global)=47.579% covered_mass(global contribution)=22.560%
[LONGEST] id=6842 rank=1329 left=1,4,1,4,3,2,2 elapsed=00:01:01
[RETURN id=06842 rank=01329] left=1,4,1,4,3,2,2 status=TIMEOUT layouts=0/1 complete=False time=00:01:00
[RETURN id=07058 rank=01355] left=1,4,3,1,2,4,2 status=QUOTA_REACHED layouts=1/1 complete=True time=00:00:27
[RETURN id=06928 rank=01337] left=1,4,2,2,1,4,3 status=QUOTA_REACHED layouts=1/1 complete=True time=00:00:48
[RETURN id=06984 rank=01348] left=1,4,2,4,1,2,3 status=QUOTA_REACHED layouts=1/1 complete=True time=00:00:36
[RETURN id=06994 rank=01352] left=1,4,2,4,3,1,2 status=QUOTA_REACHED layouts=1/1 complete=True time=00:00:37
[RETURN id=06914 rank=01334] left=1,4,2,1,4,2,3 status=TIMEOUT layouts=0/1 complete=False time=00:01:00
[RETURN id=06936 rank=01338] left=1,4,2,2,3,1,4 status=TIMEOUT layouts=0/1 complete=False time=00:01:00
[RETURN id=06960 rank=01344] left=1,4,2,3,2,1,4 status=TIMEOUT layouts=0/1 complete=False time=00:01:00
[RETURN id=08878 rank=01378] left=2,1,1,2,3,4,4 status=QUOTA_REACHED layouts=1/1 complete=True time=00:00:06
[RETURN id=06972 rank=01347] left=1,4,2,3,4,2,1 status=TIMEOUT layouts=0/1 complete=False time=00:01:00
[GLOBAL] [######----------------------] done=782/3505 (22.31%) covered=782 layouts=782 running=14/14 remaining=2723 elapsed=00:32:00 rate=10.09 sig/min ETA=04:29:47
[COVERAGE] selected_mass(global)=47.579% covered_mass(global contribution)=22.629%
[LONGEST] id=7056 rank=1354 left=1,4,3,1,2,2,4 elapsed=00:00:58
[RETURN id=07056 rank=01354] left=1,4,3,1,2,2,4 status=TIMEOUT layouts=0/1 complete=False time=00:01:00
[RETURN id=07068 rank=01356] left=1,4,3,1,4,2,2 status=TIMEOUT layouts=0/1 complete=False time=00:01:00
[RETURN id=07080 rank=01357] left=1,4,3,2,1,2,4 status=TIMEOUT layouts=0/1 complete=False time=00:01:00
[RETURN id=07234 rank=01373] left=1,4,4,2,3,1,2 status=QUOTA_REACHED layouts=1/1 complete=True time=00:00:38
[RETURN id=07082 rank=01358] left=1,4,3,2,1,4,2 status=TIMEOUT layouts=0/1 complete=False time=00:01:00
[RETURN id=08900 rank=01382] left=2,1,1,3,4,2,4 status=QUOTA_REACHED layouts=1/1 complete=True time=00:00:31
[RETURN id=07088 rank=01360] left=1,4,3,2,2,4,1 status=QUOTA_REACHED layouts=1/1 complete=True time=00:00:59
[GLOBAL] [######----------------------] done=785/3505 (22.40%) covered=785 layouts=785 running=14/14 remaining=2720 elapsed=00:32:30 rate=10.03 sig/min ETA=04:31:11
[COVERAGE] selected_mass(global)=47.579% covered_mass(global contribution)=22.670%
[LONGEST] id=7096 rank=1361 left=1,4,3,2,4,1,2 elapsed=00:01:00
[RETURN id=07096 rank=01361] left=1,4,3,2,4,1,2 status=TIMEOUT layouts=0/1 complete=False time=00:01:00
[RETURN id=07250 rank=01375] left=1,4,4,3,1,2,2 status=QUOTA_REACHED layouts=1/1 complete=True time=00:00:54
[RETURN id=07202 rank=01367] left=1,4,4,1,2,3,2 status=TIMEOUT layouts=0/1 complete=False time=00:01:00
[RETURN id=07224 rank=01369] left=1,4,4,2,1,2,3 status=TIMEOUT layouts=0/1 complete=False time=00:01:00
[RETURN id=08926 rank=01388] left=2,1,1,4,4,2,3 status=QUOTA_REACHED layouts=1/1 complete=True time=00:00:19
[RETURN id=07254 rank=01376] left=1,4,4,3,2,1,2 status=TIMEOUT layouts=0/1 complete=False time=00:01:00
[RETURN id=09138 rank=01406] left=2,1,3,2,4,1,4 status=QUOTA_REACHED layouts=1/1 complete=True time=00:00:10
[RETURN id=08902 rank=01383] left=2,1,1,3,4,4,2 status=QUOTA_REACHED layouts=1/1 complete=True time=00:00:45
[RETURN id=09038 rank=01397] left=2,1,2,4,1,4,3 status=QUOTA_REACHED layouts=1/1 complete=True time=00:00:18
[RETURN id=08882 rank=01380] left=2,1,1,2,4,4,3 status=TIMEOUT layouts=0/1 complete=False time=00:01:00
[RETURN id=09106 rank=01402] left=2,1,3,1,2,4,4 status=QUOTA_REACHED layouts=1/1 complete=True time=00:00:25
[GLOBAL] [######----------------------] done=791/3505 (22.57%) covered=791 layouts=791 running=14/14 remaining=2714 elapsed=00:33:00 rate=10.06 sig/min ETA=04:29:47
[COVERAGE] selected_mass(global)=47.579% covered_mass(global contribution)=22.753%
[LONGEST] id=8916 rank=1384 left=2,1,1,4,2,3,4 elapsed=00:00:57
[RETURN id=08920 rank=01386] left=2,1,1,4,3,2,4 status=QUOTA_REACHED layouts=1/1 complete=True time=00:00:53
[RETURN id=08916 rank=01384] left=2,1,1,4,2,3,4 status=TIMEOUT layouts=0/1 complete=False time=00:01:00
[RETURN id=09126 rank=01405] left=2,1,3,2,1,4,4 status=QUOTA_REACHED layouts=1/1 complete=True time=00:00:31
[RETURN id=08976 rank=01390] left=2,1,2,1,3,4,4 status=QUOTA_REACHED layouts=1/1 complete=True time=00:00:51
[RETURN id=09196 rank=01412] left=2,1,3,4,4,1,2 status=QUOTA_REACHED layouts=1/1 complete=True time=00:00:26
[RETURN id=08980 rank=01392] left=2,1,2,1,4,4,3 status=TIMEOUT layouts=0/1 complete=False time=00:01:00
[RETURN id=09026 rank=01395] left=2,1,2,3,4,4,1 status=QUOTA_REACHED layouts=1/1 complete=True time=00:00:58
[RETURN id=09054 rank=01401] left=2,1,2,4,4,3,1 status=QUOTA_REACHED layouts=1/1 complete=True time=00:00:53
[GLOBAL] [######----------------------] done=797/3505 (22.74%) covered=797 layouts=797 running=14/14 remaining=2708 elapsed=00:33:30 rate=10.09 sig/min ETA=04:28:25
[COVERAGE] selected_mass(global)=47.579% covered_mass(global contribution)=22.836%
[LONGEST] id=9046 rank=1398 left=2,1,2,4,3,1,4 elapsed=00:00:59
[RETURN id=09046 rank=01398] left=2,1,2,4,3,1,4 status=TIMEOUT layouts=0/1 complete=False time=00:01:00
[RETURN id=09254 rank=01414] left=2,1,4,1,2,3,4 status=QUOTA_REACHED layouts=1/1 complete=True time=00:00:54
[RETURN id=09180 rank=01408] left=2,1,3,4,1,2,4 status=TIMEOUT layouts=0/1 complete=False time=00:01:00
[RETURN id=09292 rank=01424] left=2,1,4,2,4,1,3 status=QUOTA_REACHED layouts=1/1 complete=True time=00:00:44
[RETURN id=09258 rank=01416] left=2,1,4,1,3,2,4 status=TIMEOUT layouts=0/1 complete=False time=00:01:00
[RETURN id=09322 rank=01431] left=2,1,4,3,4,2,1 status=QUOTA_REACHED layouts=1/1 complete=True time=00:00:41
[RETURN id=09260 rank=01417] left=2,1,4,1,3,4,2 status=TIMEOUT layouts=0/1 complete=False time=00:01:00
[RETURN id=09264 rank=01418] left=2,1,4,1,4,2,3 status=TIMEOUT layouts=0/1 complete=False time=00:01:00
[GLOBAL] [######----------------------] done=800/3505 (22.82%) covered=800 layouts=800 running=14/14 remaining=2705 elapsed=00:34:00 rate=10.03 sig/min ETA=04:29:43
[COVERAGE] selected_mass(global)=47.579% covered_mass(global contribution)=22.877%
[LONGEST] id=9278 rank=1421 left=2,1,4,2,1,4,3 elapsed=00:00:59
[RETURN id=09278 rank=01421] left=2,1,4,2,1,4,3 status=TIMEOUT layouts=0/1 complete=False time=00:01:00
[RETURN id=09310 rank=01428] left=2,1,4,3,2,1,4 status=QUOTA_REACHED layouts=1/1 complete=True time=00:00:58
[RETURN id=09294 rank=01425] left=2,1,4,2,4,3,1 status=TIMEOUT layouts=0/1 complete=False time=00:01:00
[RETURN id=10058 rank=01457] left=2,2,4,1,1,4,3 status=QUOTA_REACHED layouts=1/1 complete=True time=00:00:14
[RETURN id=09906 rank=01450] left=2,2,3,1,1,4,4 status=QUOTA_REACHED layouts=1/1 complete=True time=00:00:30
[RETURN id=10116 rank=01463] left=2,2,4,3,1,4,1 status=QUOTA_REACHED layouts=1/1 complete=True time=00:00:11
[RETURN id=09334 rank=01432] left=2,1,4,4,1,2,3 status=TIMEOUT layouts=0/1 complete=False time=00:01:00
[RETURN id=09344 rank=01436] left=2,1,4,4,3,1,2 status=TIMEOUT layouts=0/1 complete=False time=00:01:00
[RETURN id=09634 rank=01439] left=2,2,1,1,4,3,4 status=TIMEOUT layouts=0/1 complete=False time=00:01:00
[GLOBAL] [######----------------------] done=804/3505 (22.94%) covered=804 layouts=804 running=14/14 remaining=2701 elapsed=00:34:30 rate=10.00 sig/min ETA=04:30:07
[COVERAGE] selected_mass(global)=47.579% covered_mass(global contribution)=22.932%
[LONGEST] id=9666 rank=1441 left=2,2,1,3,1,4,4 elapsed=00:00:58
[RETURN id=09666 rank=01441] left=2,2,1,3,1,4,4 status=TIMEOUT layouts=0/1 complete=False time=00:01:00
[RETURN id=10072 rank=01460] left=2,2,4,1,4,1,3 status=QUOTA_REACHED layouts=1/1 complete=True time=00:00:37
[RETURN id=09678 rank=01442] left=2,2,1,3,4,1,4 status=TIMEOUT layouts=0/1 complete=False time=00:01:00
[RETURN id=09692 rank=01444] left=2,2,1,4,1,3,4 status=TIMEOUT layouts=0/1 complete=False time=00:01:00
[RETURN id=10066 rank=01458] left=2,2,4,1,3,1,4 status=QUOTA_REACHED layouts=1/1 complete=True time=00:00:44
[RETURN id=09918 rank=01451] left=2,2,3,1,4,1,4 status=TIMEOUT layouts=0/1 complete=False time=00:01:00
[RETURN id=10148 rank=01467] left=2,2,4,4,3,1,1 status=QUOTA_REACHED layouts=1/1 complete=True time=00:00:40
[RETURN id=09988 rank=01453] left=2,2,3,4,1,1,4 status=TIMEOUT layouts=0/1 complete=False time=00:01:00
[GLOBAL] [######----------------------] done=807/3505 (23.02%) covered=807 layouts=807 running=14/14 remaining=2698 elapsed=00:35:00 rate=9.94 sig/min ETA=04:31:22
[COVERAGE] selected_mass(global)=47.579% covered_mass(global contribution)=22.973%
[LONGEST] id=10074 rank=1461 left=2,2,4,1,4,3,1 elapsed=00:00:55
[RETURN id=10074 rank=01461] left=2,2,4,1,4,3,1 status=TIMEOUT layouts=0/1 complete=False time=00:01:00
[RETURN id=10582 rank=01480] left=2,3,2,1,1,4,4 status=QUOTA_REACHED layouts=1/1 complete=True time=00:00:35
[RETURN id=10884 rank=01489] left=2,3,4,1,2,4,1 status=QUOTA_REACHED layouts=1/1 complete=True time=00:00:31
[RETURN id=10444 rank=01469] left=2,3,1,1,4,2,4 status=TIMEOUT layouts=0/1 complete=False time=00:01:00
[RETURN id=10446 rank=01470] left=2,3,1,1,4,4,2 status=TIMEOUT layouts=0/1 complete=False time=00:01:00
[RETURN id=10472 rank=01473] left=2,3,1,2,4,4,1 status=TIMEOUT layouts=0/1 complete=False time=00:01:00
[RETURN id=10528 rank=01479] left=2,3,1,4,4,2,1 status=TIMEOUT layouts=0/1 complete=False time=00:01:00
[RETURN id=10516 rank=01476] left=2,3,1,4,2,1,4 status=TIMEOUT layouts=0/1 complete=False time=00:01:00
[GLOBAL] [######----------------------] done=809/3505 (23.08%) covered=809 layouts=809 running=14/14 remaining=2696 elapsed=00:35:30 rate=9.86 sig/min ETA=04:33:28
[COVERAGE] selected_mass(global)=47.579% covered_mass(global contribution)=23.001%
[LONGEST] id=10594 rank=1481 left=2,3,2,1,4,1,4 elapsed=00:00:50
[RETURN id=10950 rank=01495] left=2,3,4,4,1,1,2 status=QUOTA_REACHED layouts=1/1 complete=True time=00:00:38
[RETURN id=10954 rank=01497] left=2,3,4,4,2,1,1 status=QUOTA_REACHED layouts=1/1 complete=True time=00:00:29
[RETURN id=10594 rank=01481] left=2,3,2,1,4,1,4 status=TIMEOUT layouts=0/1 complete=False time=00:01:00
[RETURN id=10876 rank=01486] left=2,3,4,1,1,2,4 status=TIMEOUT layouts=0/1 complete=False time=00:01:00
[RETURN id=10878 rank=01487] left=2,3,4,1,1,4,2 status=TIMEOUT layouts=0/1 complete=False time=00:01:00
[RETURN id=10904 rank=01492] left=2,3,4,2,1,1,4 status=QUOTA_REACHED layouts=1/1 complete=True time=00:00:56
[RETURN id=10892 rank=01490] left=2,3,4,1,4,1,2 status=TIMEOUT layouts=0/1 complete=False time=00:01:00
[GLOBAL] [######----------------------] done=812/3505 (23.17%) covered=812 layouts=812 running=14/14 remaining=2693 elapsed=00:36:00 rate=9.80 sig/min ETA=04:34:39
[COVERAGE] selected_mass(global)=47.579% covered_mass(global contribution)=23.042%
[LONGEST] id=11240 rank=1498 left=2,4,1,1,2,3,4 elapsed=00:00:50
[RETURN id=11240 rank=01498] left=2,4,1,1,2,3,4 status=TIMEOUT layouts=0/1 complete=False time=00:01:00
[RETURN id=11296 rank=01512] left=2,4,1,3,2,1,4 status=QUOTA_REACHED layouts=1/1 complete=True time=00:00:41
[RETURN id=11330 rank=01520] left=2,4,1,4,3,1,2 status=QUOTA_REACHED layouts=1/1 complete=True time=00:00:30
[RETURN id=11244 rank=01500] left=2,4,1,1,3,2,4 status=TIMEOUT layouts=0/1 complete=False time=00:01:00
[RETURN id=11246 rank=01501] left=2,4,1,1,3,4,2 status=TIMEOUT layouts=0/1 complete=False time=00:01:00
[RETURN id=11250 rank=01502] left=2,4,1,1,4,2,3 status=TIMEOUT layouts=0/1 complete=False time=00:01:00
[RETURN id=11264 rank=01505] left=2,4,1,2,1,4,3 status=TIMEOUT layouts=0/1 complete=False time=00:01:00
[RETURN id=11272 rank=01506] left=2,4,1,2,3,1,4 status=TIMEOUT layouts=0/1 complete=False time=00:01:00
[RETURN id=11278 rank=01508] left=2,4,1,2,4,1,3 status=TIMEOUT layouts=0/1 complete=False time=00:01:00
[GLOBAL] [######----------------------] done=814/3505 (23.22%) covered=814 layouts=814 running=14/14 remaining=2691 elapsed=00:36:30 rate=9.73 sig/min ETA=04:36:42
[COVERAGE] selected_mass(global)=47.579% covered_mass(global contribution)=23.070%
[LONGEST] id=11308 rank=1515 left=2,4,1,3,4,2,1 elapsed=00:00:54
[RETURN id=11444 rank=01528] left=2,4,2,3,1,1,4 status=QUOTA_REACHED layouts=1/1 complete=True time=00:00:43
[RETURN id=11308 rank=01515] left=2,4,1,3,4,2,1 status=TIMEOUT layouts=0/1 complete=False time=00:01:00
[RETURN id=11388 rank=01522] left=2,4,2,1,1,3,4 status=QUOTA_REACHED layouts=1/1 complete=True time=00:00:55
[RETURN id=11320 rank=01516] left=2,4,1,4,1,2,3 status=TIMEOUT layouts=0/1 complete=False time=00:01:00
[RETURN id=13462 rank=01567] left=3,1,2,2,1,4,4 status=QUOTA_REACHED layouts=1/1 complete=True time=00:00:12
[RETURN id=11400 rank=01525] left=2,4,2,1,3,4,1 status=TIMEOUT layouts=0/1 complete=False time=00:01:00
[RETURN id=13474 rank=01568] left=3,1,2,2,4,1,4 status=QUOTA_REACHED layouts=1/1 complete=True time=00:00:18
[RETURN id=13442 rank=01564] left=3,1,2,1,2,4,4 status=QUOTA_REACHED layouts=1/1 complete=True time=00:00:31
[GLOBAL] [######----------------------] done=819/3505 (23.37%) covered=819 layouts=819 running=14/14 remaining=2686 elapsed=00:37:00 rate=9.73 sig/min ETA=04:36:05
[COVERAGE] selected_mass(global)=47.579% covered_mass(global contribution)=23.139%
[LONGEST] id=11470 rank=1531 left=2,4,2,4,1,1,3 elapsed=00:00:49
[RETURN id=11536 rank=01536] left=2,4,3,1,2,1,4 status=QUOTA_REACHED layouts=1/1 complete=True time=00:00:47
[RETURN id=11548 rank=01539] left=2,4,3,1,4,2,1 status=QUOTA_REACHED layouts=1/1 complete=True time=00:00:53
[RETURN id=13336 rank=01560] left=3,1,1,2,4,4,2 status=QUOTA_REACHED layouts=1/1 complete=True time=00:00:41
[RETURN id=11470 rank=01531] left=2,4,2,4,1,1,3 status=TIMEOUT layouts=0/1 complete=False time=00:01:00
[RETURN id=13754 rank=01578] left=3,1,4,1,4,2,2 status=QUOTA_REACHED layouts=1/1 complete=True time=00:00:11
[RETURN id=13518 rank=01571] left=3,1,2,4,1,4,2 status=QUOTA_REACHED layouts=1/1 complete=True time=00:00:33
[RETURN id=11562 rank=01541] left=2,4,3,2,1,4,1 status=TIMEOUT layouts=0/1 complete=False time=00:01:00
[RETURN id=13524 rank=01573] left=3,1,2,4,2,4,1 status=QUOTA_REACHED layouts=1/1 complete=True time=00:00:29
[RETURN id=13744 rank=01577] left=3,1,4,1,2,4,2 status=QUOTA_REACHED layouts=1/1 complete=True time=00:00:20
[RETURN id=11606 rank=01544] left=2,4,3,4,1,2,1 status=TIMEOUT layouts=0/1 complete=False time=00:01:00
[RETURN id=11658 rank=01546] left=2,4,4,1,1,2,3 status=TIMEOUT layouts=0/1 complete=False time=00:01:00
[RETURN id=11668 rank=01550] left=2,4,4,1,3,1,2 status=TIMEOUT layouts=0/1 complete=False time=00:01:00
[GLOBAL] [######----------------------] done=826/3505 (23.57%) covered=826 layouts=826 running=14/14 remaining=2679 elapsed=00:37:30 rate=9.79 sig/min ETA=04:33:45
[COVERAGE] selected_mass(global)=47.579% covered_mass(global contribution)=23.235%
[LONGEST] id=13516 rank=1570 left=3,1,2,4,1,2,4 elapsed=00:00:51
[RETURN id=13516 rank=01570] left=3,1,2,4,1,2,4 status=TIMEOUT layouts=0/1 complete=False time=00:01:00
[RETURN id=13532 rank=01574] left=3,1,2,4,4,1,2 status=TIMEOUT layouts=0/1 complete=False time=00:01:00
[RETURN id=14208 rank=01598] left=3,2,1,4,4,1,2 status=QUOTA_REACHED layouts=1/1 complete=True time=00:00:11
[RETURN id=13742 rank=01576] left=3,1,4,1,2,2,4 status=TIMEOUT layouts=0/1 complete=False time=00:01:00
[RETURN id=13768 rank=01580] left=3,1,4,2,1,4,2 status=QUOTA_REACHED layouts=1/1 complete=True time=00:00:49
[GLOBAL] [######----------------------] done=828/3505 (23.62%) covered=828 layouts=828 running=14/14 remaining=2677 elapsed=00:38:00 rate=9.71 sig/min ETA=04:35:42
[COVERAGE] selected_mass(global)=47.579% covered_mass(global contribution)=23.263%
[LONGEST] id=13766 rank=1579 left=3,1,4,2,1,2,4 elapsed=00:00:53
[RETURN id=13766 rank=01579] left=3,1,4,2,1,2,4 status=TIMEOUT layouts=0/1 complete=False time=00:01:00
[RETURN id=13826 rank=01587] left=3,1,4,4,2,2,1 status=QUOTA_REACHED layouts=1/1 complete=True time=00:00:55
[RETURN id=13782 rank=01583] left=3,1,4,2,4,1,2 status=TIMEOUT layouts=0/1 complete=False time=00:01:00
[RETURN id=13774 rank=01582] left=3,1,4,2,2,4,1 status=TIMEOUT layouts=0/1 complete=False time=00:01:00
[RETURN id=14150 rank=01592] left=3,2,1,2,4,1,4 status=QUOTA_REACHED layouts=1/1 complete=True time=00:00:56
[RETURN id=14118 rank=01588] left=3,2,1,1,2,4,4 status=TIMEOUT layouts=0/1 complete=False time=00:01:00
[RETURN id=14278 rank=01602] left=3,2,2,1,4,4,1 status=QUOTA_REACHED layouts=1/1 complete=True time=00:00:26
[RETURN id=14138 rank=01591] left=3,2,1,2,1,4,4 status=TIMEOUT layouts=0/1 complete=False time=00:01:00
[RETURN id=14588 rank=01613] left=3,2,4,2,1,4,1 status=QUOTA_REACHED layouts=1/1 complete=True time=00:00:08
[RETURN id=14192 rank=01594] left=3,2,1,4,1,2,4 status=TIMEOUT layouts=0/1 complete=False time=00:01:00
[RETURN id=14194 rank=01595] left=3,2,1,4,1,4,2 status=TIMEOUT layouts=0/1 complete=False time=00:01:00
[RETURN id=14200 rank=01597] left=3,2,1,4,2,4,1 status=TIMEOUT layouts=0/1 complete=False time=00:01:00
[RETURN id=14574 rank=01611] left=3,2,4,1,4,2,1 status=QUOTA_REACHED layouts=1/1 complete=True time=00:00:17
[GLOBAL] [######----------------------] done=833/3505 (23.77%) covered=833 layouts=833 running=14/14 remaining=2672 elapsed=00:38:30 rate=9.71 sig/min ETA=04:35:04
[COVERAGE] selected_mass(global)=47.579% covered_mass(global contribution)=23.332%
[LONGEST] id=14348 rank=1604 left=3,2,2,4,1,4,1 elapsed=00:00:37
[RETURN id=14360 rank=01605] left=3,2,2,4,4,1,1 status=QUOTA_REACHED layouts=1/1 complete=True time=00:00:35
[RETURN id=15692 rank=01621] left=3,4,1,2,1,2,4 status=QUOTA_REACHED layouts=1/1 complete=True time=00:00:15
[RETURN id=15708 rank=01625] left=3,4,1,2,4,1,2 status=QUOTA_REACHED layouts=1/1 complete=True time=00:00:14
[RETURN id=14562 rank=01608] left=3,2,4,1,2,1,4 status=QUOTA_REACHED layouts=1/1 complete=True time=00:00:37
[RETURN id=15668 rank=01618] left=3,4,1,1,2,2,4 status=QUOTA_REACHED layouts=1/1 complete=True time=00:00:33
[RETURN id=14348 rank=01604] left=3,2,2,4,1,4,1 status=TIMEOUT layouts=0/1 complete=False time=00:01:00
[GLOBAL] [######----------------------] done=838/3505 (23.91%) covered=838 layouts=838 running=14/14 remaining=2667 elapsed=00:39:00 rate=9.72 sig/min ETA=04:34:27
[COVERAGE] selected_mass(global)=47.579% covered_mass(global contribution)=23.400%
[LONGEST] id=14600 rank=1614 left=3,2,4,2,4,1,1 elapsed=00:00:47
[RETURN id=15850 rank=01638] left=3,4,2,2,4,1,1 status=QUOTA_REACHED layouts=1/1 complete=True time=00:00:29
[RETURN id=15838 rank=01637] left=3,4,2,2,1,4,1 status=QUOTA_REACHED layouts=1/1 complete=True time=00:00:34
[RETURN id=16060 rank=01647] left=3,4,4,2,2,1,1 status=QUOTA_REACHED layouts=1/1 complete=True time=00:00:13
[RETURN id=14600 rank=01614] left=3,2,4,2,4,1,1 status=TIMEOUT layouts=0/1 complete=False time=00:01:00
[RETURN id=15670 rank=01619] left=3,4,1,1,2,4,2 status=QUOTA_REACHED layouts=1/1 complete=True time=00:00:58
[RETURN id=15700 rank=01624] left=3,4,1,2,2,4,1 status=QUOTA_REACHED layouts=1/1 complete=True time=00:00:56
[RETURN id=15680 rank=01620] left=3,4,1,1,4,2,2 status=TIMEOUT layouts=0/1 complete=False time=00:01:00
[RETURN id=15694 rank=01622] left=3,4,1,2,1,4,2 status=TIMEOUT layouts=0/1 complete=False time=00:01:00
[RETURN id=15752 rank=01629] left=3,4,1,4,2,2,1 status=TIMEOUT layouts=0/1 complete=False time=00:01:00
[RETURN id=15812 rank=01632] left=3,4,2,1,2,1,4 status=TIMEOUT layouts=0/1 complete=False time=00:01:00
[RETURN id=15824 rank=01635] left=3,4,2,1,4,2,1 status=TIMEOUT layouts=0/1 complete=False time=00:01:00
[GLOBAL] [######----------------------] done=843/3505 (24.05%) covered=843 layouts=843 running=14/14 remaining=2662 elapsed=00:39:30 rate=9.72 sig/min ETA=04:33:50
[COVERAGE] selected_mass(global)=47.579% covered_mass(global contribution)=23.469%
[LONGEST] id=15882 rank=1640 left=3,4,2,4,1,2,1 elapsed=00:00:54
[RETURN id=17690 rank=01659] left=4,1,1,4,3,2,2 status=QUOTA_REACHED layouts=1/1 complete=True time=00:00:11
[RETURN id=17638 rank=01653] left=4,1,1,2,4,3,2 status=QUOTA_REACHED layouts=1/1 complete=True time=00:00:27
[RETURN id=17756 rank=01662] left=4,1,2,1,3,2,4 status=QUOTA_REACHED layouts=1/1 complete=True time=00:00:11
[RETURN id=15882 rank=01640] left=3,4,2,4,1,2,1 status=TIMEOUT layouts=0/1 complete=False time=00:01:00
[RETURN id=16042 rank=01644] left=3,4,4,1,2,2,1 status=TIMEOUT layouts=0/1 complete=False time=00:01:00
[RETURN id=17656 rank=01655] left=4,1,1,3,2,4,2 status=QUOTA_REACHED layouts=1/1 complete=True time=00:00:33
[RETURN id=16056 rank=01645] left=3,4,4,2,1,1,2 status=TIMEOUT layouts=0/1 complete=False time=00:01:00
[RETURN id=17628 rank=01649] left=4,1,1,2,2,4,3 status=QUOTA_REACHED layouts=1/1 complete=True time=00:00:49
[GLOBAL] [######----------------------] done=848/3505 (24.19%) covered=848 layouts=848 running=14/14 remaining=2657 elapsed=00:40:00 rate=9.72 sig/min ETA=04:33:14
[COVERAGE] selected_mass(global)=47.579% covered_mass(global contribution)=23.538%
[LONGEST] id=17654 rank=1654 left=4,1,1,3,2,2,4 elapsed=00:00:52
[RETURN id=17808 rank=01674] left=4,1,2,3,2,1,4 status=QUOTA_REACHED layouts=1/1 complete=True time=00:00:32
[RETURN id=17654 rank=01654] left=4,1,1,3,2,2,4 status=TIMEOUT layouts=0/1 complete=False time=00:01:00
[RETURN id=17684 rank=01657] left=4,1,1,4,2,2,3 status=QUOTA_REACHED layouts=1/1 complete=True time=00:00:52
[RETURN id=17666 rank=01656] left=4,1,1,3,4,2,2 status=TIMEOUT layouts=0/1 complete=False time=00:01:00
[RETURN id=17776 rank=01667] left=4,1,2,2,1,4,3 status=QUOTA_REACHED layouts=1/1 complete=True time=00:00:46
[RETURN id=17752 rank=01660] left=4,1,2,1,2,3,4 status=TIMEOUT layouts=0/1 complete=False time=00:01:00
[RETURN id=17842 rank=01682] left=4,1,2,4,3,1,2 status=QUOTA_REACHED layouts=1/1 complete=True time=00:00:30
[RETURN id=17758 rank=01663] left=4,1,2,1,3,4,2 status=TIMEOUT layouts=0/1 complete=False time=00:01:00
[RETURN id=17762 rank=01664] left=4,1,2,1,4,2,3 status=TIMEOUT layouts=0/1 complete=False time=00:01:00
[GLOBAL] [######----------------------] done=852/3505 (24.31%) covered=852 layouts=852 running=14/14 remaining=2653 elapsed=00:40:30 rate=9.70 sig/min ETA=04:33:25
[COVERAGE] selected_mass(global)=47.579% covered_mass(global contribution)=23.593%
[LONGEST] id=17784 rank=1668 left=4,1,2,2,3,1,4 elapsed=00:00:57
[RETURN id=17784 rank=01668] left=4,1,2,2,3,1,4 status=TIMEOUT layouts=0/1 complete=False time=00:01:00
[RETURN id=17790 rank=01670] left=4,1,2,2,4,1,3 status=TIMEOUT layouts=0/1 complete=False time=00:01:00
[RETURN id=17792 rank=01671] left=4,1,2,2,4,3,1 status=TIMEOUT layouts=0/1 complete=False time=00:01:00
[RETURN id=17904 rank=01684] left=4,1,3,1,2,2,4 status=QUOTA_REACHED layouts=1/1 complete=True time=00:00:32
[RETURN id=18050 rank=01697] left=4,1,4,1,2,3,2 status=QUOTA_REACHED layouts=1/1 complete=True time=00:00:19
[RETURN id=17930 rank=01688] left=4,1,3,2,1,4,2 status=QUOTA_REACHED layouts=1/1 complete=True time=00:00:30
[RETURN id=17820 rank=01677] left=4,1,2,3,4,2,1 status=TIMEOUT layouts=0/1 complete=False time=00:01:00
[RETURN id=17832 rank=01678] left=4,1,2,4,1,2,3 status=TIMEOUT layouts=0/1 complete=False time=00:01:00
[GLOBAL] [######----------------------] done=855/3505 (24.39%) covered=855 layouts=855 running=14/14 remaining=2650 elapsed=00:41:00 rate=9.66 sig/min ETA=04:34:23
[COVERAGE] selected_mass(global)=47.579% covered_mass(global contribution)=23.635%
[LONGEST] id=17906 rank=1685 left=4,1,3,1,2,4,2 elapsed=00:00:50
[RETURN id=18098 rank=01705] left=4,1,4,3,1,2,2 status=QUOTA_REACHED layouts=1/1 complete=True time=00:00:32
[RETURN id=17916 rank=01686] left=4,1,3,1,4,2,2 status=TIMEOUT layouts=0/1 complete=False time=00:01:00
[RETURN id=17906 rank=01685] left=4,1,3,1,2,4,2 status=TIMEOUT layouts=0/1 complete=False time=00:01:00
[RETURN id=17936 rank=01690] left=4,1,3,2,2,4,1 status=QUOTA_REACHED layouts=1/1 complete=True time=00:00:50
[RETURN id=18460 rank=01721] left=4,2,1,3,1,4,2 status=QUOTA_REACHED layouts=1/1 complete=True time=00:00:25
[RETURN id=17928 rank=01687] left=4,1,3,2,1,2,4 status=TIMEOUT layouts=0/1 complete=False time=00:01:00
[RETURN id=18488 rank=01727] left=4,2,1,4,1,3,2 status=QUOTA_REACHED layouts=1/1 complete=True time=00:00:10
[RETURN id=18614 rank=01739] left=4,2,2,3,1,4,1 status=QUOTA_REACHED layouts=1/1 complete=True time=00:00:09
[RETURN id=18474 rank=01724] left=4,2,1,3,4,1,2 status=QUOTA_REACHED layouts=1/1 complete=True time=00:00:37
[RETURN id=18072 rank=01699] left=4,1,4,2,1,2,3 status=TIMEOUT layouts=0/1 complete=False time=00:01:00
[RETURN id=18442 rank=01717] left=4,2,1,2,3,4,1 status=QUOTA_REACHED layouts=1/1 complete=True time=00:00:46
[GLOBAL] [######----------------------] done=862/3505 (24.59%) covered=862 layouts=862 running=14/14 remaining=2643 elapsed=00:41:30 rate=9.71 sig/min ETA=04:32:11
[COVERAGE] selected_mass(global)=47.579% covered_mass(global contribution)=23.731%
[LONGEST] id=18082 rank=1703 left=4,1,4,2,3,1,2 elapsed=00:01:01
[RETURN id=18082 rank=01703] left=4,1,4,2,3,1,2 status=TIMEOUT layouts=0/1 complete=False time=00:01:00
[RETURN id=18418 rank=01713] left=4,2,1,1,4,3,2 status=QUOTA_REACHED layouts=1/1 complete=True time=00:00:54
[RETURN id=18408 rank=01709] left=4,2,1,1,2,4,3 status=TIMEOUT layouts=0/1 complete=False time=00:01:00
[RETURN id=18430 rank=01714] left=4,2,1,2,1,3,4 status=TIMEOUT layouts=0/1 complete=False time=00:01:00
[RETURN id=18458 rank=01720] left=4,2,1,3,1,2,4 status=TIMEOUT layouts=0/1 complete=False time=00:01:00
[RETURN id=18556 rank=01733] left=4,2,2,1,1,4,3 status=QUOTA_REACHED layouts=1/1 complete=True time=00:00:37
[RETURN id=18492 rank=01728] left=4,2,1,4,2,1,3 status=QUOTA_REACHED layouts=1/1 complete=True time=00:00:41
[RETURN id=18564 rank=01734] left=4,2,2,1,3,1,4 status=QUOTA_REACHED layouts=1/1 complete=True time=00:00:43
[RETURN id=18776 rank=01755] left=4,2,3,4,2,1,1 status=QUOTA_REACHED layouts=1/1 complete=True time=00:00:17
[RETURN id=18626 rank=01740] left=4,2,2,3,4,1,1 status=QUOTA_REACHED layouts=1/1 complete=True time=00:00:31
[GLOBAL] [######----------------------] done=868/3505 (24.76%) covered=868 layouts=868 running=14/14 remaining=2637 elapsed=00:42:00 rate=9.74 sig/min ETA=04:30:48
[COVERAGE] selected_mass(global)=47.579% covered_mass(global contribution)=23.814%
[LONGEST] id=18570 rank=1736 left=4,2,2,1,4,1,3 elapsed=00:00:46
[RETURN id=18772 rank=01753] left=4,2,3,4,1,1,2 status=QUOTA_REACHED layouts=1/1 complete=True time=00:00:26
[RETURN id=18850 rank=01762] left=4,2,4,2,1,1,3 status=QUOTA_REACHED layouts=1/1 complete=True time=00:00:10
[RETURN id=18570 rank=01736] left=4,2,2,1,4,1,3 status=TIMEOUT layouts=0/1 complete=False time=00:01:00
[RETURN id=18572 rank=01737] left=4,2,2,1,4,3,1 status=TIMEOUT layouts=0/1 complete=False time=00:01:00
[RETURN id=18830 rank=01758] left=4,2,4,1,2,1,3 status=QUOTA_REACHED layouts=1/1 complete=True time=00:00:33
[RETURN id=18646 rank=01743] left=4,2,2,4,3,1,1 status=TIMEOUT layouts=0/1 complete=False time=00:01:00
[RETURN id=18698 rank=01744] left=4,2,3,1,1,2,4 status=TIMEOUT layouts=0/1 complete=False time=00:01:00
[GLOBAL] [######----------------------] done=871/3505 (24.85%) covered=871 layouts=871 running=14/14 remaining=2634 elapsed=00:42:30 rate=9.69 sig/min ETA=04:31:44
[COVERAGE] selected_mass(global)=47.579% covered_mass(global contribution)=23.855%
[LONGEST] id=18714 rank=1748 left=4,2,3,1,4,1,2 elapsed=00:01:00
[RETURN id=18714 rank=01748] left=4,2,3,1,4,1,2 status=TIMEOUT layouts=0/1 complete=False time=00:01:00
[RETURN id=18726 rank=01750] left=4,2,3,2,1,1,4 status=TIMEOUT layouts=0/1 complete=False time=00:01:00
[RETURN id=18852 rank=01763] left=4,2,4,2,1,3,1 status=QUOTA_REACHED layouts=1/1 complete=True time=00:00:39
[RETURN id=18832 rank=01759] left=4,2,4,1,2,3,1 status=QUOTA_REACHED layouts=1/1 complete=True time=00:00:52
[RETURN id=19194 rank=01775] left=4,3,1,2,4,1,2 status=QUOTA_REACHED layouts=1/1 complete=True time=00:00:19
[RETURN id=18826 rank=01757] left=4,2,4,1,1,3,2 status=TIMEOUT layouts=0/1 complete=False time=00:01:00
[RETURN id=18870 rank=01765] left=4,2,4,3,1,1,2 status=QUOTA_REACHED layouts=1/1 complete=True time=00:00:59
[RETURN id=19324 rank=01787] left=4,3,2,2,1,4,1 status=QUOTA_REACHED layouts=1/1 complete=True time=00:00:25
[RETURN id=18874 rank=01767] left=4,2,4,3,2,1,1 status=TIMEOUT layouts=0/1 complete=False time=00:01:00
[GLOBAL] [######----------------------] done=876/3505 (24.99%) covered=876 layouts=876 running=14/14 remaining=2629 elapsed=00:43:00 rate=9.70 sig/min ETA=04:31:07
[COVERAGE] selected_mass(global)=47.579% covered_mass(global contribution)=23.924%
[LONGEST] id=19154 rank=1768 left=4,3,1,1,2,2,4 elapsed=00:01:00
[RETURN id=19154 rank=01768] left=4,3,1,1,2,2,4 status=TIMEOUT layouts=0/1 complete=False time=00:01:00
[RETURN id=19156 rank=01769] left=4,3,1,1,2,4,2 status=TIMEOUT layouts=0/1 complete=False time=00:01:00
[RETURN id=19528 rank=01794] left=4,3,4,1,2,2,1 status=QUOTA_REACHED layouts=1/1 complete=True time=00:00:21
[RETURN id=19310 rank=01785] left=4,3,2,1,4,2,1 status=QUOTA_REACHED layouts=1/1 complete=True time=00:00:35
[RETURN id=19166 rank=01770] left=4,3,1,1,4,2,2 status=TIMEOUT layouts=0/1 complete=False time=00:01:00
[RETURN id=19178 rank=01771] left=4,3,1,2,1,2,4 status=TIMEOUT layouts=0/1 complete=False time=00:01:00
[RETURN id=19828 rank=01802] left=4,4,1,2,1,3,2 status=QUOTA_REACHED layouts=1/1 complete=True time=00:00:16
[RETURN id=19238 rank=01779] left=4,3,1,4,2,2,1 status=TIMEOUT layouts=0/1 complete=False time=00:01:00
[GLOBAL] [#######---------------------] done=879/3505 (25.08%) covered=879 layouts=879 running=14/14 remaining=2626 elapsed=00:43:30 rate=9.65 sig/min ETA=04:32:00
[COVERAGE] selected_mass(global)=47.579% covered_mass(global contribution)=23.965%
[LONGEST] id=19298 rank=1782 left=4,3,2,1,2,1,4 elapsed=00:01:01
[RETURN id=19298 rank=01782] left=4,3,2,1,2,1,4 status=TIMEOUT layouts=0/1 complete=False time=00:01:00
[RETURN id=19832 rank=01803] left=4,4,1,2,2,1,3 status=QUOTA_REACHED layouts=1/1 complete=True time=00:00:33
[RETURN id=19336 rank=01788] left=4,3,2,2,4,1,1 status=TIMEOUT layouts=0/1 complete=False time=00:01:00
[RETURN id=19930 rank=01812] left=4,4,2,1,2,1,3 status=QUOTA_REACHED layouts=1/1 complete=True time=00:00:21
[RETURN id=19368 rank=01790] left=4,3,2,4,1,2,1 status=TIMEOUT layouts=0/1 complete=False time=00:01:00
[RETURN id=19542 rank=01795] left=4,3,4,2,1,1,2 status=TIMEOUT layouts=0/1 complete=False time=00:01:00
[RETURN id=19858 rank=01809] left=4,4,1,3,2,2,1 status=QUOTA_REACHED layouts=1/1 complete=True time=00:00:36
[RETURN id=19546 rank=01797] left=4,3,4,2,2,1,1 status=QUOTA_REACHED layouts=1/1 complete=True time=00:00:55
[RETURN id=19804 rank=01798] left=4,4,1,1,2,2,3 status=TIMEOUT layouts=0/1 complete=False time=00:01:00
[RETURN id=19810 rank=01800] left=4,4,1,1,3,2,2 status=TIMEOUT layouts=0/1 complete=False time=00:01:00
[GLOBAL] [#######---------------------] done=883/3505 (25.19%) covered=883 layouts=883 running=14/14 remaining=2622 elapsed=00:44:00 rate=9.64 sig/min ETA=04:32:06
[COVERAGE] selected_mass(global)=47.579% covered_mass(global contribution)=24.020%
[LONGEST] id=19834 rank=1804 left=4,4,1,2,2,3,1 elapsed=00:00:56
[RETURN id=19834 rank=01804] left=4,4,1,2,2,3,1 status=TIMEOUT layouts=0/1 complete=False time=00:01:00
[RETURN id=19838 rank=01806] left=4,4,1,2,3,2,1 status=TIMEOUT layouts=0/1 complete=False time=00:01:00
[RETURN id=19952 rank=01817] left=4,4,2,2,1,3,1 status=QUOTA_REACHED layouts=1/1 complete=True time=00:00:37
[RETURN id=01252 rank=01835] left=0,2,3,3,2,3,4 status=QUOTA_REACHED layouts=1/1 complete=True time=00:00:15
[RETURN id=19936 rank=01815] left=4,4,2,1,3,2,1 status=QUOTA_REACHED layouts=1/1 complete=True time=00:00:46
[RETURN id=19926 rank=01811] left=4,4,2,1,1,3,2 status=TIMEOUT layouts=0/1 complete=False time=00:01:00
[RETURN id=01262 rank=01839] left=0,2,3,3,4,2,3 status=QUOTA_REACHED layouts=1/1 complete=True time=00:00:12
[RETURN id=19932 rank=01813] left=4,4,2,1,2,3,1 status=QUOTA_REACHED layouts=1/1 complete=True time=00:00:50
[RETURN id=01286 rank=01843] left=0,2,3,4,3,3,2 status=QUOTA_REACHED layouts=1/1 complete=True time=00:00:09
[RETURN id=19950 rank=01816] left=4,4,2,2,1,1,3 status=QUOTA_REACHED layouts=1/1 complete=True time=00:00:48
[GLOBAL] [#######---------------------] done=890/3505 (25.39%) covered=890 layouts=890 running=14/14 remaining=2615 elapsed=00:44:30 rate=9.68 sig/min ETA=04:30:00
[COVERAGE] selected_mass(global)=47.579% covered_mass(global contribution)=24.108%
[LONGEST] id=19974 rank=1821 left=4,4,2,3,2,1,1 elapsed=00:00:51
[RETURN id=01280 rank=01841] left=0,2,3,4,2,3,3 status=QUOTA_REACHED layouts=1/1 complete=True time=00:00:15
[RETURN id=20048 rank=01826] left=4,4,3,2,1,2,1 status=QUOTA_REACHED layouts=1/1 complete=True time=00:00:42
[RETURN id=20032 rank=01823] left=4,4,3,1,2,1,2 status=QUOTA_REACHED layouts=1/1 complete=True time=00:00:50
[RETURN id=01232 rank=01832] left=0,2,3,2,3,3,4 status=QUOTA_REACHED layouts=1/1 complete=True time=00:00:39
[RETURN id=19974 rank=01821] left=4,4,2,3,2,1,1 status=TIMEOUT layouts=0/1 complete=False time=00:01:00
[RETURN id=20028 rank=01822] left=4,4,3,1,1,2,2 status=TIMEOUT layouts=0/1 complete=False time=00:01:00
[RETURN id=01880 rank=01858] left=0,3,2,4,3,2,3 status=QUOTA_REACHED layouts=1/1 complete=True time=00:00:19
[RETURN id=01258 rank=01838] left=0,2,3,3,3,4,2 status=QUOTA_REACHED layouts=1/1 complete=True time=00:00:41
[RETURN id=01134 rank=01828] left=0,2,2,3,3,3,4 status=TIMEOUT layouts=0/1 complete=False time=00:01:00
[GLOBAL] [#######---------------------] done=896/3505 (25.56%) covered=896 layouts=896 running=14/14 remaining=2609 elapsed=00:45:00 rate=9.71 sig/min ETA=04:28:40
[COVERAGE] selected_mass(global)=47.579% covered_mass(global contribution)=24.180%
[LONGEST] id=1400 rank=1846 left=0,2,4,3,3,2,3 elapsed=00:00:43
[RETURN id=02020 rank=01870] left=0,3,3,4,2,3,2 status=QUOTA_REACHED layouts=1/1 complete=True time=00:00:29
[RETURN id=01400 rank=01846] left=0,2,4,3,3,2,3 status=QUOTA_REACHED layouts=1/1 complete=True time=00:00:51
[RETURN id=02150 rank=01877] left=0,3,4,3,3,2,2 status=QUOTA_REACHED layouts=1/1 complete=True time=00:00:29
[RETURN id=01828 rank=01849] left=0,3,2,2,3,4,3 status=TIMEOUT layouts=0/1 complete=False time=00:01:00
[RETURN id=01832 rank=01850] left=0,3,2,2,4,3,3 status=TIMEOUT layouts=0/1 complete=False time=00:01:00
[RETURN id=01848 rank=01852] left=0,3,2,3,2,4,3 status=TIMEOUT layouts=0/1 complete=False time=00:01:00
[RETURN id=01968 rank=01863] left=0,3,3,2,3,4,2 status=QUOTA_REACHED layouts=1/1 complete=True time=00:00:49
[RETURN id=01962 rank=01860] left=0,3,3,2,2,3,4 status=TIMEOUT layouts=0/1 complete=False time=00:01:00
[GLOBAL] [#######---------------------] done=900/3505 (25.68%) covered=900 layouts=900 running=14/14 remaining=2605 elapsed=00:45:30 rate=9.69 sig/min ETA=04:28:47
[COVERAGE] selected_mass(global)=47.579% covered_mass(global contribution)=24.224%
[LONGEST] id=1966 rank=1862 left=0,3,3,2,3,2,4 elapsed=00:00:59
[RETURN id=02800 rank=01886] left=0,4,3,3,2,3,2 status=QUOTA_REACHED layouts=1/1 complete=True time=00:00:15
[RETURN id=01966 rank=01862] left=0,3,3,2,3,2,4 status=TIMEOUT layouts=0/1 complete=False time=00:01:00
[RETURN id=01972 rank=01864] left=0,3,3,2,4,2,3 status=TIMEOUT layouts=0/1 complete=False time=00:01:00
[RETURN id=02650 rank=01880] left=0,4,2,3,3,2,3 status=QUOTA_REACHED layouts=1/1 complete=True time=00:00:44
[RETURN id=02120 rank=01873] left=0,3,4,2,3,2,3 status=TIMEOUT layouts=0/1 complete=False time=00:01:00
[RETURN id=02144 rank=01875] left=0,3,4,3,2,2,3 status=QUOTA_REACHED layouts=1/1 complete=True time=00:00:55
[RETURN id=05324 rank=01893] left=1,2,2,2,5,3,2 status=QUOTA_REACHED layouts=1/1 complete=True time=00:00:22
[RETURN id=02622 rank=01878] left=0,4,2,2,3,3,3 status=TIMEOUT layouts=0/1 complete=False time=00:01:00
[GLOBAL] [#######---------------------] done=904/3505 (25.79%) covered=904 layouts=904 running=14/14 remaining=2601 elapsed=00:46:00 rate=9.67 sig/min ETA=04:28:53
[COVERAGE] selected_mass(global)=47.579% covered_mass(global contribution)=24.268%
[LONGEST] id=2770 rank=1882 left=0,4,3,2,2,3,3 elapsed=00:00:51
[RETURN id=05450 rank=01901] left=1,2,3,2,2,5,2 status=QUOTA_REACHED layouts=1/1 complete=True time=00:00:35
[RETURN id=05332 rank=01894] left=1,2,2,3,2,2,5 status=QUOTA_REACHED layouts=1/1 complete=True time=00:00:44
[RETURN id=02770 rank=01882] left=0,4,3,2,2,3,3 status=TIMEOUT layouts=0/1 complete=False time=00:01:00
[RETURN id=02776 rank=01884] left=0,4,3,2,3,3,2 status=TIMEOUT layouts=0/1 complete=False time=00:01:00
[RETURN id=07770 rank=01916] left=1,5,2,3,2,2,2 status=QUOTA_REACHED layouts=1/1 complete=True time=00:00:30
[RETURN id=05396 rank=01899] left=1,2,2,5,3,2,2 status=QUOTA_REACHED layouts=1/1 complete=True time=00:00:51
[RETURN id=05312 rank=01890] left=1,2,2,2,3,2,5 status=TIMEOUT layouts=0/1 complete=False time=00:01:00
[RETURN id=05390 rank=01897] left=1,2,2,5,2,2,3 status=TIMEOUT layouts=0/1 complete=False time=00:01:00
[RETURN id=08452 rank=01932] left=2,0,3,4,3,2,3 status=QUOTA_REACHED layouts=1/1 complete=True time=00:00:10
[GLOBAL] [#######---------------------] done=909/3505 (25.93%) covered=909 layouts=909 running=14/14 remaining=2596 elapsed=00:46:30 rate=9.68 sig/min ETA=04:28:16
[COVERAGE] selected_mass(global)=47.579% covered_mass(global contribution)=24.323%
[LONGEST] id=5464 rank=1902 left=1,2,3,2,5,2,2 elapsed=00:00:59
[RETURN id=05464 rank=01902] left=1,2,3,2,5,2,2 status=TIMEOUT layouts=0/1 complete=False time=00:01:00
[RETURN id=05534 rank=01903] left=1,2,3,5,2,2,2 status=TIMEOUT layouts=0/1 complete=False time=00:01:00
[RETURN id=05756 rank=01905] left=1,2,5,2,2,3,2 status=TIMEOUT layouts=0/1 complete=False time=00:01:00
[RETURN id=06102 rank=01908] left=1,3,2,2,2,2,5 status=TIMEOUT layouts=0/1 complete=False time=00:01:00
[RETURN id=06554 rank=01912] left=1,3,5,2,2,2,2 status=TIMEOUT layouts=0/1 complete=False time=00:01:00
[RETURN id=07742 rank=01914] left=1,5,2,2,2,3,2 status=QUOTA_REACHED layouts=1/1 complete=True time=00:00:58
[RETURN id=08302 rank=01919] left=2,0,2,3,3,4,3 status=QUOTA_REACHED layouts=1/1 complete=True time=00:00:37
[RETURN id=08400 rank=01923] left=2,0,3,2,3,4,3 status=QUOTA_REACHED layouts=1/1 complete=True time=00:00:33
[RETURN id=08990 rank=01938] left=2,1,2,2,2,3,5 status=QUOTA_REACHED layouts=1/1 complete=True time=00:00:15
[RETURN id=08326 rank=01921] left=2,0,2,4,3,3,3 status=QUOTA_REACHED layouts=1/1 complete=True time=00:00:47
[GLOBAL] [#######---------------------] done=914/3505 (26.08%) covered=914 layouts=914 running=14/14 remaining=2591 elapsed=00:47:00 rate=9.68 sig/min ETA=04:27:39
[COVERAGE] selected_mass(global)=47.579% covered_mass(global contribution)=24.378%
[LONGEST] id=8306 rank=1920 left=2,0,2,3,4,3,3 elapsed=00:00:54
[RETURN id=08306 rank=01920] left=2,0,2,3,4,3,3 status=TIMEOUT layouts=0/1 complete=False time=00:01:00
[RETURN id=09552 rank=01959] left=2,2,0,3,3,4,3 status=QUOTA_REACHED layouts=1/1 complete=True time=00:00:20
[RETURN id=09648 rank=01964] left=2,2,1,2,3,2,5 status=QUOTA_REACHED layouts=1/1 complete=True time=00:00:14
[RETURN id=09128 rank=01950] left=2,1,3,2,2,2,5 status=QUOTA_REACHED layouts=1/1 complete=True time=00:00:30
[RETURN id=09668 rank=01968] left=2,2,1,3,2,2,5 status=QUOTA_REACHED layouts=1/1 complete=True time=00:00:08
[RETURN id=08430 rank=01930] left=2,0,3,3,4,3,2 status=TIMEOUT layouts=0/1 complete=False time=00:01:00
[RETURN id=08404 rank=01924] left=2,0,3,2,4,3,3 status=TIMEOUT layouts=0/1 complete=False time=00:01:00
[RETURN id=08562 rank=01935] left=2,0,4,3,2,3,3 status=QUOTA_REACHED layouts=1/1 complete=True time=00:00:53
[RETURN id=09436 rank=01954] left=2,1,5,2,2,2,3 status=QUOTA_REACHED layouts=1/1 complete=True time=00:00:35
[RETURN id=09760 rank=01974] left=2,2,2,1,2,3,5 status=QUOTA_REACHED layouts=1/1 complete=True time=00:00:04
[RETURN id=08568 rank=01937] left=2,0,4,3,3,3,2 status=QUOTA_REACHED layouts=1/1 complete=True time=00:00:52
[GLOBAL] [#######---------------------] done=922/3505 (26.31%) covered=922 layouts=922 running=14/14 remaining=2583 elapsed=00:47:30 rate=9.75 sig/min ETA=04:25:00
[COVERAGE] selected_mass(global)=47.579% covered_mass(global contribution)=24.467%
[LONGEST] id=8992 rank=1939 left=2,1,2,2,2,5,3 elapsed=00:00:52
[RETURN id=09762 rank=01975] left=2,2,2,1,2,5,3 status=QUOTA_REACHED layouts=1/1 complete=True time=00:00:16
[RETURN id=08992 rank=01939] left=2,1,2,2,2,5,3 status=TIMEOUT layouts=0/1 complete=False time=00:01:00
[RETURN id=09016 rank=01945] left=2,1,2,3,2,5,2 status=TIMEOUT layouts=0/1 complete=False time=00:01:00
[RETURN id=08996 rank=01941] left=2,1,2,2,3,5,2 status=TIMEOUT layouts=0/1 complete=False time=00:01:00
[RETURN id=09030 rank=01946] left=2,1,2,3,5,2,2 status=TIMEOUT layouts=0/1 complete=False time=00:01:00
[RETURN id=09072 rank=01948] left=2,1,2,5,2,3,2 status=TIMEOUT layouts=0/1 complete=False time=00:01:00
[RETURN id=09732 rank=01973] left=2,2,1,5,3,2,2 status=QUOTA_REACHED layouts=1/1 complete=True time=00:00:35
[RETURN id=09814 rank=01989] left=2,2,2,3,2,5,1 status=QUOTA_REACHED layouts=1/1 complete=True time=00:00:13
[GLOBAL] [#######---------------------] done=925/3505 (26.39%) covered=925 layouts=925 running=14/14 remaining=2580 elapsed=00:48:00 rate=9.71 sig/min ETA=04:25:46
[COVERAGE] selected_mass(global)=47.579% covered_mass(global contribution)=24.500%
[LONGEST] id=9660 rank=1967 left=2,2,1,2,5,3,2 elapsed=00:00:53
[RETURN id=09726 rank=01971] left=2,2,1,5,2,2,3 status=QUOTA_REACHED layouts=1/1 complete=True time=00:00:49
[RETURN id=09660 rank=01967] left=2,2,1,2,5,3,2 status=TIMEOUT layouts=0/1 complete=False time=00:01:00
[RETURN id=09766 rank=01977] left=2,2,2,1,3,5,2 status=QUOTA_REACHED layouts=1/1 complete=True time=00:00:52
[RETURN id=09908 rank=02001] left=2,2,3,1,2,2,5 status=QUOTA_REACHED layouts=1/1 complete=True time=00:00:23
[RETURN id=09774 rank=01978] left=2,2,2,1,5,2,3 status=TIMEOUT layouts=0/1 complete=False time=00:01:00
[RETURN id=09780 rank=01980] left=2,2,2,2,1,3,5 status=TIMEOUT layouts=0/1 complete=False time=00:01:00
[RETURN id=09782 rank=01981] left=2,2,2,2,1,5,3 status=TIMEOUT layouts=0/1 complete=False time=00:01:00
[RETURN id=09806 rank=01986] left=2,2,2,3,1,2,5 status=TIMEOUT layouts=0/1 complete=False time=00:01:00
[RETURN id=09828 rank=01991] left=2,2,2,3,5,2,1 status=QUOTA_REACHED layouts=1/1 complete=True time=00:00:42
[RETURN id=09978 rank=02015] left=2,2,3,3,4,3,0 status=QUOTA_REACHED layouts=1/1 complete=True time=00:00:05
[RETURN id=09810 rank=01988] left=2,2,2,3,2,1,5 status=QUOTA_REACHED layouts=1/1 complete=True time=00:00:52
[GLOBAL] [#######---------------------] done=931/3505 (26.56%) covered=931 layouts=931 running=14/14 remaining=2574 elapsed=00:48:30 rate=9.73 sig/min ETA=04:24:30
[COVERAGE] selected_mass(global)=47.579% covered_mass(global contribution)=24.566%
[LONGEST] id=9864 rank=1992 left=2,2,2,5,1,2,3 elapsed=00:00:49
[RETURN id=09864 rank=01992] left=2,2,2,5,1,2,3 status=TIMEOUT layouts=0/1 complete=False time=00:01:00
[RETURN id=09874 rank=01996] left=2,2,2,5,3,1,2 status=TIMEOUT layouts=0/1 complete=False time=00:01:00
[RETURN id=09890 rank=01999] left=2,2,3,0,3,4,3 status=TIMEOUT layouts=0/1 complete=False time=00:01:00
[RETURN id=10206 rank=02026] left=2,2,5,1,2,2,3 status=QUOTA_REACHED layouts=1/1 complete=True time=00:00:25
[RETURN id=09974 rank=02013] left=2,2,3,3,3,4,0 status=QUOTA_REACHED layouts=1/1 complete=True time=00:00:31
[RETURN id=10020 rank=02021] left=2,2,3,5,2,2,1 status=QUOTA_REACHED layouts=1/1 complete=True time=00:00:28
[RETURN id=09894 rank=02000] left=2,2,3,0,4,3,3 status=TIMEOUT layouts=0/1 complete=False time=00:01:00
[RETURN id=10260 rank=02037] left=2,2,5,3,2,2,1 status=QUOTA_REACHED layouts=1/1 complete=True time=00:00:08
[GLOBAL] [#######---------------------] done=935/3505 (26.68%) covered=935 layouts=935 running=14/14 remaining=2570 elapsed=00:49:00 rate=9.71 sig/min ETA=04:24:34
[COVERAGE] selected_mass(global)=47.579% covered_mass(global contribution)=24.610%
[LONGEST] id=9952 rank=2008 left=2,2,3,2,5,1,2 elapsed=00:00:58
[RETURN id=09998 rank=02017] left=2,2,3,4,3,0,3 status=QUOTA_REACHED layouts=1/1 complete=True time=00:00:39
[RETURN id=09952 rank=02008] left=2,2,3,2,5,1,2 status=TIMEOUT layouts=0/1 complete=False time=00:01:00
[RETURN id=10212 rank=02028] left=2,2,5,1,3,2,2 status=QUOTA_REACHED layouts=1/1 complete=True time=00:00:36
[RETURN id=09970 rank=02012] left=2,2,3,3,3,0,4 status=QUOTA_REACHED layouts=1/1 complete=True time=00:00:56
[RETURN id=09956 rank=02010] left=2,2,3,3,0,3,4 status=TIMEOUT layouts=0/1 complete=False time=00:01:00
[RETURN id=10236 rank=02032] left=2,2,5,2,2,3,1 status=QUOTA_REACHED layouts=1/1 complete=True time=00:00:27
[RETURN id=10126 rank=02025] left=2,2,4,3,3,3,0 status=TIMEOUT layouts=0/1 complete=False time=00:01:00
[RETURN id=10234 rank=02031] left=2,2,5,2,2,1,3 status=TIMEOUT layouts=0/1 complete=False time=00:01:00
[GLOBAL] [#######---------------------] done=939/3505 (26.79%) covered=939 layouts=939 running=14/14 remaining=2566 elapsed=00:49:30 rate=9.70 sig/min ETA=04:24:38
[COVERAGE] selected_mass(global)=47.579% covered_mass(global contribution)=24.654%
[LONGEST] id=10240 rank=2034 left=2,2,5,2,3,2,1 elapsed=00:00:46
[RETURN id=10326 rank=02039] left=2,3,0,2,3,4,3 status=QUOTA_REACHED layouts=1/1 complete=True time=00:00:43
[RETURN id=10240 rank=02034] left=2,2,5,2,3,2,1 status=QUOTA_REACHED layouts=1/1 complete=True time=00:00:50
[RETURN id=10462 rank=02051] left=2,3,1,2,2,5,2 status=QUOTA_REACHED layouts=1/1 complete=True time=00:00:34
[RETURN id=10610 rank=02061] left=2,3,2,2,1,5,2 status=QUOTA_REACHED layouts=1/1 complete=True time=00:00:21
[RETURN id=10356 rank=02046] left=2,3,0,3,4,3,2 status=QUOTA_REACHED layouts=1/1 complete=True time=00:00:55
[RETURN id=10650 rank=02069] left=2,3,2,3,3,4,0 status=QUOTA_REACHED layouts=1/1 complete=True time=00:00:16
[RETURN id=10330 rank=02040] left=2,3,0,2,4,3,3 status=TIMEOUT layouts=0/1 complete=False time=00:01:00
[RETURN id=10346 rank=02042] left=2,3,0,3,2,4,3 status=TIMEOUT layouts=0/1 complete=False time=00:01:00
[RETURN id=10378 rank=02048] left=2,3,0,4,3,2,3 status=TIMEOUT layouts=0/1 complete=False time=00:01:00
[RETURN id=10632 rank=02066] left=2,3,2,3,0,3,4 status=QUOTA_REACHED layouts=1/1 complete=True time=00:00:24
[GLOBAL] [#######---------------------] done=946/3505 (26.99%) covered=946 layouts=946 running=14/14 remaining=2559 elapsed=00:50:00 rate=9.74 sig/min ETA=04:22:45
[COVERAGE] selected_mass(global)=47.579% covered_mass(global contribution)=24.731%
[LONGEST] id=10476 rank=2052 left=2,3,1,2,5,2,2 elapsed=00:00:57
[RETURN id=10476 rank=02052] left=2,3,1,2,5,2,2 status=TIMEOUT layouts=0/1 complete=False time=00:01:00
[RETURN id=10546 rank=02053] left=2,3,1,5,2,2,2 status=TIMEOUT layouts=0/1 complete=False time=00:01:00
[RETURN id=10566 rank=02055] left=2,3,2,0,3,4,3 status=TIMEOUT layouts=0/1 complete=False time=00:01:00
[RETURN id=10570 rank=02056] left=2,3,2,0,4,3,3 status=TIMEOUT layouts=0/1 complete=False time=00:01:00
[RETURN id=10584 rank=02057] left=2,3,2,1,2,2,5 status=TIMEOUT layouts=0/1 complete=False time=00:01:00
[RETURN id=10784 rank=02090] left=2,3,3,3,0,2,4 status=QUOTA_REACHED layouts=1/1 complete=True time=00:00:10
[RETURN id=10674 rank=02073] left=2,3,2,4,3,0,3 status=QUOTA_REACHED layouts=1/1 complete=True time=00:00:28
[RETURN id=10786 rank=02091] left=2,3,3,3,0,4,2 status=QUOTA_REACHED layouts=1/1 complete=True time=00:00:09
[RETURN id=10714 rank=02080] left=2,3,3,0,3,2,4 status=QUOTA_REACHED layouts=1/1 complete=True time=00:00:34
[RETURN id=10822 rank=02099] left=2,3,3,4,2,3,0 status=QUOTA_REACHED layouts=1/1 complete=True time=00:00:10
[RETURN id=10628 rank=02064] left=2,3,2,2,5,1,2 status=TIMEOUT layouts=0/1 complete=False time=00:01:00
[GLOBAL] [#######---------------------] done=951/3505 (27.13%) covered=951 layouts=951 running=14/14 remaining=2554 elapsed=00:50:30 rate=9.74 sig/min ETA=04:22:10
[COVERAGE] selected_mass(global)=47.579% covered_mass(global contribution)=24.786%
[LONGEST] id=10654 rank=2071 left=2,3,2,3,4,3,0 elapsed=00:00:53
[RETURN id=10696 rank=02077] left=2,3,2,5,2,2,1 status=QUOTA_REACHED layouts=1/1 complete=True time=00:00:38
[RETURN id=10798 rank=02093] left=2,3,3,3,2,4,0 status=QUOTA_REACHED layouts=1/1 complete=True time=00:00:22
[RETURN id=10776 rank=02088] left=2,3,3,2,4,0,3 status=QUOTA_REACHED layouts=1/1 complete=True time=00:00:31
[RETURN id=10654 rank=02071] left=2,3,2,3,4,3,0 status=TIMEOUT layouts=0/1 complete=False time=00:01:00
[RETURN id=10716 rank=02081] left=2,3,3,0,3,4,2 status=QUOTA_REACHED layouts=1/1 complete=True time=00:00:50
[RETURN id=10660 rank=02072] left=2,3,2,4,0,3,3 status=TIMEOUT layouts=0/1 complete=False time=00:01:00
[RETURN id=10926 rank=02109] left=2,3,4,3,0,3,2 status=QUOTA_REACHED layouts=1/1 complete=True time=00:00:18
[RETURN id=10940 rank=02113] left=2,3,4,3,3,2,0 status=QUOTA_REACHED layouts=1/1 complete=True time=00:00:16
[RETURN id=10720 rank=02082] left=2,3,3,0,4,2,3 status=TIMEOUT layouts=0/1 complete=False time=00:01:00
[RETURN id=10914 rank=02106] left=2,3,4,2,3,0,3 status=QUOTA_REACHED layouts=1/1 complete=True time=00:00:30
[RETURN id=10758 rank=02085] left=2,3,3,2,0,4,3 status=TIMEOUT layouts=0/1 complete=False time=00:01:00
[GLOBAL] [#######---------------------] done=958/3505 (27.33%) covered=958 layouts=958 running=14/14 remaining=2547 elapsed=00:51:00 rate=9.78 sig/min ETA=04:20:20
[COVERAGE] selected_mass(global)=47.579% covered_mass(global contribution)=24.863%
[LONGEST] id=10794 rank=2092 left=2,3,3,3,2,0,4 elapsed=00:00:49
[RETURN id=11034 rank=02117] left=2,3,5,2,2,2,1 status=QUOTA_REACHED layouts=1/1 complete=True time=00:00:22
[RETURN id=10794 rank=02092] left=2,3,3,3,2,0,4 status=TIMEOUT layouts=0/1 complete=False time=00:01:00
[RETURN id=10810 rank=02096] left=2,3,3,4,0,2,3 status=QUOTA_REACHED layouts=1/1 complete=True time=00:01:00
[RETURN id=10858 rank=02103] left=2,3,4,0,3,2,3 status=TIMEOUT layouts=0/1 complete=False time=00:01:00
[RETURN id=11454 rank=02124] left=2,4,2,3,3,0,3 status=QUOTA_REACHED layouts=1/1 complete=True time=00:00:25
[RETURN id=10900 rank=02105] left=2,3,4,2,0,3,3 status=TIMEOUT layouts=0/1 complete=False time=00:01:00
[GLOBAL] [#######---------------------] done=961/3505 (27.42%) covered=961 layouts=961 running=14/14 remaining=2544 elapsed=00:51:30 rate=9.75 sig/min ETA=04:21:00
[COVERAGE] selected_mass(global)=47.579% covered_mass(global contribution)=24.896%
[LONGEST] id=10934 rank=2110 left=2,3,4,3,2,0,3 elapsed=00:01:00
[RETURN id=10934 rank=02110] left=2,3,4,3,2,0,3 status=TIMEOUT layouts=0/1 complete=False time=00:01:00
[RETURN id=10938 rank=02112] left=2,3,4,3,3,0,2 status=TIMEOUT layouts=0/1 complete=False time=00:01:00
[RETURN id=11580 rank=02132] left=2,4,3,3,0,2,3 status=QUOTA_REACHED layouts=1/1 complete=True time=00:00:37
[RETURN id=11120 rank=02118] left=2,4,0,2,3,3,3 status=TIMEOUT layouts=0/1 complete=False time=00:01:00
[RETURN id=11148 rank=02120] left=2,4,0,3,3,2,3 status=TIMEOUT layouts=0/1 complete=False time=00:01:00
[RETURN id=11370 rank=02122] left=2,4,2,0,3,3,3 status=TIMEOUT layouts=0/1 complete=False time=00:01:00
[RETURN id=11440 rank=02123] left=2,4,2,3,0,3,3 status=TIMEOUT layouts=0/1 complete=False time=00:01:00
[RETURN id=11514 rank=02128] left=2,4,3,0,3,3,2 status=TIMEOUT layouts=0/1 complete=False time=00:01:00
[GLOBAL] [#######---------------------] done=962/3505 (27.45%) covered=962 layouts=962 running=14/14 remaining=2543 elapsed=00:52:00 rate=9.67 sig/min ETA=04:22:54
[COVERAGE] selected_mass(global)=47.579% covered_mass(global contribution)=24.907%
[LONGEST] id=12018 rank=2139 left=2,5,1,2,2,3,2 elapsed=00:00:59
[RETURN id=12018 rank=02139] left=2,5,1,2,2,3,2 status=TIMEOUT layouts=0/1 complete=False time=00:01:00
[RETURN id=12162 rank=02148] left=2,5,2,2,2,3,1 status=QUOTA_REACHED layouts=1/1 complete=True time=00:00:31
[RETURN id=12138 rank=02144] left=2,5,2,1,3,2,2 status=QUOTA_REACHED layouts=1/1 complete=True time=00:00:44
[RETURN id=12160 rank=02147] left=2,5,2,2,2,1,3 status=QUOTA_REACHED layouts=1/1 complete=True time=00:00:37
[RETURN id=12166 rank=02150] left=2,5,2,2,3,2,1 status=QUOTA_REACHED layouts=1/1 complete=True time=00:00:35
[RETURN id=12046 rank=02141] left=2,5,1,3,2,2,2 status=TIMEOUT layouts=0/1 complete=False time=00:01:00
[RETURN id=12132 rank=02142] left=2,5,2,1,2,2,3 status=TIMEOUT layouts=0/1 complete=False time=00:01:00
[RETURN id=12706 rank=02166] left=3,0,2,3,4,3,2 status=QUOTA_REACHED layouts=1/1 complete=True time=00:00:20
[RETURN id=12156 rank=02146] left=2,5,2,2,1,3,2 status=TIMEOUT layouts=0/1 complete=False time=00:01:00
[RETURN id=12676 rank=02159] left=3,0,2,2,3,4,3 status=QUOTA_REACHED layouts=1/1 complete=True time=00:00:35
[GLOBAL] [#######---------------------] done=968/3505 (27.62%) covered=968 layouts=968 running=14/14 remaining=2537 elapsed=00:52:30 rate=9.69 sig/min ETA=04:21:41
[COVERAGE] selected_mass(global)=47.579% covered_mass(global contribution)=24.973%
[LONGEST] id=12186 rank=2153 left=2,5,2,3,2,2,1 elapsed=00:00:54
[RETURN id=12810 rank=02170] left=3,0,3,2,2,3,4 status=QUOTA_REACHED layouts=1/1 complete=True time=00:00:28
[RETURN id=12820 rank=02174] left=3,0,3,2,4,2,3 status=QUOTA_REACHED layouts=1/1 complete=True time=00:00:27
[RETURN id=12186 rank=02153] left=2,5,2,3,2,2,1 status=TIMEOUT layouts=0/1 complete=False time=00:01:00
[RETURN id=12284 rank=02157] left=2,5,3,2,2,2,1 status=TIMEOUT layouts=0/1 complete=False time=00:01:00
[RETURN id=12680 rank=02160] left=3,0,2,2,4,3,3 status=TIMEOUT layouts=0/1 complete=False time=00:01:00
[RETURN id=14060 rank=02204] left=3,2,0,4,3,3,2 status=QUOTA_REACHED layouts=1/1 complete=True time=00:00:18
[RETURN id=12696 rank=02162] left=3,0,2,3,2,4,3 status=TIMEOUT layouts=0/1 complete=False time=00:01:00
[RETURN id=14032 rank=02199] left=3,2,0,3,3,4,2 status=QUOTA_REACHED layouts=1/1 complete=True time=00:00:24
[GLOBAL] [#######---------------------] done=972/3505 (27.73%) covered=972 layouts=972 running=14/14 remaining=2533 elapsed=00:53:00 rate=9.68 sig/min ETA=04:21:42
[COVERAGE] selected_mass(global)=47.579% covered_mass(global contribution)=25.018%
[LONGEST] id=12816 rank=2173 left=3,0,3,2,3,4,2 elapsed=00:00:58
[RETURN id=14026 rank=02196] left=3,2,0,3,2,3,4 status=QUOTA_REACHED layouts=1/1 complete=True time=00:00:38
[RETURN id=14268 rank=02213] left=3,2,2,1,2,5,2 status=QUOTA_REACHED layouts=1/1 complete=True time=00:00:10
[RETURN id=14282 rank=02214] left=3,2,2,1,5,2,2 status=QUOTA_REACHED layouts=1/1 complete=True time=00:00:10
[RETURN id=12992 rank=02185] left=3,0,4,3,2,2,3 status=QUOTA_REACHED layouts=1/1 complete=True time=00:00:51
[RETURN id=12816 rank=02173] left=3,0,3,2,3,4,2 status=TIMEOUT layouts=0/1 complete=False time=00:01:00
[RETURN id=12968 rank=02183] left=3,0,4,2,3,2,3 status=TIMEOUT layouts=0/1 complete=False time=00:01:00
[RETURN id=12998 rank=02187] left=3,0,4,3,3,2,2 status=TIMEOUT layouts=0/1 complete=False time=00:01:00
[RETURN id=14140 rank=02205] left=3,2,1,2,2,2,5 status=QUOTA_REACHED layouts=1/1 complete=True time=00:00:38
[RETURN id=13464 rank=02188] left=3,1,2,2,2,2,5 status=TIMEOUT layouts=0/1 complete=False time=00:01:00
[RETURN id=14006 rank=02193] left=3,2,0,2,3,3,4 status=TIMEOUT layouts=0/1 complete=False time=00:01:00
[RETURN id=14030 rank=02198] left=3,2,0,3,3,2,4 status=TIMEOUT layouts=0/1 complete=False time=00:01:00
[RETURN id=14376 rank=02231] left=3,2,2,5,2,1,2 status=QUOTA_REACHED layouts=1/1 complete=True time=00:00:11
[GLOBAL] [#######---------------------] done=978/3505 (27.90%) covered=978 layouts=978 running=14/14 remaining=2527 elapsed=00:53:30 rate=9.70 sig/min ETA=04:20:30
[COVERAGE] selected_mass(global)=47.579% covered_mass(global contribution)=25.084%
[LONGEST] id=14246 rank=2209 left=3,2,2,0,3,3,4 elapsed=00:00:45
[RETURN id=14392 rank=02234] left=3,2,3,0,2,4,3 status=QUOTA_REACHED layouts=1/1 complete=True time=00:00:15
[RETURN id=14314 rank=02222] left=3,2,2,3,0,4,3 status=QUOTA_REACHED layouts=1/1 complete=True time=00:00:36
[RETURN id=14246 rank=02209] left=3,2,2,0,3,3,4 status=TIMEOUT layouts=0/1 complete=False time=00:01:00
[RETURN id=14460 rank=02244] left=3,2,3,2,4,3,0 status=QUOTA_REACHED layouts=1/1 complete=True time=00:00:20
[RETURN id=14288 rank=02215] left=3,2,2,2,1,2,5 status=TIMEOUT layouts=0/1 complete=False time=00:01:00
[RETURN id=14292 rank=02217] left=3,2,2,2,2,1,5 status=TIMEOUT layouts=0/1 complete=False time=00:01:00
[RETURN id=14372 rank=02230] left=3,2,2,5,1,2,2 status=QUOTA_REACHED layouts=1/1 complete=True time=00:00:51
[GLOBAL] [#######---------------------] done=982/3505 (28.02%) covered=982 layouts=982 running=14/14 remaining=2523 elapsed=00:54:00 rate=9.68 sig/min ETA=04:20:31
[COVERAGE] selected_mass(global)=47.579% covered_mass(global contribution)=25.128%
[LONGEST] id=14296 rank=2218 left=3,2,2,2,2,5,1 elapsed=00:01:00
[RETURN id=14296 rank=02218] left=3,2,2,2,2,5,1 status=TIMEOUT layouts=0/1 complete=False time=00:01:00
[RETURN id=14310 rank=02220] left=3,2,2,2,5,2,1 status=TIMEOUT layouts=0/1 complete=False time=00:01:00
[RETURN id=14332 rank=02225] left=3,2,2,3,4,0,3 status=TIMEOUT layouts=0/1 complete=False time=00:01:00
[RETURN id=14358 rank=02229] left=3,2,2,4,3,3,0 status=TIMEOUT layouts=0/1 complete=False time=00:01:00
[RETURN id=14534 rank=02257] left=3,2,4,0,2,3,3 status=QUOTA_REACHED layouts=1/1 complete=True time=00:00:14
[RETURN id=14402 rank=02238] left=3,2,3,0,4,3,2 status=TIMEOUT layouts=0/1 complete=False time=00:01:00
[RETURN id=14492 rank=02252] left=3,2,3,4,0,3,2 status=QUOTA_REACHED layouts=1/1 complete=True time=00:00:34
[RETURN id=14504 rank=02255] left=3,2,3,4,3,0,2 status=QUOTA_REACHED layouts=1/1 complete=True time=00:00:25
[RETURN id=14438 rank=02239] left=3,2,3,2,0,3,4 status=TIMEOUT layouts=0/1 complete=False time=00:01:00
[RETURN id=14484 rank=02249] left=3,2,3,3,4,0,2 status=QUOTA_REACHED layouts=1/1 complete=True time=00:00:44
[RETURN id=14452 rank=02241] left=3,2,3,2,3,0,4 status=TIMEOUT layouts=0/1 complete=False time=00:01:00
[RETURN id=14456 rank=02242] left=3,2,3,2,3,4,0 status=TIMEOUT layouts=0/1 complete=False time=00:01:00
[RETURN id=14710 rank=02270] left=3,2,5,2,1,2,2 status=QUOTA_REACHED layouts=1/1 complete=True time=00:00:07
[GLOBAL] [#######---------------------] done=987/3505 (28.16%) covered=987 layouts=987 running=14/14 remaining=2518 elapsed=00:54:30 rate=9.69 sig/min ETA=04:19:55
[COVERAGE] selected_mass(global)=47.579% covered_mass(global contribution)=25.183%
[LONGEST] id=14500 rank=2253 left=3,2,3,4,2,0,3 elapsed=00:00:38
[RETURN id=14690 rank=02269] left=3,2,5,1,2,2,2 status=QUOTA_REACHED layouts=1/1 complete=True time=00:00:18
[RETURN id=14606 rank=02263] left=3,2,4,3,0,2,3 status=QUOTA_REACHED layouts=1/1 complete=True time=00:00:38
[RETURN id=14618 rank=02266] left=3,2,4,3,2,3,0 status=QUOTA_REACHED layouts=1/1 complete=True time=00:00:39
[RETURN id=14598 rank=02262] left=3,2,4,2,3,3,0 status=QUOTA_REACHED layouts=1/1 complete=True time=00:00:45
[RETURN id=14500 rank=02253] left=3,2,3,4,2,0,3 status=TIMEOUT layouts=0/1 complete=False time=00:01:00
[RETURN id=14506 rank=02256] left=3,2,3,4,3,2,0 status=TIMEOUT layouts=0/1 complete=False time=00:01:00
[RETURN id=14802 rank=02276] left=3,3,0,2,3,4,2 status=QUOTA_REACHED layouts=1/1 complete=True time=00:00:35
[GLOBAL] [#######---------------------] done=992/3505 (28.30%) covered=992 layouts=992 running=14/14 remaining=2513 elapsed=00:55:00 rate=9.69 sig/min ETA=04:19:20
[COVERAGE] selected_mass(global)=47.579% covered_mass(global contribution)=25.238%
[LONGEST] id=14540 rank=2259 left=3,2,4,0,3,3,2 elapsed=00:00:59
[RETURN id=14540 rank=02259] left=3,2,4,0,3,3,2 status=TIMEOUT layouts=0/1 complete=False time=00:01:00
[RETURN id=14714 rank=02271] left=3,2,5,2,2,1,2 status=QUOTA_REACHED layouts=1/1 complete=True time=00:00:43
[RETURN id=15046 rank=02285] left=3,3,2,0,2,3,4 status=QUOTA_REACHED layouts=1/1 complete=True time=00:00:44
[RETURN id=14796 rank=02273] left=3,3,0,2,2,3,4 status=TIMEOUT layouts=0/1 complete=False time=00:01:00
[RETURN id=14800 rank=02275] left=3,3,0,2,3,2,4 status=TIMEOUT layouts=0/1 complete=False time=00:01:00
[RETURN id=15200 rank=02311] left=3,3,3,0,4,2,2 status=QUOTA_REACHED layouts=1/1 complete=True time=00:00:11
[RETURN id=14854 rank=02283] left=3,3,0,4,2,3,2 status=TIMEOUT layouts=0/1 complete=False time=00:01:00
[RETURN id=15120 rank=02297] left=3,3,2,3,0,2,4 status=QUOTA_REACHED layouts=1/1 complete=True time=00:00:35
[RETURN id=15050 rank=02287] left=3,3,2,0,3,2,4 status=TIMEOUT layouts=0/1 complete=False time=00:01:00
[GLOBAL] [#######---------------------] done=996/3505 (28.42%) covered=996 layouts=996 running=14/14 remaining=2509 elapsed=00:55:30 rate=9.68 sig/min ETA=04:19:19
[COVERAGE] selected_mass(global)=47.579% covered_mass(global contribution)=25.282%
[LONGEST] id=15052 rank=2288 left=3,3,2,0,3,4,2 elapsed=00:00:58
[RETURN id=15052 rank=02288] left=3,3,2,0,3,4,2 status=TIMEOUT layouts=0/1 complete=False time=00:01:00
[RETURN id=15094 rank=02292] left=3,3,2,2,0,4,3 status=QUOTA_REACHED layouts=1/1 complete=True time=00:00:52
[RETURN id=15380 rank=02330] left=3,3,4,3,0,2,2 status=QUOTA_REACHED layouts=1/1 complete=True time=00:00:07
[RETURN id=15056 rank=02289] left=3,3,2,0,4,2,3 status=TIMEOUT layouts=0/1 complete=False time=00:01:00
[RETURN id=15112 rank=02295] left=3,3,2,2,4,0,3 status=TIMEOUT layouts=0/1 complete=False time=00:01:00
[RETURN id=15372 rank=02328] left=3,3,4,2,3,0,2 status=QUOTA_REACHED layouts=1/1 complete=True time=00:00:21
[RETURN id=15256 rank=02317] left=3,3,3,2,4,2,0 status=QUOTA_REACHED layouts=1/1 complete=True time=00:00:29
[RETURN id=15158 rank=02306] left=3,3,2,4,2,3,0 status=QUOTA_REACHED layouts=1/1 complete=True time=00:00:52
[RETURN id=15190 rank=02310] left=3,3,3,0,2,4,2 status=QUOTA_REACHED layouts=1/1 complete=True time=00:00:54
[RETURN id=15130 rank=02299] left=3,3,2,3,2,0,4 status=TIMEOUT layouts=0/1 complete=False time=00:01:00
[GLOBAL] [########--------------------] done=1002/3505 (28.59%) covered=1002 layouts=1002 running=14/14 remaining=2503 elapsed=00:56:00 rate=9.70 sig/min ETA=04:18:09
[COVERAGE] selected_mass(global)=47.579% covered_mass(global contribution)=25.348%
[LONGEST] id=15134 rank=2300 left=3,3,2,3,2,4,0 elapsed=00:01:00
[RETURN id=15134 rank=02300] left=3,3,2,3,2,4,0 status=TIMEOUT layouts=0/1 complete=False time=00:01:00
[RETURN id=15374 rank=02329] left=3,3,4,2,3,2,0 status=QUOTA_REACHED layouts=1/1 complete=True time=00:00:37
[RETURN id=15316 rank=02321] left=3,3,4,0,2,2,3 status=TIMEOUT layouts=0/1 complete=False time=00:01:00
[RETURN id=15360 rank=02325] left=3,3,4,2,0,3,2 status=TIMEOUT layouts=0/1 complete=False time=00:01:00
[RETURN id=15368 rank=02326] left=3,3,4,2,2,0,3 status=TIMEOUT layouts=0/1 complete=False time=00:01:00
[RETURN id=15868 rank=02348] left=3,4,2,3,2,3,0 status=QUOTA_REACHED layouts=1/1 complete=True time=00:00:31
[GLOBAL] [########--------------------] done=1004/3505 (28.64%) covered=1004 layouts=1004 running=14/14 remaining=2501 elapsed=00:56:30 rate=9.65 sig/min ETA=04:19:17
[COVERAGE] selected_mass(global)=47.579% covered_mass(global contribution)=25.370%
[LONGEST] id=15544 rank=2333 left=3,4,0,2,2,3,3 elapsed=00:00:51
[RETURN id=16984 rank=02370] left=4,0,2,3,3,2,3 status=QUOTA_REACHED layouts=1/1 complete=True time=00:00:09
[RETURN id=15544 rank=02333] left=3,4,0,2,2,3,3 status=TIMEOUT layouts=0/1 complete=False time=00:01:00
[RETURN id=15574 rank=02337] left=3,4,0,3,2,3,2 status=QUOTA_REACHED layouts=1/1 complete=True time=00:00:57
[RETURN id=15550 rank=02335] left=3,4,0,2,3,3,2 status=TIMEOUT layouts=0/1 complete=False time=00:01:00
[RETURN id=15790 rank=02341] left=3,4,2,0,3,3,2 status=QUOTA_REACHED layouts=1/1 complete=True time=00:00:54
[RETURN id=17104 rank=02372] left=4,0,3,2,2,3,3 status=QUOTA_REACHED layouts=1/1 complete=True time=00:00:07
[RETURN id=15784 rank=02339] left=3,4,2,0,2,3,3 status=QUOTA_REACHED layouts=1/1 complete=True time=00:00:58
[RETURN id=15848 rank=02344] left=3,4,2,2,3,3,0 status=TIMEOUT layouts=0/1 complete=False time=00:01:00
[RETURN id=15856 rank=02345] left=3,4,2,3,0,2,3 status=TIMEOUT layouts=0/1 complete=False time=00:01:00
[RETURN id=15954 rank=02354] left=3,4,3,2,0,2,3 status=TIMEOUT layouts=0/1 complete=False time=00:01:00
[GLOBAL] [########--------------------] done=1009/3505 (28.79%) covered=1009 layouts=1009 running=14/14 remaining=2496 elapsed=00:57:00 rate=9.65 sig/min ETA=04:18:41
[COVERAGE] selected_mass(global)=47.579% covered_mass(global contribution)=25.425%
[LONGEST] id=15966 rank=2357 left=3,4,3,2,2,3,0 elapsed=00:00:59
[RETURN id=17134 rank=02376] left=4,0,3,3,2,3,2 status=QUOTA_REACHED layouts=1/1 complete=True time=00:00:19
[RETURN id=18316 rank=02381] left=4,2,0,3,3,3,2 status=QUOTA_REACHED layouts=1/1 complete=True time=00:00:15
[RETURN id=15966 rank=02357] left=3,4,3,2,2,3,0 status=TIMEOUT layouts=0/1 complete=False time=00:01:00
[RETURN id=15982 rank=02361] left=3,4,3,3,2,0,2 status=TIMEOUT layouts=0/1 complete=False time=00:01:00
[RETURN id=18310 rank=02379] left=4,2,0,3,2,3,3 status=QUOTA_REACHED layouts=1/1 complete=True time=00:00:32
[RETURN id=18748 rank=02393] left=4,2,3,3,0,3,2 status=QUOTA_REACHED layouts=1/1 complete=True time=00:00:19
[RETURN id=18722 rank=02389] left=4,2,3,2,0,3,3 status=QUOTA_REACHED layouts=1/1 complete=True time=00:00:24
[RETURN id=18762 rank=02397] left=4,2,3,3,3,2,0 status=QUOTA_REACHED layouts=1/1 complete=True time=00:00:17
[RETURN id=19060 rank=02402] left=4,3,0,3,2,3,2 status=QUOTA_REACHED layouts=1/1 complete=True time=00:00:06
[RETURN id=15984 rank=02362] left=3,4,3,3,2,2,0 status=TIMEOUT layouts=0/1 complete=False time=00:01:00
[RETURN id=16470 rank=02367] left=3,5,2,2,2,2,1 status=TIMEOUT layouts=0/1 complete=False time=00:01:00
[RETURN id=16956 rank=02368] left=4,0,2,2,3,3,3 status=TIMEOUT layouts=0/1 complete=False time=00:01:00
[GLOBAL] [########--------------------] done=1016/3505 (28.99%) covered=1016 layouts=1016 running=14/14 remaining=2489 elapsed=00:57:30 rate=9.69 sig/min ETA=04:16:57
[COVERAGE] selected_mass(global)=47.579% covered_mass(global contribution)=25.502%
[LONGEST] id=17110 rank=2374 left=4,0,3,2,3,3,2 elapsed=00:00:50
[RETURN id=18760 rank=02396] left=4,2,3,3,3,0,2 status=QUOTA_REACHED layouts=1/1 complete=True time=00:00:31
[RETURN id=17110 rank=02374] left=4,0,3,2,3,3,2 status=TIMEOUT layouts=0/1 complete=False time=00:01:00
[RETURN id=19276 rank=02406] left=4,3,2,0,3,3,2 status=QUOTA_REACHED layouts=1/1 complete=True time=00:00:28
[RETURN id=18624 rank=02385] left=4,2,2,3,3,3,0 status=TIMEOUT layouts=0/1 complete=False time=00:01:00
[RETURN id=18680 rank=02387] left=4,2,3,0,3,2,3 status=TIMEOUT layouts=0/1 complete=False time=00:01:00
[RETURN id=18756 rank=02394] left=4,2,3,3,2,0,3 status=QUOTA_REACHED layouts=1/1 complete=True time=00:00:51
[RETURN id=19470 rank=02427] left=4,3,3,3,2,2,0 status=QUOTA_REACHED layouts=1/1 complete=True time=00:00:08
[GLOBAL] [########--------------------] done=1020/3505 (29.10%) covered=1020 layouts=1020 running=14/14 remaining=2485 elapsed=00:58:00 rate=9.67 sig/min ETA=04:16:56
[COVERAGE] selected_mass(global)=47.579% covered_mass(global contribution)=25.546%
[LONGEST] id=19030 rank=2398 left=4,3,0,2,2,3,3 elapsed=00:00:58
[RETURN id=19030 rank=02398] left=4,3,0,2,2,3,3 status=TIMEOUT layouts=0/1 complete=False time=00:01:00
[RETURN id=19036 rank=02400] left=4,3,0,2,3,3,2 status=TIMEOUT layouts=0/1 complete=False time=00:01:00
[RETURN id=19354 rank=02413] left=4,3,2,3,2,3,0 status=QUOTA_REACHED layouts=1/1 complete=True time=00:00:44
[RETURN id=21744 rank=02431] left=5,1,2,3,2,2,2 status=QUOTA_REACHED layouts=1/1 complete=True time=00:00:21
[RETURN id=19270 rank=02404] left=4,3,2,0,2,3,3 status=TIMEOUT layouts=0/1 complete=False time=00:01:00
[RETURN id=19334 rank=02409] left=4,3,2,2,3,3,0 status=TIMEOUT layouts=0/1 complete=False time=00:01:00
[RETURN id=19342 rank=02410] left=4,3,2,3,0,2,3 status=TIMEOUT layouts=0/1 complete=False time=00:01:00
[RETURN id=19398 rank=02417] left=4,3,3,0,2,3,2 status=TIMEOUT layouts=0/1 complete=False time=00:01:00
[GLOBAL] [########--------------------] done=1022/3505 (29.16%) covered=1022 layouts=1022 running=14/14 remaining=2483 elapsed=00:58:30 rate=9.62 sig/min ETA=04:18:01
[COVERAGE] selected_mass(global)=47.579% covered_mass(global contribution)=25.568%
[LONGEST] id=19440 rank=2419 left=4,3,3,2,0,2,3 elapsed=00:01:00
[RETURN id=19440 rank=02419] left=4,3,3,2,0,2,3 status=TIMEOUT layouts=0/1 complete=False time=00:01:00
[RETURN id=19452 rank=02422] left=4,3,3,2,2,3,0 status=TIMEOUT layouts=0/1 complete=False time=00:01:00
[RETURN id=22474 rank=02446] left=5,2,2,3,1,2,2 status=QUOTA_REACHED layouts=1/1 complete=True time=00:00:23
[RETURN id=22552 rank=02449] left=5,2,3,1,2,2,2 status=QUOTA_REACHED layouts=1/1 complete=True time=00:00:21
[RETURN id=19468 rank=02426] left=4,3,3,3,2,0,2 status=TIMEOUT layouts=0/1 complete=False time=00:01:00
[RETURN id=22310 rank=02433] left=5,2,1,2,2,2,3 status=QUOTA_REACHED layouts=1/1 complete=True time=00:00:50
[RETURN id=04528 rank=02459] left=1,1,1,3,4,3,4 status=QUOTA_REACHED layouts=1/1 complete=True time=00:00:11
[RETURN id=21716 rank=02429] left=5,1,2,2,2,3,2 status=TIMEOUT layouts=0/1 complete=False time=00:01:00
[RETURN id=22316 rank=02435] left=5,2,1,2,3,2,2 status=TIMEOUT layouts=0/1 complete=False time=00:01:00
[GLOBAL] [########--------------------] done=1026/3505 (29.27%) covered=1026 layouts=1026 running=14/14 remaining=2479 elapsed=00:59:00 rate=9.61 sig/min ETA=04:17:58
[COVERAGE] selected_mass(global)=47.579% covered_mass(global contribution)=25.608%
[LONGEST] id=22426 rank=2438 left=5,2,2,1,2,3,2 elapsed=00:00:57
[RETURN id=22426 rank=02438] left=5,2,2,1,2,3,2 status=TIMEOUT layouts=0/1 complete=False time=00:01:00
[RETURN id=04704 rank=02466] left=1,1,3,1,4,4,3 status=QUOTA_REACHED layouts=1/1 complete=True time=00:00:23
[RETURN id=04770 rank=02472] left=1,1,3,4,3,1,4 status=QUOTA_REACHED layouts=1/1 complete=True time=00:00:18
[RETURN id=04834 rank=02477] left=1,1,4,1,3,4,3 status=QUOTA_REACHED layouts=1/1 complete=True time=00:00:11
[RETURN id=23082 rank=02457] left=5,3,2,2,2,2,1 status=QUOTA_REACHED layouts=1/1 complete=True time=00:00:36
[RETURN id=22448 rank=02440] left=5,2,2,2,1,2,3 status=TIMEOUT layouts=0/1 complete=False time=00:01:00
[RETURN id=22458 rank=02444] left=5,2,2,2,3,1,2 status=TIMEOUT layouts=0/1 complete=False time=00:01:00
[RETURN id=04776 rank=02474] left=1,1,3,4,4,1,3 status=QUOTA_REACHED layouts=1/1 complete=True time=00:00:24
[RETURN id=22478 rank=02447] left=5,2,2,3,2,1,2 status=TIMEOUT layouts=0/1 complete=False time=00:01:00
[RETURN id=22572 rank=02450] left=5,2,3,2,1,2,2 status=TIMEOUT layouts=0/1 complete=False time=00:01:00
[RETURN id=22576 rank=02451] left=5,2,3,2,2,1,2 status=TIMEOUT layouts=0/1 complete=False time=00:01:00
[RETURN id=04750 rank=02469] left=1,1,3,3,4,4,1 status=QUOTA_REACHED layouts=1/1 complete=True time=00:00:45
[RETURN id=06322 rank=02505] left=1,3,3,4,4,1,1 status=QUOTA_REACHED layouts=1/1 complete=True time=00:00:07
[GLOBAL] [########--------------------] done=1033/3505 (29.47%) covered=1033 layouts=1033 running=14/14 remaining=2472 elapsed=00:59:30 rate=9.65 sig/min ETA=04:16:15
[COVERAGE] selected_mass(global)=47.579% covered_mass(global contribution)=25.661%
[LONGEST] id=4548 rank=2463 left=1,1,1,4,4,3,3 elapsed=00:00:55
[RETURN id=06000 rank=02493] left=1,3,1,3,4,4,1 status=QUOTA_REACHED layouts=1/1 complete=True time=00:00:19
[RETURN id=04548 rank=02463] left=1,1,1,4,4,3,3 status=TIMEOUT layouts=0/1 complete=False time=00:01:00
[RETURN id=04888 rank=02482] left=1,1,4,3,3,4,1 status=QUOTA_REACHED layouts=1/1 complete=True time=00:00:37
[RETURN id=04762 rank=02471] left=1,1,3,4,1,4,3 status=TIMEOUT layouts=0/1 complete=False time=00:01:00
[RETURN id=05950 rank=02488] left=1,3,1,1,3,4,4 status=QUOTA_REACHED layouts=1/1 complete=True time=00:00:39
[RETURN id=06432 rank=02512] left=1,3,4,3,1,1,4 status=QUOTA_REACHED layouts=1/1 complete=True time=00:00:20
[RETURN id=06460 rank=02516] left=1,3,4,4,1,3,1 status=QUOTA_REACHED layouts=1/1 complete=True time=00:00:20
[GLOBAL] [########--------------------] done=1038/3505 (29.61%) covered=1038 layouts=1038 running=14/14 remaining=2467 elapsed=01:00:00 rate=9.65 sig/min ETA=04:15:39
[COVERAGE] selected_mass(global)=47.579% covered_mass(global contribution)=25.695%
[LONGEST] id=4838 rank=2478 left=1,1,4,1,4,3,3 elapsed=00:00:56
[RETURN id=06028 rank=02499] left=1,3,1,4,4,3,1 status=QUOTA_REACHED layouts=1/1 complete=True time=00:00:47
[RETURN id=06760 rank=02519] left=1,4,1,1,3,4,3 status=QUOTA_REACHED layouts=1/1 complete=True time=00:00:29
[RETURN id=07052 rank=02530] left=1,4,3,1,1,3,4 status=QUOTA_REACHED layouts=1/1 complete=True time=00:00:15
[RETURN id=04876 rank=02479] left=1,1,4,3,1,3,4 status=TIMEOUT layouts=0/1 complete=False time=00:01:00
[RETURN id=04838 rank=02478] left=1,1,4,1,4,3,3 status=TIMEOUT layouts=0/1 complete=False time=00:01:00
[RETURN id=05954 rank=02490] left=1,3,1,1,4,4,3 status=TIMEOUT layouts=0/1 complete=False time=00:01:00
[RETURN id=07136 rank=02540] left=1,4,3,4,1,3,1 status=QUOTA_REACHED layouts=1/1 complete=True time=00:00:10
[RETURN id=06020 rank=02496] left=1,3,1,4,3,1,4 status=TIMEOUT layouts=0/1 complete=False time=00:01:00
[RETURN id=06764 rank=02520] left=1,4,1,1,4,3,3 status=QUOTA_REACHED layouts=1/1 complete=True time=00:00:28
[RETURN id=07196 rank=02542] left=1,4,4,1,1,3,3 status=QUOTA_REACHED layouts=1/1 complete=True time=00:00:10
[RETURN id=06240 rank=02502] left=1,3,3,1,4,4,1 status=TIMEOUT layouts=0/1 complete=False time=00:01:00
[RETURN id=07208 rank=02544] left=1,4,4,1,3,3,1 status=QUOTA_REACHED layouts=1/1 complete=True time=00:00:14
[RETURN id=06376 rank=02506] left=1,3,4,1,1,3,4 status=TIMEOUT layouts=0/1 complete=False time=00:01:00
[RETURN id=06388 rank=02509] left=1,3,4,1,3,4,1 status=TIMEOUT layouts=0/1 complete=False time=00:01:00
[GLOBAL] [########--------------------] done=1045/3505 (29.81%) covered=1045 layouts=1045 running=14/14 remaining=2460 elapsed=01:00:30 rate=9.69 sig/min ETA=04:13:59
[COVERAGE] selected_mass(global)=47.579% covered_mass(global contribution)=25.743%
[LONGEST] id=6802 rank=2521 left=1,4,1,3,1,3,4 elapsed=00:00:46
[RETURN id=07258 rank=02547] left=1,4,4,3,3,1,1 status=QUOTA_REACHED layouts=1/1 complete=True time=00:00:28
[RETURN id=13602 rank=02562] left=3,1,3,1,4,4,1 status=QUOTA_REACHED layouts=1/1 complete=True time=00:00:13
[RETURN id=06802 rank=02521] left=1,4,1,3,1,3,4 status=TIMEOUT layouts=0/1 complete=False time=00:01:00
[RETURN id=06814 rank=02524] left=1,4,1,3,3,4,1 status=TIMEOUT layouts=0/1 complete=False time=00:01:00
[RETURN id=13316 rank=02550] left=3,1,1,1,4,4,3 status=QUOTA_REACHED layouts=1/1 complete=True time=00:00:38
[RETURN id=07064 rank=02533] left=1,4,3,1,3,4,1 status=TIMEOUT layouts=0/1 complete=False time=00:01:00
[RETURN id=13362 rank=02553] left=3,1,1,3,4,4,1 status=QUOTA_REACHED layouts=1/1 complete=True time=00:00:41
[RETURN id=13374 rank=02555] left=3,1,1,4,1,4,3 status=QUOTA_REACHED layouts=1/1 complete=True time=00:00:41
[RETURN id=13822 rank=02576] left=3,1,4,4,1,3,1 status=QUOTA_REACHED layouts=1/1 complete=True time=00:00:11
[GLOBAL] [########--------------------] done=1051/3505 (29.99%) covered=1051 layouts=1051 running=14/14 remaining=2454 elapsed=01:01:00 rate=9.70 sig/min ETA=04:12:52
[COVERAGE] selected_mass(global)=47.579% covered_mass(global contribution)=25.785%
[LONGEST] id=7206 rank=2543 left=1,4,4,1,3,1,3 elapsed=00:00:55
[RETURN id=13794 rank=02572] left=3,1,4,3,1,1,4 status=QUOTA_REACHED layouts=1/1 complete=True time=00:00:30
[RETURN id=07206 rank=02543] left=1,4,4,1,3,1,3 status=TIMEOUT layouts=0/1 complete=False time=00:01:00
[RETURN id=13684 rank=02565] left=3,1,3,4,4,1,1 status=QUOTA_REACHED layouts=1/1 complete=True time=00:00:38
[RETURN id=14918 rank=02578] left=3,3,1,1,1,4,4 status=QUOTA_REACHED layouts=1/1 complete=True time=00:00:19
[RETURN id=13672 rank=02564] left=3,1,3,4,1,4,1 status=QUOTA_REACHED layouts=1/1 complete=True time=00:00:39
[RETURN id=13750 rank=02569] left=3,1,4,1,3,4,1 status=QUOTA_REACHED layouts=1/1 complete=True time=00:00:35
[RETURN id=13312 rank=02548] left=3,1,1,1,3,4,4 status=TIMEOUT layouts=0/1 complete=False time=00:01:00
[RETURN id=13388 rank=02558] left=3,1,1,4,4,1,3 status=QUOTA_REACHED layouts=1/1 complete=True time=00:00:55
[RETURN id=13382 rank=02556] left=3,1,1,4,3,1,4 status=TIMEOUT layouts=0/1 complete=False time=00:01:00
[RETURN id=16038 rank=02605] left=3,4,4,1,1,3,1 status=QUOTA_REACHED layouts=1/1 complete=True time=00:00:08
[GLOBAL] [########--------------------] done=1058/3505 (30.19%) covered=1058 layouts=1058 running=14/14 remaining=2447 elapsed=01:01:30 rate=9.74 sig/min ETA=04:11:15
[COVERAGE] selected_mass(global)=47.579% covered_mass(global contribution)=25.833%
[LONGEST] id=13820 rank=2575 left=3,1,4,4,1,1,3 elapsed=00:00:45
[RETURN id=15748 rank=02598] left=3,4,1,4,1,3,1 status=QUOTA_REACHED layouts=1/1 complete=True time=00:00:22
[RETURN id=13820 rank=02575] left=3,1,4,4,1,1,3 status=QUOTA_REACHED layouts=1/1 complete=True time=00:00:57
[RETURN id=17612 rank=02610] left=4,1,1,1,4,3,3 status=QUOTA_REACHED layouts=1/1 complete=True time=00:00:17
[RETURN id=14930 rank=02579] left=3,3,1,1,4,1,4 status=TIMEOUT layouts=0/1 complete=False time=00:01:00
[RETURN id=15000 rank=02581] left=3,3,1,4,1,1,4 status=TIMEOUT layouts=0/1 complete=False time=00:01:00
[RETURN id=15338 rank=02584] left=3,3,4,1,1,1,4 status=TIMEOUT layouts=0/1 complete=False time=00:01:00
[RETURN id=15664 rank=02588] left=3,4,1,1,1,3,4 status=TIMEOUT layouts=0/1 complete=False time=00:01:00
[GLOBAL] [########--------------------] done=1061/3505 (30.27%) covered=1061 layouts=1061 running=14/14 remaining=2444 elapsed=01:02:00 rate=9.71 sig/min ETA=04:11:43
[COVERAGE] selected_mass(global)=47.579% covered_mass(global contribution)=25.854%
[LONGEST] id=15676 rank=2591 left=3,4,1,1,3,4,1 elapsed=00:00:56
[RETURN id=17650 rank=02611] left=4,1,1,3,1,3,4 status=QUOTA_REACHED layouts=1/1 complete=True time=00:00:18
[RETURN id=15676 rank=02591] left=3,4,1,1,3,4,1 status=TIMEOUT layouts=0/1 complete=False time=00:01:00
[RETURN id=17608 rank=02609] left=4,1,1,1,3,4,3 status=QUOTA_REACHED layouts=1/1 complete=True time=00:00:44
[RETURN id=15746 rank=02597] left=3,4,1,4,1,1,3 status=QUOTA_REACHED layouts=1/1 complete=True time=00:00:57
[RETURN id=15720 rank=02594] left=3,4,1,3,1,1,4 status=TIMEOUT layouts=0/1 complete=False time=00:01:00
[RETURN id=15936 rank=02601] left=3,4,3,1,1,4,1 status=TIMEOUT layouts=0/1 complete=False time=00:01:00
[RETURN id=15948 rank=02602] left=3,4,3,1,4,1,1 status=TIMEOUT layouts=0/1 complete=False time=00:01:00
[RETURN id=16036 rank=02604] left=3,4,4,1,1,1,3 status=QUOTA_REACHED layouts=1/1 complete=True time=00:01:00
[RETURN id=16070 rank=02607] left=3,4,4,3,1,1,1 status=TIMEOUT layouts=0/1 complete=False time=00:01:00
[RETURN id=18056 rank=02634] left=4,1,4,1,3,3,1 status=QUOTA_REACHED layouts=1/1 complete=True time=00:00:17
[GLOBAL] [########--------------------] done=1066/3505 (30.41%) covered=1066 layouts=1066 running=14/14 remaining=2439 elapsed=01:02:30 rate=9.71 sig/min ETA=04:11:09
[COVERAGE] selected_mass(global)=47.579% covered_mass(global contribution)=25.888%
[LONGEST] id=17662 rank=2614 left=4,1,1,3,3,4,1 elapsed=00:00:40
[RETURN id=18054 rank=02633] left=4,1,4,1,3,1,3 status=QUOTA_REACHED layouts=1/1 complete=True time=00:00:30
[RETURN id=17662 rank=02614] left=4,1,1,3,3,4,1 status=TIMEOUT layouts=0/1 complete=False time=00:01:00
[RETURN id=18044 rank=02632] left=4,1,4,1,1,3,3 status=QUOTA_REACHED layouts=1/1 complete=True time=00:00:48
[RETURN id=17912 rank=02623] left=4,1,3,1,3,4,1 status=TIMEOUT layouts=0/1 complete=False time=00:01:00
[RETURN id=17900 rank=02620] left=4,1,3,1,1,3,4 status=TIMEOUT layouts=0/1 complete=False time=00:01:00
[RETURN id=17956 rank=02626] left=4,1,3,3,1,1,4 status=QUOTA_REACHED layouts=1/1 complete=True time=00:01:00
[GLOBAL] [########--------------------] done=1069/3505 (30.50%) covered=1069 layouts=1069 running=14/14 remaining=2436 elapsed=01:03:00 rate=9.68 sig/min ETA=04:11:36
[COVERAGE] selected_mass(global)=47.579% covered_mass(global contribution)=25.909%
[LONGEST] id=17982 rank=2629 left=4,1,3,4,1,1,3 elapsed=00:01:00
[RETURN id=17982 rank=02629] left=4,1,3,4,1,1,3 status=TIMEOUT layouts=0/1 complete=False time=00:01:00
[RETURN id=19150 rank=02638] left=4,3,1,1,1,3,4 status=TIMEOUT layouts=0/1 complete=False time=00:01:00
[RETURN id=18106 rank=02637] left=4,1,4,3,3,1,1 status=TIMEOUT layouts=0/1 complete=False time=00:01:00
[RETURN id=19854 rank=02662] left=4,4,1,3,1,3,1 status=QUOTA_REACHED layouts=1/1 complete=True time=00:00:16
[RETURN id=19232 rank=02647] left=4,3,1,4,1,1,3 status=TIMEOUT layouts=0/1 complete=False time=00:01:00
[RETURN id=19162 rank=02641] left=4,3,1,1,3,4,1 status=TIMEOUT layouts=0/1 complete=False time=00:01:00
[RETURN id=19206 rank=02644] left=4,3,1,3,1,1,4 status=TIMEOUT layouts=0/1 complete=False time=00:01:00
[RETURN id=19422 rank=02651] left=4,3,3,1,1,4,1 status=QUOTA_REACHED layouts=1/1 complete=True time=00:00:59
[RETURN id=19522 rank=02654] left=4,3,4,1,1,1,3 status=QUOTA_REACHED layouts=1/1 complete=True time=00:00:45
[RETURN id=01158 rank=02681] left=0,2,2,4,3,2,4 status=QUOTA_REACHED layouts=1/1 complete=True time=00:00:05
[RETURN id=19434 rank=02652] left=4,3,3,1,4,1,1 status=TIMEOUT layouts=0/1 complete=False time=00:01:00
[RETURN id=01116 rank=02673] left=0,2,2,2,3,4,4 status=QUOTA_REACHED layouts=1/1 complete=True time=00:00:15
[GLOBAL] [########--------------------] done=1074/3505 (30.64%) covered=1074 layouts=1074 running=14/14 remaining=2431 elapsed=01:03:30 rate=9.68 sig/min ETA=04:11:01
[COVERAGE] selected_mass(global)=47.579% covered_mass(global contribution)=25.940%
[LONGEST] id=19524 rank=2655 left=4,3,4,1,1,3,1 elapsed=00:00:39
[RETURN id=01368 rank=02692] left=0,2,4,2,2,4,3 status=QUOTA_REACHED layouts=1/1 complete=True time=00:00:12
[RETURN id=00634 rank=02670] left=0,1,3,3,4,3,3 status=QUOTA_REACHED layouts=1/1 complete=True time=00:00:44
[RETURN id=19524 rank=02655] left=4,3,4,1,1,3,1 status=TIMEOUT layouts=0/1 complete=False time=00:01:00
[RETURN id=19556 rank=02657] left=4,3,4,3,1,1,1 status=TIMEOUT layouts=0/1 complete=False time=00:01:00
[RETURN id=19852 rank=02661] left=4,4,1,3,1,1,3 status=TIMEOUT layouts=0/1 complete=False time=00:01:00
[RETURN id=01164 rank=02683] left=0,2,2,4,4,2,3 status=QUOTA_REACHED layouts=1/1 complete=True time=00:00:35
[RETURN id=20036 rank=02666] left=4,4,3,1,3,1,1 status=TIMEOUT layouts=0/1 complete=False time=00:01:00
[GLOBAL] [########--------------------] done=1077/3505 (30.73%) covered=1077 layouts=1077 running=14/14 remaining=2428 elapsed=01:04:00 rate=9.66 sig/min ETA=04:11:27
[COVERAGE] selected_mass(global)=47.579% covered_mass(global contribution)=25.957%
[LONGEST] id=654 rank=2671 left=0,1,3,4,3,3,3 elapsed=00:00:53
[RETURN id=01160 rank=02682] left=0,2,2,4,3,4,2 status=QUOTA_REACHED layouts=1/1 complete=True time=00:00:42
[RETURN id=00654 rank=02671] left=0,1,3,4,3,3,3 status=TIMEOUT layouts=0/1 complete=False time=00:01:00
[RETURN id=00752 rank=02672] left=0,1,4,3,3,3,3 status=TIMEOUT layouts=0/1 complete=False time=00:01:00
[RETURN id=01120 rank=02675] left=0,2,2,2,4,4,3 status=TIMEOUT layouts=0/1 complete=False time=00:01:00
[RETURN id=01138 rank=02677] left=0,2,2,3,4,2,4 status=TIMEOUT layouts=0/1 complete=False time=00:01:00
[RETURN id=01140 rank=02678] left=0,2,2,3,4,4,2 status=TIMEOUT layouts=0/1 complete=False time=00:01:00
[RETURN id=01942 rank=02713] left=0,3,3,1,3,3,4 status=QUOTA_REACHED layouts=1/1 complete=True time=00:00:20
[RETURN id=01236 rank=02686] left=0,2,3,2,4,2,4 status=TIMEOUT layouts=0/1 complete=False time=00:01:00
[RETURN id=01394 rank=02697] left=0,2,4,3,2,2,4 status=QUOTA_REACHED layouts=1/1 complete=True time=00:00:45
[GLOBAL] [########--------------------] done=1080/3505 (30.81%) covered=1080 layouts=1080 running=14/14 remaining=2425 elapsed=01:04:30 rate=9.63 sig/min ETA=04:11:53
[COVERAGE] selected_mass(global)=47.579% covered_mass(global contribution)=25.973%
[LONGEST] id=1406 rank=2699 left=0,2,4,3,4,2,2 elapsed=00:00:45
[RETURN id=01874 rank=02710] left=0,3,2,4,2,2,4 status=QUOTA_REACHED layouts=1/1 complete=True time=00:00:36
[RETURN id=02114 rank=02726] left=0,3,4,2,2,2,4 status=QUOTA_REACHED layouts=1/1 complete=True time=00:00:16
[RETURN id=02002 rank=02721] left=0,3,3,3,4,3,1 status=QUOTA_REACHED layouts=1/1 complete=True time=00:00:26
[RETURN id=01424 rank=02700] left=0,2,4,4,2,2,3 status=QUOTA_REACHED layouts=1/1 complete=True time=00:00:43
[RETURN id=01994 rank=02718] left=0,3,3,3,3,1,4 status=QUOTA_REACHED layouts=1/1 complete=True time=00:00:33
[RETURN id=01406 rank=02699] left=0,2,4,3,4,2,2 status=TIMEOUT layouts=0/1 complete=False time=00:01:00
[RETURN id=02116 rank=02727] left=0,3,4,2,2,4,2 status=QUOTA_REACHED layouts=1/1 complete=True time=00:00:25
[RETURN id=01730 rank=02704] left=0,3,1,3,3,4,3 status=TIMEOUT layouts=0/1 complete=False time=00:01:00
[RETURN id=01986 rank=02717] left=0,3,3,3,1,4,3 status=TIMEOUT layouts=0/1 complete=False time=00:01:00
[RETURN id=02646 rank=02741] left=0,4,2,3,2,4,2 status=QUOTA_REACHED layouts=1/1 complete=True time=00:00:22
[GLOBAL] [########--------------------] done=1087/3505 (31.01%) covered=1087 layouts=1087 running=14/14 remaining=2418 elapsed=01:05:00 rate=9.66 sig/min ETA=04:10:17
[COVERAGE] selected_mass(global)=47.579% covered_mass(global contribution)=26.012%
[LONGEST] id=2000 rank=2720 left=0,3,3,3,4,1,3 elapsed=00:00:51
[RETURN id=02656 rank=02742] left=0,4,2,3,4,2,2 status=QUOTA_REACHED layouts=1/1 complete=True time=00:00:27
[RETURN id=02806 rank=02752] left=0,4,3,3,3,3,1 status=QUOTA_REACHED layouts=1/1 complete=True time=00:00:06
[RETURN id=02014 rank=02722] left=0,3,3,4,1,3,3 status=QUOTA_REACHED layouts=1/1 complete=True time=00:00:56
[RETURN id=02000 rank=02720] left=0,3,3,3,4,1,3 status=TIMEOUT layouts=0/1 complete=False time=00:01:00
[RETURN id=02024 rank=02723] left=0,3,3,4,3,1,3 status=TIMEOUT layouts=0/1 complete=False time=00:01:00
[RETURN id=02092 rank=02725] left=0,3,4,1,3,3,3 status=TIMEOUT layouts=0/1 complete=False time=00:01:00
[RETURN id=02924 rank=02754] left=0,4,4,2,2,2,3 status=QUOTA_REACHED layouts=1/1 complete=True time=00:00:14
[RETURN id=02126 rank=02728] left=0,3,4,2,4,2,2 status=QUOTA_REACHED layouts=1/1 complete=True time=00:00:54
[RETURN id=04140 rank=02761] left=1,0,3,4,3,3,3 status=QUOTA_REACHED layouts=1/1 complete=True time=00:00:10
[RETURN id=02674 rank=02743] left=0,4,2,4,2,2,3 status=QUOTA_REACHED layouts=1/1 complete=True time=00:00:45
[RETURN id=04610 rank=02765] left=1,1,2,2,5,3,3 status=QUOTA_REACHED layouts=1/1 complete=True time=00:00:08
[GLOBAL] [########--------------------] done=1095/3505 (31.24%) covered=1095 layouts=1095 running=14/14 remaining=2410 elapsed=01:05:30 rate=9.71 sig/min ETA=04:08:12
[COVERAGE] selected_mass(global)=47.579% covered_mass(global contribution)=26.056%
[LONGEST] id=2628 rank=2739 left=0,4,2,2,4,3,2 elapsed=00:00:58
[RETURN id=02644 rank=02740] left=0,4,2,3,2,2,4 status=TIMEOUT layouts=0/1 complete=False time=00:01:00
[RETURN id=02628 rank=02739] left=0,4,2,2,4,3,2 status=TIMEOUT layouts=0/1 complete=False time=00:01:00
[RETURN id=02680 rank=02745] left=0,4,2,4,3,2,2 status=QUOTA_REACHED layouts=1/1 complete=True time=00:00:49
[RETURN id=04630 rank=02770] left=1,1,2,3,5,2,3 status=QUOTA_REACHED layouts=1/1 complete=True time=00:00:16
[RETURN id=02804 rank=02751] left=0,4,3,3,3,1,3 status=QUOTA_REACHED layouts=1/1 complete=True time=00:00:44
[RETURN id=04714 rank=02775] left=1,1,3,2,2,3,5 status=QUOTA_REACHED layouts=1/1 complete=True time=00:00:06
[RETURN id=02930 rank=02756] left=0,4,4,2,3,2,2 status=QUOTA_REACHED layouts=1/1 complete=True time=00:00:38
[RETURN id=02794 rank=02750] left=0,4,3,3,1,3,3 status=QUOTA_REACHED layouts=1/1 complete=True time=00:00:52
[RETURN id=04674 rank=02774] left=1,1,2,5,3,3,2 status=QUOTA_REACHED layouts=1/1 complete=True time=00:00:12
[RETURN id=04754 rank=02783] left=1,1,3,3,5,2,2 status=QUOTA_REACHED layouts=1/1 complete=True time=00:00:07
[RETURN id=04720 rank=02778] left=1,1,3,2,3,5,2 status=QUOTA_REACHED layouts=1/1 complete=True time=00:00:16
[RETURN id=04618 rank=02767] left=1,1,2,3,2,5,3 status=QUOTA_REACHED layouts=1/1 complete=True time=00:00:37
[RETURN id=02828 rank=02753] left=0,4,3,4,2,2,2 status=TIMEOUT layouts=0/1 complete=False time=00:01:00
[GLOBAL] [########--------------------] done=1105/3505 (31.53%) covered=1105 layouts=1105 running=14/14 remaining=2400 elapsed=01:06:00 rate=9.79 sig/min ETA=04:05:13
[COVERAGE] selected_mass(global)=47.579% covered_mass(global contribution)=26.111%
[LONGEST] id=4120 rank=2760 left=1,0,3,3,4,3,3 elapsed=00:00:51
[RETURN id=04120 rank=02760] left=1,0,3,3,4,3,3 status=QUOTA_REACHED layouts=1/1 complete=True time=00:00:52
[RETURN id=04238 rank=02762] left=1,0,4,3,3,3,3 status=QUOTA_REACHED layouts=1/1 complete=True time=00:00:49
[RETURN id=04616 rank=02766] left=1,1,2,3,2,3,5 status=QUOTA_REACHED layouts=1/1 complete=True time=00:00:45
[RETURN id=05214 rank=02798] left=1,2,1,3,3,2,5 status=QUOTA_REACHED layouts=1/1 complete=True time=00:00:19
[RETURN id=04622 rank=02769] left=1,1,2,3,3,5,2 status=TIMEOUT layouts=0/1 complete=False time=00:01:00
[RETURN id=04668 rank=02772] left=1,1,2,5,2,3,3 status=TIMEOUT layouts=0/1 complete=False time=00:01:00
[RETURN id=04728 rank=02779] left=1,1,3,2,5,2,3 status=QUOTA_REACHED layouts=1/1 complete=True time=00:00:48
[GLOBAL] [########--------------------] done=1110/3505 (31.67%) covered=1110 layouts=1110 running=14/14 remaining=2395 elapsed=01:06:30 rate=9.79 sig/min ETA=04:04:40
[COVERAGE] selected_mass(global)=47.579% covered_mass(global contribution)=26.139%
[LONGEST] id=4716 rank=2776 left=1,1,3,2,2,5,3 elapsed=00:00:54
[RETURN id=05296 rank=02806] left=1,2,2,1,3,5,3 status=QUOTA_REACHED layouts=1/1 complete=True time=00:00:25
[RETURN id=05198 rank=02794] left=1,2,1,2,3,5,3 status=QUOTA_REACHED layouts=1/1 complete=True time=00:00:37
[RETURN id=04716 rank=02776] left=1,1,3,2,2,5,3 status=TIMEOUT layouts=0/1 complete=False time=00:01:00
[RETURN id=05196 rank=02793] left=1,2,1,2,3,3,5 status=QUOTA_REACHED layouts=1/1 complete=True time=00:00:45
[RETURN id=04740 rank=02782] left=1,1,3,3,2,5,2 status=TIMEOUT layouts=0/1 complete=False time=00:01:00
[RETURN id=04796 rank=02785] left=1,1,3,5,2,3,2 status=TIMEOUT layouts=0/1 complete=False time=00:01:00
[RETURN id=05012 rank=02789] left=1,1,5,2,3,3,2 status=QUOTA_REACHED layouts=1/1 complete=True time=00:00:56
[RETURN id=05006 rank=02787] left=1,1,5,2,2,3,3 status=TIMEOUT layouts=0/1 complete=False time=00:01:00
[RETURN id=05478 rank=02832] left=1,2,3,3,2,5,1 status=QUOTA_REACHED layouts=1/1 complete=True time=00:00:07
[GLOBAL] [########--------------------] done=1115/3505 (31.81%) covered=1115 layouts=1115 running=14/14 remaining=2390 elapsed=01:07:00 rate=9.79 sig/min ETA=04:04:07
[COVERAGE] selected_mass(global)=47.579% covered_mass(global contribution)=26.166%
[LONGEST] id=5226 rank=2801 left=1,2,1,3,5,3,2 elapsed=00:00:57
[RETURN id=05226 rank=02801] left=1,2,1,3,5,3,2 status=TIMEOUT layouts=0/1 complete=False time=00:01:00
[RETURN id=05726 rank=02841] left=1,2,5,1,2,3,3 status=QUOTA_REACHED layouts=1/1 complete=True time=00:00:17
[RETURN id=05268 rank=02803] left=1,2,1,5,3,2,3 status=TIMEOUT layouts=0/1 complete=False time=00:01:00
[RETURN id=05424 rank=02817] left=1,2,3,1,2,3,5 status=QUOTA_REACHED layouts=1/1 complete=True time=00:00:34
[RETURN id=05528 rank=02835] left=1,2,3,5,1,2,3 status=QUOTA_REACHED layouts=1/1 complete=True time=00:00:29
[RETURN id=05474 rank=02831] left=1,2,3,3,2,1,5 status=QUOTA_REACHED layouts=1/1 complete=True time=00:00:34
[RETURN id=05426 rank=02818] left=1,2,3,1,2,5,3 status=QUOTA_REACHED layouts=1/1 complete=True time=00:00:44
[RETURN id=05336 rank=02810] left=1,2,2,3,3,1,5 status=TIMEOUT layouts=0/1 complete=False time=00:01:00
[RETURN id=05340 rank=02811] left=1,2,2,3,3,5,1 status=TIMEOUT layouts=0/1 complete=False time=00:01:00
[RETURN id=05750 rank=02844] left=1,2,5,2,1,3,3 status=QUOTA_REACHED layouts=1/1 complete=True time=00:00:31
[RETURN id=05348 rank=02812] left=1,2,2,3,5,1,3 status=TIMEOUT layouts=0/1 complete=False time=00:01:00
[RETURN id=05778 rank=02847] left=1,2,5,3,1,2,3 status=QUOTA_REACHED layouts=1/1 complete=True time=00:00:19
[RETURN id=05446 rank=02824] left=1,2,3,2,1,5,3 status=QUOTA_REACHED layouts=1/1 complete=True time=00:00:45
[GLOBAL] [########--------------------] done=1123/3505 (32.04%) covered=1123 layouts=1123 running=14/14 remaining=2382 elapsed=01:07:30 rate=9.84 sig/min ETA=04:02:09
[COVERAGE] selected_mass(global)=47.579% covered_mass(global contribution)=26.210%
[LONGEST] id=5350 rank=2813 left=1,2,2,3,5,3,1 elapsed=00:01:01
[RETURN id=05350 rank=02813] left=1,2,2,3,5,3,1 status=TIMEOUT layouts=0/1 complete=False time=00:01:00
[RETURN id=05870 rank=02853] left=1,3,0,3,3,3,4 status=QUOTA_REACHED layouts=1/1 complete=True time=00:00:30
[RETURN id=05438 rank=02821] left=1,2,3,1,5,2,3 status=TIMEOUT layouts=0/1 complete=False time=00:01:00
[RETURN id=06106 rank=02877] left=1,3,2,2,3,1,5 status=QUOTA_REACHED layouts=1/1 complete=True time=00:00:15
[RETURN id=05990 rank=02864] left=1,3,1,3,2,5,2 status=QUOTA_REACHED layouts=1/1 complete=True time=00:00:23
[RETURN id=06118 rank=02879] left=1,3,2,2,5,1,3 status=QUOTA_REACHED layouts=1/1 complete=True time=00:00:09
[RETURN id=06110 rank=02878] left=1,3,2,2,3,5,1 status=QUOTA_REACHED layouts=1/1 complete=True time=00:00:20
[RETURN id=05760 rank=02845] left=1,2,5,2,3,1,3 status=QUOTA_REACHED layouts=1/1 complete=True time=00:00:52
[RETURN id=06128 rank=02882] left=1,3,2,3,1,5,2 status=QUOTA_REACHED layouts=1/1 complete=True time=00:00:16
[GLOBAL] [#########-------------------] done=1130/3505 (32.24%) covered=1130 layouts=1130 running=14/14 remaining=2375 elapsed=01:08:00 rate=9.87 sig/min ETA=04:00:42
[COVERAGE] selected_mass(global)=47.579% covered_mass(global contribution)=26.249%
[LONGEST] id=5762 rank=2846 left=1,2,5,2,3,3,1 elapsed=00:00:55
[RETURN id=05966 rank=02858] left=1,3,1,2,2,5,3 status=QUOTA_REACHED layouts=1/1 complete=True time=00:00:43
[RETURN id=06094 rank=02874] left=1,3,2,1,5,3,2 status=QUOTA_REACHED layouts=1/1 complete=True time=00:00:35
[RETURN id=05762 rank=02846] left=1,2,5,2,3,3,1 status=TIMEOUT layouts=0/1 complete=False time=00:01:00
[RETURN id=05978 rank=02861] left=1,3,1,2,5,2,3 status=QUOTA_REACHED layouts=1/1 complete=True time=00:00:44
[RETURN id=06208 rank=02893] left=1,3,3,0,3,3,4 status=QUOTA_REACHED layouts=1/1 complete=True time=00:00:15
[RETURN id=06244 rank=02898] left=1,3,3,1,5,2,2 status=QUOTA_REACHED layouts=1/1 complete=True time=00:00:13
[RETURN id=05964 rank=02857] left=1,3,1,2,2,3,5 status=TIMEOUT layouts=0/1 complete=False time=00:01:00
[RETURN id=06184 rank=02888] left=1,3,2,5,1,3,2 status=QUOTA_REACHED layouts=1/1 complete=True time=00:00:31
[RETURN id=05970 rank=02860] left=1,3,1,2,3,5,2 status=TIMEOUT layouts=0/1 complete=False time=00:01:00
[RETURN id=06004 rank=02865] left=1,3,1,3,5,2,2 status=TIMEOUT layouts=0/1 complete=False time=00:01:00
[RETURN id=06082 rank=02871] left=1,3,2,1,3,2,5 status=TIMEOUT layouts=0/1 complete=False time=00:01:00
[RETURN id=06272 rank=02904] left=1,3,3,2,5,2,1 status=QUOTA_REACHED layouts=1/1 complete=True time=00:00:12
[RETURN id=06230 rank=02897] left=1,3,3,1,2,5,2 status=QUOTA_REACHED layouts=1/1 complete=True time=00:00:25
[RETURN id=06194 rank=02892] left=1,3,2,5,3,2,1 status=QUOTA_REACHED layouts=1/1 complete=True time=00:00:33
[GLOBAL] [#########-------------------] done=1139/3505 (32.50%) covered=1139 layouts=1139 running=14/14 remaining=2366 elapsed=01:08:30 rate=9.93 sig/min ETA=03:58:21
[COVERAGE] selected_mass(global)=47.579% covered_mass(global contribution)=26.299%
[LONGEST] id=6120 rank=2880 left=1,3,2,2,5,3,1 elapsed=00:00:51
[RETURN id=06276 rank=02906] left=1,3,3,3,0,4,3 status=QUOTA_REACHED layouts=1/1 complete=True time=00:00:18
[RETURN id=06526 rank=02922] left=1,3,5,1,2,3,2 status=QUOTA_REACHED layouts=1/1 complete=True time=00:00:08
[RETURN id=06120 rank=02880] left=1,3,2,2,5,3,1 status=TIMEOUT layouts=0/1 complete=False time=00:01:00
[RETURN id=06358 rank=02917] left=1,3,4,0,3,3,3 status=QUOTA_REACHED layouts=1/1 complete=True time=00:00:22
[RETURN id=06548 rank=02924] left=1,3,5,2,1,2,3 status=QUOTA_REACHED layouts=1/1 complete=True time=00:00:19
[RETURN id=06146 rank=02885] left=1,3,2,3,5,1,2 status=TIMEOUT layouts=0/1 complete=False time=00:01:00
[RETURN id=06188 rank=02889] left=1,3,2,5,2,1,3 status=TIMEOUT layouts=0/1 complete=False time=00:01:00
[RETURN id=06294 rank=02909] left=1,3,3,3,4,0,3 status=QUOTA_REACHED layouts=1/1 complete=True time=00:00:41
[RETURN id=06338 rank=02915] left=1,3,3,5,2,1,2 status=QUOTA_REACHED layouts=1/1 complete=True time=00:00:38
[GLOBAL] [#########-------------------] done=1145/3505 (32.67%) covered=1145 layouts=1145 running=14/14 remaining=2360 elapsed=01:09:00 rate=9.94 sig/min ETA=03:57:23
[COVERAGE] selected_mass(global)=47.579% covered_mass(global contribution)=26.332%
[LONGEST] id=6250 rank=2899 left=1,3,3,2,1,2,5 elapsed=00:00:54
[RETURN id=06334 rank=02914] left=1,3,3,5,1,2,2 status=QUOTA_REACHED layouts=1/1 complete=True time=00:00:39
[RETURN id=07104 rank=02935] left=1,4,3,3,0,3,3 status=QUOTA_REACHED layouts=1/1 complete=True time=00:00:25
[RETURN id=07718 rank=02946] left=1,5,2,1,3,3,2 status=QUOTA_REACHED layouts=1/1 complete=True time=00:00:07
[RETURN id=06250 rank=02899] left=1,3,3,2,1,2,5 status=TIMEOUT layouts=0/1 complete=False time=00:01:00
[RETURN id=06578 rank=02931] left=1,3,5,3,2,1,2 status=QUOTA_REACHED layouts=1/1 complete=True time=00:00:32
[RETURN id=06258 rank=02902] left=1,3,3,2,2,5,1 status=TIMEOUT layouts=0/1 complete=False time=00:01:00
[RETURN id=07712 rank=02944] left=1,5,2,1,2,3,3 status=QUOTA_REACHED layouts=1/1 complete=True time=00:00:13
[RETURN id=06442 rank=02919] left=1,3,4,3,3,0,3 status=QUOTA_REACHED layouts=1/1 complete=True time=00:00:46
[RETURN id=07736 rank=02947] left=1,5,2,2,1,3,3 status=QUOTA_REACHED layouts=1/1 complete=True time=00:00:13
[RETURN id=07764 rank=02950] left=1,5,2,3,1,2,3 status=QUOTA_REACHED layouts=1/1 complete=True time=00:00:14
[RETURN id=07748 rank=02949] left=1,5,2,2,3,3,1 status=QUOTA_REACHED layouts=1/1 complete=True time=00:00:17
[RETURN id=07856 rank=02956] left=1,5,3,1,2,2,3 status=QUOTA_REACHED layouts=1/1 complete=True time=00:00:20
[RETURN id=06558 rank=02928] left=1,3,5,2,3,1,2 status=TIMEOUT layouts=0/1 complete=False time=00:01:00
[GLOBAL] [#########-------------------] done=1155/3505 (32.95%) covered=1155 layouts=1155 running=14/14 remaining=2350 elapsed=01:09:30 rate=10.01 sig/min ETA=03:54:40
[COVERAGE] selected_mass(global)=47.579% covered_mass(global contribution)=26.387%
[LONGEST] id=7034 rank=2934 left=1,4,3,0,3,3,3 elapsed=00:00:54
[RETURN id=08298 rank=02971] left=2,0,2,3,2,4,4 status=QUOTA_REACHED layouts=1/1 complete=True time=00:00:14
[RETURN id=07034 rank=02934] left=1,4,3,0,3,3,3 status=TIMEOUT layouts=0/1 complete=False time=00:01:00
[RETURN id=07890 rank=02964] left=1,5,3,2,3,2,1 status=QUOTA_REACHED layouts=1/1 complete=True time=00:00:27
[RETURN id=08448 rank=02984] left=2,0,3,4,2,4,2 status=QUOTA_REACHED layouts=1/1 complete=True time=00:00:15
[RETURN id=07118 rank=02936] left=1,4,3,3,3,0,3 status=TIMEOUT layouts=0/1 complete=False time=00:01:00
[RETURN id=08538 rank=02988] left=2,0,4,2,3,2,4 status=QUOTA_REACHED layouts=1/1 complete=True time=00:00:06
[RETURN id=07592 rank=02939] left=1,5,1,2,3,2,3 status=TIMEOUT layouts=0/1 complete=False time=00:01:00
[RETURN id=07616 rank=02941] left=1,5,1,3,2,2,3 status=TIMEOUT layouts=0/1 complete=False time=00:01:00
[RETURN id=07622 rank=02943] left=1,5,1,3,3,2,2 status=TIMEOUT layouts=0/1 complete=False time=00:01:00
[GLOBAL] [#########-------------------] done=1159/3505 (33.07%) covered=1159 layouts=1159 running=14/14 remaining=2346 elapsed=01:10:00 rate=10.00 sig/min ETA=03:54:36
[COVERAGE] selected_mass(global)=47.579% covered_mass(global contribution)=26.409%
[LONGEST] id=7746 rank=2948 left=1,5,2,2,3,1,3 elapsed=00:00:55
[RETURN id=08534 rank=02986] left=2,0,4,2,2,3,4 status=QUOTA_REACHED layouts=1/1 complete=True time=00:00:25
[RETURN id=07884 rank=02961] left=1,5,3,2,2,1,3 status=QUOTA_REACHED layouts=1/1 complete=True time=00:00:50
[RETURN id=07746 rank=02948] left=1,5,2,2,3,1,3 status=TIMEOUT layouts=0/1 complete=False time=00:01:00
[RETURN id=07774 rank=02954] left=1,5,2,3,3,1,2 status=TIMEOUT layouts=0/1 complete=False time=00:01:00
[RETURN id=07880 rank=02960] left=1,5,3,2,1,3,2 status=TIMEOUT layouts=0/1 complete=False time=00:01:00
[RETURN id=08950 rank=03009] left=2,1,1,5,3,3,2 status=QUOTA_REACHED layouts=1/1 complete=True time=00:00:12
[RETURN id=08446 rank=02983] left=2,0,3,4,2,2,4 status=QUOTA_REACHED layouts=1/1 complete=True time=00:00:51
[RETURN id=08322 rank=02975] left=2,0,2,4,2,4,3 status=TIMEOUT layouts=0/1 complete=False time=00:01:00
[RETURN id=09076 rank=03020] left=2,1,2,5,3,1,3 status=QUOTA_REACHED layouts=1/1 complete=True time=00:00:05
[GLOBAL] [#########-------------------] done=1164/3505 (33.21%) covered=1164 layouts=1164 running=14/14 remaining=2341 elapsed=01:10:30 rate=10.00 sig/min ETA=03:54:06
[COVERAGE] selected_mass(global)=47.579% covered_mass(global contribution)=26.436%
[LONGEST] id=8458 rank=2985 left=2,0,3,4,4,2,2 elapsed=00:00:54
[RETURN id=08458 rank=02985] left=2,0,3,4,4,2,2 status=TIMEOUT layouts=0/1 complete=False time=00:01:00
[RETURN id=08886 rank=03000] left=2,1,1,2,5,3,3 status=QUOTA_REACHED layouts=1/1 complete=True time=00:00:48
[RETURN id=08540 rank=02989] left=2,0,4,2,3,4,2 status=TIMEOUT layouts=0/1 complete=False time=00:01:00
[RETURN id=09078 rank=03021] left=2,1,2,5,3,3,1 status=QUOTA_REACHED layouts=1/1 complete=True time=00:00:17
[RETURN id=08592 rank=02996] left=2,0,4,4,2,3,2 status=TIMEOUT layouts=0/1 complete=False time=00:01:00
[RETURN id=08892 rank=03001] left=2,1,1,3,2,3,5 status=TIMEOUT layouts=0/1 complete=False time=00:01:00
[RETURN id=08894 rank=03002] left=2,1,1,3,2,5,3 status=TIMEOUT layouts=0/1 complete=False time=00:01:00
[RETURN id=09136 rank=03031] left=2,1,3,2,3,5,1 status=QUOTA_REACHED layouts=1/1 complete=True time=00:00:05
[RETURN id=08898 rank=03004] left=2,1,1,3,3,5,2 status=TIMEOUT layouts=0/1 complete=False time=00:01:00
[GLOBAL] [#########-------------------] done=1167/3505 (33.30%) covered=1167 layouts=1167 running=14/14 remaining=2338 elapsed=01:11:00 rate=9.97 sig/min ETA=03:54:28
[COVERAGE] selected_mass(global)=47.579% covered_mass(global contribution)=26.453%
[LONGEST] id=8906 rank=3005 left=2,1,1,3,5,2,3 elapsed=00:00:58
[RETURN id=08906 rank=03005] left=2,1,1,3,5,2,3 status=TIMEOUT layouts=0/1 complete=False time=00:01:00
[RETURN id=09120 rank=03027] left=2,1,3,1,5,3,2 status=QUOTA_REACHED layouts=1/1 complete=True time=00:00:25
[RETURN id=08944 rank=03007] left=2,1,1,5,2,3,3 status=TIMEOUT layouts=0/1 complete=False time=00:01:00
[RETURN id=08984 rank=03012] left=2,1,2,1,5,3,3 status=TIMEOUT layouts=0/1 complete=False time=00:01:00
[RETURN id=09172 rank=03038] left=2,1,3,3,5,1,2 status=QUOTA_REACHED layouts=1/1 complete=True time=00:00:17
[RETURN id=09010 rank=03013] left=2,1,2,3,1,3,5 status=TIMEOUT layouts=0/1 complete=False time=00:01:00
[RETURN id=09012 rank=03014] left=2,1,2,3,1,5,3 status=TIMEOUT layouts=0/1 complete=False time=00:01:00
[RETURN id=09548 rank=03061] left=2,2,0,3,2,4,4 status=QUOTA_REACHED layouts=1/1 complete=True time=00:00:07
[RETURN id=09210 rank=03041] left=2,1,3,5,1,3,2 status=QUOTA_REACHED layouts=1/1 complete=True time=00:00:30
[RETURN id=09466 rank=03055] left=2,1,5,3,2,3,1 status=QUOTA_REACHED layouts=1/1 complete=True time=00:00:15
[RETURN id=09066 rank=03019] left=2,1,2,5,1,3,3 status=TIMEOUT layouts=0/1 complete=False time=00:01:00
[GLOBAL] [#########-------------------] done=1172/3505 (33.44%) covered=1172 layouts=1172 running=14/14 remaining=2333 elapsed=01:11:30 rate=9.97 sig/min ETA=03:53:58
[COVERAGE] selected_mass(global)=47.579% covered_mass(global contribution)=26.480%
[LONGEST] id=9108 rank=3024 left=2,1,3,1,3,2,5 elapsed=00:00:53
[RETURN id=09144 rank=03032] left=2,1,3,2,5,1,3 status=QUOTA_REACHED layouts=1/1 complete=True time=00:00:46
[RETURN id=09464 rank=03054] left=2,1,5,3,2,1,3 status=QUOTA_REACHED layouts=1/1 complete=True time=00:00:33
[RETURN id=09108 rank=03024] left=2,1,3,1,3,2,5 status=TIMEOUT layouts=0/1 complete=False time=00:01:00
[RETURN id=09412 rank=03047] left=2,1,5,1,3,2,3 status=QUOTA_REACHED layouts=1/1 complete=True time=00:00:36
[RETURN id=09216 rank=03043] left=2,1,3,5,2,3,1 status=QUOTA_REACHED layouts=1/1 complete=True time=00:00:53
[RETURN id=09146 rank=03033] left=2,1,3,2,5,3,1 status=TIMEOUT layouts=0/1 complete=False time=00:01:00
[RETURN id=09154 rank=03035] left=2,1,3,3,1,5,2 status=TIMEOUT layouts=0/1 complete=False time=00:01:00
[RETURN id=09686 rank=03078] left=2,2,1,3,5,3,1 status=QUOTA_REACHED layouts=1/1 complete=True time=00:00:15
[RETURN id=09804 rank=03085] left=2,2,2,3,0,4,4 status=QUOTA_REACHED layouts=1/1 complete=True time=00:00:10
[RETURN id=09684 rank=03077] left=2,2,1,3,5,1,3 status=QUOTA_REACHED layouts=1/1 complete=True time=00:00:20
[RETURN id=09672 rank=03075] left=2,2,1,3,3,1,5 status=QUOTA_REACHED layouts=1/1 complete=True time=00:00:33
[GLOBAL] [#########-------------------] done=1180/3505 (33.67%) covered=1180 layouts=1180 running=14/14 remaining=2325 elapsed=01:12:00 rate=10.01 sig/min ETA=03:52:11
[COVERAGE] selected_mass(global)=47.579% covered_mass(global contribution)=26.524%
[LONGEST] id=9470 rank=3057 left=2,1,5,3,3,2,1 elapsed=00:00:52
[RETURN id=09470 rank=03057] left=2,1,5,3,3,2,1 status=TIMEOUT layouts=0/1 complete=False time=00:01:00
[RETURN id=09536 rank=03059] left=2,2,0,2,4,3,4 status=TIMEOUT layouts=0/1 complete=False time=00:01:00
[RETURN id=09572 rank=03065] left=2,2,0,4,2,4,3 status=TIMEOUT layouts=0/1 complete=False time=00:01:00
[RETURN id=09630 rank=03070] left=2,2,1,1,3,3,5 status=TIMEOUT layouts=0/1 complete=False time=00:01:00
[RETURN id=09632 rank=03071] left=2,2,1,1,3,5,3 status=TIMEOUT layouts=0/1 complete=False time=00:01:00
[RETURN id=09676 rank=03076] left=2,2,1,3,3,5,1 status=TIMEOUT layouts=0/1 complete=False time=00:01:00
[RETURN id=09926 rank=03102] left=2,2,3,1,5,3,1 status=QUOTA_REACHED layouts=1/1 complete=True time=00:00:31
[GLOBAL] [#########-------------------] done=1181/3505 (33.69%) covered=1181 layouts=1181 running=14/14 remaining=2324 elapsed=01:12:30 rate=9.96 sig/min ETA=03:53:22
[COVERAGE] selected_mass(global)=47.579% covered_mass(global contribution)=26.530%
[LONGEST] id=9750 rank=3084 left=2,2,2,0,4,4,3 elapsed=00:00:53
[RETURN id=09950 rank=03105] left=2,2,3,2,4,4,0 status=QUOTA_REACHED layouts=1/1 complete=True time=00:00:26
[RETURN id=09750 rank=03084] left=2,2,2,0,4,4,3 status=TIMEOUT layouts=0/1 complete=False time=00:01:00
[RETURN id=09924 rank=03101] left=2,2,3,1,5,1,3 status=QUOTA_REACHED layouts=1/1 complete=True time=00:00:46
[RETURN id=09850 rank=03092] left=2,2,2,4,4,0,3 status=QUOTA_REACHED layouts=1/1 complete=True time=00:00:54
[RETURN id=09886 rank=03094] left=2,2,3,0,2,4,4 status=QUOTA_REACHED layouts=1/1 complete=True time=00:00:58
[RETURN id=09832 rank=03089] left=2,2,2,4,0,4,3 status=TIMEOUT layouts=0/1 complete=False time=00:01:00
[RETURN id=09912 rank=03099] left=2,2,3,1,3,1,5 status=TIMEOUT layouts=0/1 complete=False time=00:01:00
[RETURN id=09980 rank=03108] left=2,2,3,3,5,1,1 status=QUOTA_REACHED layouts=1/1 complete=True time=00:00:46
[RETURN id=09946 rank=03104] left=2,2,3,2,4,0,4 status=TIMEOUT layouts=0/1 complete=False time=00:01:00
[RETURN id=10118 rank=03132] left=2,2,4,3,2,0,4 status=QUOTA_REACHED layouts=1/1 complete=True time=00:00:12
[GLOBAL] [#########-------------------] done=1187/3505 (33.87%) covered=1187 layouts=1187 running=14/14 remaining=2318 elapsed=01:13:00 rate=9.97 sig/min ETA=03:52:27
[COVERAGE] selected_mass(global)=47.579% covered_mass(global contribution)=26.563%
[LONGEST] id=10002 rank=3113 left=2,2,3,4,4,0,2 elapsed=00:00:39
[RETURN id=10254 rank=03145] left=2,2,5,3,1,1,3 status=QUOTA_REACHED layouts=1/1 complete=True time=00:00:14
[RETURN id=10002 rank=03113] left=2,2,3,4,4,0,2 status=QUOTA_REACHED layouts=1/1 complete=True time=00:00:51
[RETURN id=10004 rank=03114] left=2,2,3,4,4,2,0 status=TIMEOUT layouts=0/1 complete=False time=00:01:00
[RETURN id=10014 rank=03115] left=2,2,3,5,1,1,3 status=TIMEOUT layouts=0/1 complete=False time=00:01:00
[RETURN id=10034 rank=03118] left=2,2,4,0,2,3,4 status=TIMEOUT layouts=0/1 complete=False time=00:01:00
[RETURN id=10040 rank=03121] left=2,2,4,0,3,4,2 status=TIMEOUT layouts=0/1 complete=False time=00:01:00
[GLOBAL] [#########-------------------] done=1189/3505 (33.92%) covered=1189 layouts=1189 running=14/14 remaining=2316 elapsed=01:13:30 rate=9.93 sig/min ETA=03:53:12
[COVERAGE] selected_mass(global)=47.579% covered_mass(global contribution)=26.574%
[LONGEST] id=10044 rank=3122 left=2,2,4,0,4,2,3 elapsed=00:00:55
[RETURN id=10146 rank=03139] left=2,2,4,4,2,3,0 status=QUOTA_REACHED layouts=1/1 complete=True time=00:00:41
[RETURN id=10044 rank=03122] left=2,2,4,0,4,2,3 status=TIMEOUT layouts=0/1 complete=False time=00:01:00
[RETURN id=10100 rank=03128] left=2,2,4,2,4,0,3 status=TIMEOUT layouts=0/1 complete=False time=00:01:00
[RETURN id=10108 rank=03130] left=2,2,4,3,0,2,4 status=TIMEOUT layouts=0/1 complete=False time=00:01:00
[RETURN id=10384 rank=03153] left=2,3,0,4,4,2,2 status=QUOTA_REACHED layouts=1/1 complete=True time=00:00:33
[RETURN id=10122 rank=03133] left=2,2,4,3,2,4,0 status=TIMEOUT layouts=0/1 complete=False time=00:01:00
[RETURN id=10134 rank=03136] left=2,2,4,4,0,2,3 status=TIMEOUT layouts=0/1 complete=False time=00:01:00
[RETURN id=10322 rank=03148] left=2,3,0,2,2,4,4 status=TIMEOUT layouts=0/1 complete=False time=00:01:00
[RETURN id=10504 rank=03171] left=2,3,1,3,5,2,1 status=QUOTA_REACHED layouts=1/1 complete=True time=00:00:10
[RETURN id=10372 rank=03151] left=2,3,0,4,2,2,4 status=TIMEOUT layouts=0/1 complete=False time=00:01:00
[GLOBAL] [#########-------------------] done=1192/3505 (34.01%) covered=1192 layouts=1192 running=14/14 remaining=2313 elapsed=01:14:00 rate=9.91 sig/min ETA=03:53:31
[COVERAGE] selected_mass(global)=47.579% covered_mass(global contribution)=26.591%
[LONGEST] id=10374 rank=3152 left=2,3,0,4,2,4,2 elapsed=00:00:49
[RETURN id=10482 rank=03166] left=2,3,1,3,1,2,5 status=QUOTA_REACHED layouts=1/1 complete=True time=00:00:25
[RETURN id=10486 rank=03168] left=2,3,1,3,2,1,5 status=QUOTA_REACHED layouts=1/1 complete=True time=00:00:30
[RETURN id=10374 rank=03152] left=2,3,0,4,2,4,2 status=TIMEOUT layouts=0/1 complete=False time=00:01:00
[RETURN id=10450 rank=03158] left=2,3,1,1,5,2,3 status=QUOTA_REACHED layouts=1/1 complete=True time=00:00:51
[RETURN id=10490 rank=03169] left=2,3,1,3,2,5,1 status=QUOTA_REACHED layouts=1/1 complete=True time=00:00:38
[RETURN id=10562 rank=03178] left=2,3,2,0,2,4,4 status=QUOTA_REACHED layouts=1/1 complete=True time=00:00:22
[RETURN id=10436 rank=03154] left=2,3,1,1,2,3,5 status=TIMEOUT layouts=0/1 complete=False time=00:01:00
[RETURN id=10438 rank=03155] left=2,3,1,1,2,5,3 status=TIMEOUT layouts=0/1 complete=False time=00:01:00
[RETURN id=10442 rank=03157] left=2,3,1,1,3,5,2 status=TIMEOUT layouts=0/1 complete=False time=00:01:00
[RETURN id=10600 rank=03185] left=2,3,2,1,5,1,3 status=QUOTA_REACHED layouts=1/1 complete=True time=00:00:27
[GLOBAL] [#########-------------------] done=1198/3505 (34.18%) covered=1198 layouts=1198 running=14/14 remaining=2307 elapsed=01:14:30 rate=9.92 sig/min ETA=03:52:35
[COVERAGE] selected_mass(global)=47.579% covered_mass(global contribution)=26.624%
[LONGEST] id=10458 rank=3161 left=2,3,1,2,1,5,3 elapsed=00:00:56
[RETURN id=10622 rank=03188] left=2,3,2,2,4,0,4 status=QUOTA_REACHED layouts=1/1 complete=True time=00:00:18
[RETURN id=10458 rank=03161] left=2,3,1,2,1,5,3 status=TIMEOUT layouts=0/1 complete=False time=00:01:00
[RETURN id=10626 rank=03189] left=2,3,2,2,4,4,0 status=QUOTA_REACHED layouts=1/1 complete=True time=00:00:19
[RETURN id=10588 rank=03183] left=2,3,2,1,3,1,5 status=QUOTA_REACHED layouts=1/1 complete=True time=00:00:41
[RETURN id=10602 rank=03186] left=2,3,2,1,5,3,1 status=QUOTA_REACHED layouts=1/1 complete=True time=00:00:38
[RETURN id=10550 rank=03176] left=2,3,1,5,3,1,2 status=QUOTA_REACHED layouts=1/1 complete=True time=00:00:59
[RETURN id=10540 rank=03172] left=2,3,1,5,1,2,3 status=TIMEOUT layouts=0/1 complete=False time=00:01:00
[GLOBAL] [#########-------------------] done=1203/3505 (34.32%) covered=1203 layouts=1203 running=14/14 remaining=2302 elapsed=01:15:00 rate=9.92 sig/min ETA=03:52:04
[COVERAGE] selected_mass(global)=47.579% covered_mass(global contribution)=26.651%
[LONGEST] id=10592 rank=3184 left=2,3,2,1,3,5,1 elapsed=00:01:00
[RETURN id=10592 rank=03184] left=2,3,2,1,3,5,1 status=TIMEOUT layouts=0/1 complete=False time=00:01:00
[RETURN id=10678 rank=03197] left=2,3,2,4,4,0,2 status=QUOTA_REACHED layouts=1/1 complete=True time=00:00:46
[RETURN id=10740 rank=03205] left=2,3,3,1,2,5,1 status=QUOTA_REACHED layouts=1/1 complete=True time=00:00:37
[RETURN id=10656 rank=03192] left=2,3,2,3,5,1,1 status=TIMEOUT layouts=0/1 complete=False time=00:01:00
[RETURN id=10680 rank=03198] left=2,3,2,4,4,2,0 status=TIMEOUT layouts=0/1 complete=False time=00:01:00
[RETURN id=10690 rank=03199] left=2,3,2,5,1,1,3 status=TIMEOUT layouts=0/1 complete=False time=00:01:00
[RETURN id=10692 rank=03200] left=2,3,2,5,1,3,1 status=TIMEOUT layouts=0/1 complete=False time=00:01:00
[GLOBAL] [#########-------------------] done=1205/3505 (34.38%) covered=1205 layouts=1205 running=14/14 remaining=2300 elapsed=01:15:30 rate=9.88 sig/min ETA=03:52:47
[COVERAGE] selected_mass(global)=47.579% covered_mass(global contribution)=26.662%
[LONGEST] id=10732 rank=3202 left=2,3,3,1,1,2,5 elapsed=00:01:00
[RETURN id=10732 rank=03202] left=2,3,3,1,1,2,5 status=TIMEOUT layouts=0/1 complete=False time=00:01:00
[RETURN id=10736 rank=03204] left=2,3,3,1,2,1,5 status=TIMEOUT layouts=0/1 complete=False time=00:01:00
[RETURN id=10854 rank=03215] left=2,3,4,0,2,4,2 status=QUOTA_REACHED layouts=1/1 complete=True time=00:00:45
[RETURN id=11004 rank=03227] left=2,3,5,1,1,3,2 status=QUOTA_REACHED layouts=1/1 complete=True time=00:00:16
[RETURN id=10754 rank=03207] left=2,3,3,1,5,2,1 status=TIMEOUT layouts=0/1 complete=False time=00:01:00
[RETURN id=10764 rank=03209] left=2,3,3,2,1,5,1 status=QUOTA_REACHED layouts=1/1 complete=True time=00:00:51
[RETURN id=10760 rank=03208] left=2,3,3,2,1,1,5 status=TIMEOUT layouts=0/1 complete=False time=00:01:00
[RETURN id=11048 rank=03235] left=2,3,5,3,1,1,2 status=QUOTA_REACHED layouts=1/1 complete=True time=00:00:12
[RETURN id=10864 rank=03216] left=2,3,4,0,4,2,2 status=QUOTA_REACHED layouts=1/1 complete=True time=00:00:43
[RETURN id=10852 rank=03214] left=2,3,4,0,2,2,4 status=TIMEOUT layouts=0/1 complete=False time=00:01:00
[RETURN id=11008 rank=03228] left=2,3,5,1,2,1,3 status=QUOTA_REACHED layouts=1/1 complete=True time=00:00:28
[GLOBAL] [#########-------------------] done=1211/3505 (34.55%) covered=1211 layouts=1211 running=14/14 remaining=2294 elapsed=01:16:00 rate=9.89 sig/min ETA=03:51:51
[COVERAGE] selected_mass(global)=47.579% covered_mass(global contribution)=26.695%
[LONGEST] id=10918 rank=3221 left=2,3,4,2,4,0,2 elapsed=00:00:51
[RETURN id=10918 rank=03221] left=2,3,4,2,4,0,2 status=TIMEOUT layouts=0/1 complete=False time=00:01:00
[RETURN id=10920 rank=03222] left=2,3,4,2,4,2,0 status=TIMEOUT layouts=0/1 complete=False time=00:01:00
[RETURN id=11426 rank=03258] left=2,4,2,2,3,0,4 status=QUOTA_REACHED layouts=1/1 complete=True time=00:00:20
[RETURN id=11010 rank=03229] left=2,3,5,1,2,3,1 status=QUOTA_REACHED layouts=1/1 complete=True time=00:00:49
[RETURN id=10946 rank=03223] left=2,3,4,4,0,2,2 status=TIMEOUT layouts=0/1 complete=False time=00:01:00
[RETURN id=11366 rank=03251] left=2,4,2,0,2,4,3 status=QUOTA_REACHED layouts=1/1 complete=True time=00:00:46
[GLOBAL] [#########-------------------] done=1214/3505 (34.64%) covered=1214 layouts=1214 running=14/14 remaining=2291 elapsed=01:16:30 rate=9.87 sig/min ETA=03:52:08
[COVERAGE] selected_mass(global)=47.579% covered_mass(global contribution)=26.712%
[LONGEST] id=11052 rank=3237 left=2,3,5,3,2,1,1 elapsed=00:00:59
[RETURN id=11052 rank=03237] left=2,3,5,3,2,1,1 status=TIMEOUT layouts=0/1 complete=False time=00:01:00
[RETURN id=11412 rank=03256] left=2,4,2,2,0,3,4 status=QUOTA_REACHED layouts=1/1 complete=True time=00:00:38
[RETURN id=11142 rank=03244] left=2,4,0,3,2,2,4 status=TIMEOUT layouts=0/1 complete=False time=00:01:00
[RETURN id=11116 rank=03239] left=2,4,0,2,2,4,3 status=TIMEOUT layouts=0/1 complete=False time=00:01:00
[RETURN id=11144 rank=03245] left=2,4,0,3,2,4,2 status=TIMEOUT layouts=0/1 complete=False time=00:01:00
[RETURN id=11154 rank=03246] left=2,4,0,3,4,2,2 status=TIMEOUT layouts=0/1 complete=False time=00:01:00
[RETURN id=11178 rank=03249] left=2,4,0,4,3,2,2 status=TIMEOUT layouts=0/1 complete=False time=00:01:00
[RETURN id=11376 rank=03255] left=2,4,2,0,4,3,2 status=TIMEOUT layouts=0/1 complete=False time=00:01:00
[RETURN id=11458 rank=03266] left=2,4,2,3,4,0,2 status=QUOTA_REACHED layouts=1/1 complete=True time=00:00:34
[RETURN id=11608 rank=03284] left=2,4,3,4,2,0,2 status=QUOTA_REACHED layouts=1/1 complete=True time=00:00:13
[GLOBAL] [#########-------------------] done=1217/3505 (34.72%) covered=1217 layouts=1217 running=14/14 remaining=2288 elapsed=01:17:00 rate=9.84 sig/min ETA=03:52:26
[COVERAGE] selected_mass(global)=47.579% covered_mass(global contribution)=26.728%
[LONGEST] id=11430 rank=3259 left=2,4,2,2,3,4,0 elapsed=00:00:50
[RETURN id=11478 rank=03272] left=2,4,2,4,3,0,2 status=QUOTA_REACHED layouts=1/1 complete=True time=00:00:37
[RETURN id=11430 rank=03259] left=2,4,2,2,3,4,0 status=TIMEOUT layouts=0/1 complete=False time=00:01:00
[RETURN id=11434 rank=03261] left=2,4,2,2,4,3,0 status=TIMEOUT layouts=0/1 complete=False time=00:01:00
[RETURN id=11466 rank=03269] left=2,4,2,4,0,3,2 status=QUOTA_REACHED layouts=1/1 complete=True time=00:00:54
[RETURN id=11460 rank=03267] left=2,4,2,3,4,2,0 status=TIMEOUT layouts=0/1 complete=False time=00:01:00
[RETURN id=11636 rank=03287] left=2,4,4,0,2,3,2 status=QUOTA_REACHED layouts=1/1 complete=True time=00:00:31
[RETURN id=11708 rank=03297] left=2,4,4,3,2,2,0 status=QUOTA_REACHED layouts=1/1 complete=True time=00:00:12
[RETURN id=11690 rank=03292] left=2,4,4,2,2,3,0 status=QUOTA_REACHED layouts=1/1 complete=True time=00:00:29
[RETURN id=11556 rank=03278] left=2,4,3,2,0,4,2 status=QUOTA_REACHED layouts=1/1 complete=True time=00:00:44
[RETURN id=11554 rank=03277] left=2,4,3,2,0,2,4 status=QUOTA_REACHED layouts=1/1 complete=True time=00:00:45
[GLOBAL] [#########-------------------] done=1224/3505 (34.92%) covered=1224 layouts=1224 running=14/14 remaining=2281 elapsed=01:17:30 rate=9.87 sig/min ETA=03:51:05
[COVERAGE] selected_mass(global)=47.579% covered_mass(global contribution)=26.767%
[LONGEST] id=11474 rank=3270 left=2,4,2,4,2,0,3 elapsed=00:01:01
[RETURN id=11474 rank=03270] left=2,4,2,4,2,0,3 status=TIMEOUT layouts=0/1 complete=False time=00:01:00
[RETURN id=11480 rank=03273] left=2,4,2,4,3,2,0 status=TIMEOUT layouts=0/1 complete=False time=00:01:00
[RETURN id=11564 rank=03279] left=2,4,3,2,2,0,4 status=TIMEOUT layouts=0/1 complete=False time=00:01:00
[RETURN id=11568 rank=03280] left=2,4,3,2,2,4,0 status=TIMEOUT layouts=0/1 complete=False time=00:01:00
[RETURN id=12258 rank=03318] left=2,5,3,1,2,1,3 status=QUOTA_REACHED layouts=1/1 complete=True time=00:00:12
[RETURN id=11678 rank=03289] left=2,4,4,2,0,2,3 status=TIMEOUT layouts=0/1 complete=False time=00:01:00
[RETURN id=12298 rank=03325] left=2,5,3,3,1,1,2 status=QUOTA_REACHED layouts=1/1 complete=True time=00:00:05
[GLOBAL] [#########-------------------] done=1226/3505 (34.98%) covered=1226 layouts=1226 running=14/14 remaining=2279 elapsed=01:18:00 rate=9.83 sig/min ETA=03:51:46
[COVERAGE] selected_mass(global)=47.579% covered_mass(global contribution)=26.778%
[LONGEST] id=11706 rank=3296 left=2,4,4,3,2,0,2 elapsed=00:00:51
[RETURN id=11988 rank=03298] left=2,5,1,1,2,3,3 status=QUOTA_REACHED layouts=1/1 complete=True time=00:00:48
[RETURN id=11706 rank=03296] left=2,4,4,3,2,0,2 status=TIMEOUT layouts=0/1 complete=False time=00:01:00
[RETURN id=12302 rank=03327] left=2,5,3,3,2,1,1 status=QUOTA_REACHED layouts=1/1 complete=True time=00:00:18
[RETURN id=12180 rank=03313] left=2,5,2,3,1,1,3 status=QUOTA_REACHED layouts=1/1 complete=True time=00:00:53
[RETURN id=12012 rank=03301] left=2,5,1,2,1,3,3 status=TIMEOUT layouts=0/1 complete=False time=00:01:00
[RETURN id=12024 rank=03303] left=2,5,1,2,3,3,1 status=TIMEOUT layouts=0/1 complete=False time=00:01:00
[RETURN id=12040 rank=03304] left=2,5,1,3,1,2,3 status=TIMEOUT layouts=0/1 complete=False time=00:01:00
[RETURN id=12254 rank=03317] left=2,5,3,1,1,3,2 status=QUOTA_REACHED layouts=1/1 complete=True time=00:00:53
[RETURN id=12050 rank=03308] left=2,5,1,3,3,1,2 status=TIMEOUT layouts=0/1 complete=False time=00:01:00
[RETURN id=12182 rank=03314] left=2,5,2,3,1,3,1 status=TIMEOUT layouts=0/1 complete=False time=00:01:00
[GLOBAL] [#########-------------------] done=1230/3505 (35.09%) covered=1230 layouts=1230 running=14/14 remaining=2275 elapsed=01:18:30 rate=9.82 sig/min ETA=03:51:38
[COVERAGE] selected_mass(global)=47.579% covered_mass(global contribution)=26.800%
[LONGEST] id=12260 rank=3319 left=2,5,3,1,2,3,1 elapsed=00:00:56
[RETURN id=12260 rank=03319] left=2,5,3,1,2,3,1 status=TIMEOUT layouts=0/1 complete=False time=00:01:00
[RETURN id=12280 rank=03323] left=2,5,3,2,1,3,1 status=QUOTA_REACHED layouts=1/1 complete=True time=00:00:53
[RETURN id=12264 rank=03321] left=2,5,3,1,3,2,1 status=TIMEOUT layouts=0/1 complete=False time=00:01:00
[RETURN id=12278 rank=03322] left=2,5,3,2,1,1,3 status=TIMEOUT layouts=0/1 complete=False time=00:01:00
[RETURN id=12850 rank=03346] left=3,0,3,3,4,3,1 status=QUOTA_REACHED layouts=1/1 complete=True time=00:00:22
[RETURN id=12734 rank=03337] left=3,0,2,4,4,2,2 status=QUOTA_REACHED layouts=1/1 complete=True time=00:00:36
[GLOBAL] [#########-------------------] done=1233/3505 (35.18%) covered=1233 layouts=1233 running=14/14 remaining=2272 elapsed=01:19:00 rate=9.80 sig/min ETA=03:51:54
[COVERAGE] selected_mass(global)=47.579% covered_mass(global contribution)=26.816%
[LONGEST] id=12582 rank=3330 left=3,0,1,3,4,3,3 elapsed=00:00:57
[RETURN id=12582 rank=03330] left=3,0,1,3,4,3,3 status=TIMEOUT layouts=0/1 complete=False time=00:01:00
[RETURN id=12602 rank=03331] left=3,0,1,4,3,3,3 status=TIMEOUT layouts=0/1 complete=False time=00:01:00
[RETURN id=12842 rank=03343] left=3,0,3,3,3,1,4 status=QUOTA_REACHED layouts=1/1 complete=True time=00:00:49
[RETURN id=12862 rank=03347] left=3,0,3,4,1,3,3 status=QUOTA_REACHED layouts=1/1 complete=True time=00:00:39
[RETURN id=12722 rank=03335] left=3,0,2,4,2,2,4 status=TIMEOUT layouts=0/1 complete=False time=00:01:00
[RETURN id=12724 rank=03336] left=3,0,2,4,2,4,2 status=TIMEOUT layouts=0/1 complete=False time=00:01:00
[RETURN id=12790 rank=03338] left=3,0,3,1,3,3,4 status=TIMEOUT layouts=0/1 complete=False time=00:01:00
[RETURN id=12834 rank=03342] left=3,0,3,3,1,4,3 status=TIMEOUT layouts=0/1 complete=False time=00:01:00
[RETURN id=12848 rank=03345] left=3,0,3,3,4,1,3 status=QUOTA_REACHED layouts=1/1 complete=True time=00:00:59
[RETURN id=13340 rank=03366] left=3,1,1,2,5,2,3 status=QUOTA_REACHED layouts=1/1 complete=True time=00:00:25
[GLOBAL] [#########-------------------] done=1237/3505 (35.29%) covered=1237 layouts=1237 running=14/14 remaining=2268 elapsed=01:19:30 rate=9.79 sig/min ETA=03:51:46
[COVERAGE] selected_mass(global)=47.579% covered_mass(global contribution)=26.838%
[LONGEST] id=12962 rank=3351 left=3,0,4,2,2,2,4 elapsed=00:00:54
[RETURN id=13328 rank=03363] left=3,1,1,2,2,5,3 status=QUOTA_REACHED layouts=1/1 complete=True time=00:00:33
[RETURN id=13232 rank=03358] left=3,1,0,3,3,3,4 status=QUOTA_REACHED layouts=1/1 complete=True time=00:00:51
[RETURN id=12962 rank=03351] left=3,0,4,2,2,2,4 status=TIMEOUT layouts=0/1 complete=False time=00:01:00
[RETURN id=12964 rank=03352] left=3,0,4,2,2,4,2 status=TIMEOUT layouts=0/1 complete=False time=00:01:00
[RETURN id=13326 rank=03362] left=3,1,1,2,2,3,5 status=QUOTA_REACHED layouts=1/1 complete=True time=00:00:55
[RETURN id=13352 rank=03369] left=3,1,1,3,2,5,2 status=QUOTA_REACHED layouts=1/1 complete=True time=00:00:36
[RETURN id=13546 rank=03393] left=3,1,2,5,1,3,2 status=QUOTA_REACHED layouts=1/1 complete=True time=00:00:17
[RETURN id=13550 rank=03394] left=3,1,2,5,2,1,3 status=QUOTA_REACHED layouts=1/1 complete=True time=00:00:19
[RETURN id=13366 rank=03370] left=3,1,1,3,5,2,2 status=QUOTA_REACHED layouts=1/1 complete=True time=00:00:45
[GLOBAL] [#########-------------------] done=1244/3505 (35.49%) covered=1244 layouts=1244 running=14/14 remaining=2261 elapsed=01:20:00 rate=9.81 sig/min ETA=03:50:26
[COVERAGE] selected_mass(global)=47.579% covered_mass(global contribution)=26.877%
[LONGEST] id=13408 rank=3372 left=3,1,1,5,2,3,2 elapsed=00:00:46
[RETURN id=13408 rank=03372] left=3,1,1,5,2,3,2 status=TIMEOUT layouts=0/1 complete=False time=00:01:00
[RETURN id=13456 rank=03379] left=3,1,2,1,5,3,2 status=TIMEOUT layouts=0/1 complete=False time=00:01:00
[RETURN id=13468 rank=03382] left=3,1,2,2,3,1,5 status=TIMEOUT layouts=0/1 complete=False time=00:01:00
[RETURN id=13480 rank=03384] left=3,1,2,2,5,1,3 status=TIMEOUT layouts=0/1 complete=False time=00:01:00
[RETURN id=13482 rank=03385] left=3,1,2,2,5,3,1 status=TIMEOUT layouts=0/1 complete=False time=00:01:00
[RETURN id=13552 rank=03395] left=3,1,2,5,2,3,1 status=QUOTA_REACHED layouts=1/1 complete=True time=00:00:45
[RETURN id=13490 rank=03387] left=3,1,2,3,1,5,2 status=TIMEOUT layouts=0/1 complete=False time=00:01:00
[RETURN id=13508 rank=03390] left=3,1,2,3,5,1,2 status=TIMEOUT layouts=0/1 complete=False time=00:01:00
[GLOBAL] [#########-------------------] done=1245/3505 (35.52%) covered=1245 layouts=1245 running=14/14 remaining=2260 elapsed=01:20:30 rate=9.76 sig/min ETA=03:51:28
[COVERAGE] selected_mass(global)=47.579% covered_mass(global contribution)=26.883%
[LONGEST] id=13556 rank=3397 left=3,1,2,5,3,2,1 elapsed=00:00:47
[RETURN id=13556 rank=03397] left=3,1,2,5,3,2,1 status=TIMEOUT layouts=0/1 complete=False time=00:01:00
[RETURN id=13696 rank=03419] left=3,1,3,5,1,2,2 status=QUOTA_REACHED layouts=1/1 complete=True time=00:00:21
[RETURN id=13570 rank=03398] left=3,1,3,0,3,3,4 status=TIMEOUT layouts=0/1 complete=False time=00:01:00
[RETURN id=13592 rank=03402] left=3,1,3,1,2,5,2 status=TIMEOUT layouts=0/1 complete=False time=00:01:00
[RETURN id=13606 rank=03403] left=3,1,3,1,5,2,2 status=TIMEOUT layouts=0/1 complete=False time=00:01:00
[RETURN id=13612 rank=03404] left=3,1,3,2,1,2,5 status=TIMEOUT layouts=0/1 complete=False time=00:01:00
[RETURN id=13616 rank=03406] left=3,1,3,2,2,1,5 status=TIMEOUT layouts=0/1 complete=False time=00:01:00
[GLOBAL] [#########-------------------] done=1246/3505 (35.55%) covered=1246 layouts=1246 running=14/14 remaining=2259 elapsed=01:21:00 rate=9.72 sig/min ETA=03:52:31
[COVERAGE] selected_mass(global)=47.579% covered_mass(global contribution)=26.888%
[LONGEST] id=13620 rank=3407 left=3,1,3,2,2,5,1 elapsed=00:00:44
[RETURN id=13700 rank=03420] left=3,1,3,5,2,1,2 status=QUOTA_REACHED layouts=1/1 complete=True time=00:00:33
[RETURN id=13638 rank=03411] left=3,1,3,3,0,4,3 status=QUOTA_REACHED layouts=1/1 complete=True time=00:00:47
[RETURN id=13656 rank=03414] left=3,1,3,3,4,0,3 status=QUOTA_REACHED layouts=1/1 complete=True time=00:00:50
[RETURN id=13804 rank=03424] left=3,1,4,3,3,0,3 status=QUOTA_REACHED layouts=1/1 complete=True time=00:00:29
[RETURN id=13620 rank=03407] left=3,1,3,2,2,5,1 status=TIMEOUT layouts=0/1 complete=False time=00:01:00
[RETURN id=13634 rank=03409] left=3,1,3,2,5,2,1 status=TIMEOUT layouts=0/1 complete=False time=00:01:00
[RETURN id=13682 rank=03418] left=3,1,3,4,3,3,0 status=QUOTA_REACHED layouts=1/1 complete=True time=00:00:57
[RETURN id=13936 rank=03435] left=3,1,5,3,1,2,2 status=QUOTA_REACHED layouts=1/1 complete=True time=00:00:23
[RETURN id=14132 rank=03449] left=3,2,1,1,5,3,2 status=QUOTA_REACHED layouts=1/1 complete=True time=00:00:09
[RETURN id=13790 rank=03423] left=3,1,4,3,0,3,3 status=QUOTA_REACHED layouts=1/1 complete=True time=00:00:42
[RETURN id=13888 rank=03427] left=3,1,5,1,2,3,2 status=QUOTA_REACHED layouts=1/1 complete=True time=00:00:44
[GLOBAL] [##########------------------] done=1255/3505 (35.81%) covered=1255 layouts=1255 running=14/14 remaining=2250 elapsed=01:21:30 rate=9.77 sig/min ETA=03:50:23
[COVERAGE] selected_mass(global)=47.579% covered_mass(global contribution)=26.938%
[LONGEST] id=13720 rank=3422 left=3,1,4,0,3,3,3 elapsed=00:01:00
[RETURN id=13720 rank=03422] left=3,1,4,0,3,3,3 status=TIMEOUT layouts=0/1 complete=False time=00:01:00
[RETURN id=14012 rank=03440] left=3,2,0,2,4,4,2 status=QUOTA_REACHED layouts=1/1 complete=True time=00:00:25
[RETURN id=13910 rank=03429] left=3,1,5,2,1,2,3 status=QUOTA_REACHED layouts=1/1 complete=True time=00:00:55
[RETURN id=13920 rank=03433] left=3,1,5,2,3,1,2 status=TIMEOUT layouts=0/1 complete=False time=00:01:00
[RETURN id=13940 rank=03436] left=3,1,5,3,2,1,2 status=TIMEOUT layouts=0/1 complete=False time=00:01:00
[GLOBAL] [##########------------------] done=1257/3505 (35.86%) covered=1257 layouts=1257 running=14/14 remaining=2248 elapsed=01:22:00 rate=9.73 sig/min ETA=03:51:00
[COVERAGE] selected_mass(global)=47.579% covered_mass(global contribution)=26.949%
[LONGEST] id=14010 rank=3439 left=3,2,0,2,4,2,4 elapsed=00:01:00
[RETURN id=14010 rank=03439] left=3,2,0,2,4,2,4 status=TIMEOUT layouts=0/1 complete=False time=00:01:00
[RETURN id=14120 rank=03446] left=3,2,1,1,3,2,5 status=TIMEOUT layouts=0/1 complete=False time=00:01:00
[RETURN id=14148 rank=03453] left=3,2,1,2,3,5,1 status=TIMEOUT layouts=0/1 complete=False time=00:01:00
[RETURN id=14156 rank=03454] left=3,2,1,2,5,1,3 status=TIMEOUT layouts=0/1 complete=False time=00:01:00
[RETURN id=14166 rank=03457] left=3,2,1,3,1,5,2 status=TIMEOUT layouts=0/1 complete=False time=00:01:00
[RETURN id=14222 rank=03463] left=3,2,1,5,1,3,2 status=TIMEOUT layouts=0/1 complete=False time=00:01:00
[RETURN id=14226 rank=03464] left=3,2,1,5,2,1,3 status=TIMEOUT layouts=0/1 complete=False time=00:01:00
[RETURN id=14228 rank=03465] left=3,2,1,5,2,3,1 status=TIMEOUT layouts=0/1 complete=False time=00:01:00
[GLOBAL] [##########------------------] done=1257/3505 (35.86%) covered=1257 layouts=1257 running=14/14 remaining=2248 elapsed=01:22:30 rate=9.67 sig/min ETA=03:52:25
[COVERAGE] selected_mass(global)=47.579% covered_mass(global contribution)=26.949%
[LONGEST] id=14232 rank=3467 left=3,2,1,5,3,2,1 elapsed=00:01:00
[RETURN id=14232 rank=03467] left=3,2,1,5,3,2,1 status=TIMEOUT layouts=0/1 complete=False time=00:01:00
[RETURN id=14250 rank=03469] left=3,2,2,0,4,2,4 status=TIMEOUT layouts=0/1 complete=False time=00:01:00
[RETURN id=14354 rank=03486] left=3,2,2,4,2,4,0 status=QUOTA_REACHED layouts=1/1 complete=True time=00:00:10
[RETURN id=14252 rank=03470] left=3,2,2,0,4,4,2 status=TIMEOUT layouts=0/1 complete=False time=00:01:00
[RETURN id=14262 rank=03471] left=3,2,2,1,1,3,5 status=QUOTA_REACHED layouts=1/1 complete=True time=00:00:54
[RETURN id=14462 rank=03500] left=3,2,3,2,5,1,1 status=QUOTA_REACHED layouts=1/1 complete=True time=00:00:13
[RETURN id=14516 rank=03501] left=3,2,3,5,1,1,2 status=QUOTA_REACHED layouts=1/1 complete=True time=00:00:15
[RETURN id=14264 rank=03472] left=3,2,2,1,1,5,3 status=TIMEOUT layouts=0/1 complete=False time=00:01:00
[RETURN id=14286 rank=03477] left=3,2,2,2,0,4,4 status=TIMEOUT layouts=0/1 complete=False time=00:01:00
[GLOBAL] [##########------------------] done=1261/3505 (35.98%) covered=1261 layouts=1261 running=14/14 remaining=2244 elapsed=01:23:00 rate=9.66 sig/min ETA=03:52:14
[COVERAGE] selected_mass(global)=47.579% covered_mass(global contribution)=26.971%
[LONGEST] id=14316 rank=3480 left=3,2,2,3,1,1,5 elapsed=00:00:59
[RETURN id=14434 rank=03496] left=3,2,3,1,5,1,2 status=QUOTA_REACHED layouts=1/1 complete=True time=00:00:30
[RETURN id=14316 rank=03480] left=3,2,2,3,1,1,5 status=TIMEOUT layouts=0/1 complete=False time=00:01:00
[RETURN id=14520 rank=03503] left=3,2,3,5,2,1,1 status=QUOTA_REACHED layouts=1/1 complete=True time=00:00:29
[RETURN id=14580 rank=03507] left=3,2,4,2,0,2,4 status=QUOTA_REACHED layouts=1/1 complete=True time=00:00:30
[RETURN id=14582 rank=03508] left=3,2,4,2,0,4,2 status=QUOTA_REACHED layouts=1/1 complete=True time=00:00:23
[RETURN id=14730 rank=03526] left=3,2,5,3,1,2,1 status=QUOTA_REACHED layouts=1/1 complete=True time=00:00:08
[RETURN id=14320 rank=03481] left=3,2,2,3,1,5,1 status=TIMEOUT layouts=0/1 complete=False time=00:01:00
[RETURN id=14340 rank=03483] left=3,2,2,4,0,2,4 status=QUOTA_REACHED layouts=1/1 complete=True time=00:00:59
[RETURN id=14342 rank=03484] left=3,2,2,4,0,4,2 status=TIMEOUT layouts=0/1 complete=False time=00:01:00
[RETURN id=14350 rank=03485] left=3,2,2,4,2,0,4 status=TIMEOUT layouts=0/1 complete=False time=00:01:00
[RETURN id=14380 rank=03491] left=3,2,2,5,3,1,1 status=TIMEOUT layouts=0/1 complete=False time=00:01:00
[RETURN id=14416 rank=03493] left=3,2,3,1,1,5,2 status=TIMEOUT layouts=0/1 complete=False time=00:01:00
[GLOBAL] [##########------------------] done=1267/3505 (36.15%) covered=1267 layouts=1267 running=14/14 remaining=2238 elapsed=01:23:30 rate=9.68 sig/min ETA=03:51:17
[COVERAGE] selected_mass(global)=47.579% covered_mass(global contribution)=27.004%
[LONGEST] id=14590 rank=3509 left=3,2,4,2,2,0,4 elapsed=00:00:42
[RETURN id=14634 rank=03514] left=3,2,4,4,2,0,2 status=QUOTA_REACHED layouts=1/1 complete=True time=00:00:38
[RETURN id=14834 rank=03535] left=3,3,0,3,4,1,3 status=QUOTA_REACHED layouts=1/1 complete=True time=00:00:24
[RETURN id=14964 rank=03550] left=3,3,1,2,5,1,2 status=QUOTA_REACHED layouts=1/1 complete=True time=00:00:06
[RETURN id=14636 rank=03515] left=3,2,4,4,2,2,0 status=QUOTA_REACHED layouts=1/1 complete=True time=00:00:45
[RETURN id=14590 rank=03509] left=3,2,4,2,2,0,4 status=TIMEOUT layouts=0/1 complete=False time=00:01:00
[RETURN id=14860 rank=03539] left=3,3,0,4,3,3,1 status=QUOTA_REACHED layouts=1/1 complete=True time=00:00:32
[RETURN id=14828 rank=03533] left=3,3,0,3,3,1,4 status=QUOTA_REACHED layouts=1/1 complete=True time=00:00:44
[GLOBAL] [##########------------------] done=1273/3505 (36.32%) covered=1273 layouts=1273 running=14/14 remaining=2232 elapsed=01:24:00 rate=9.69 sig/min ETA=03:50:20
[COVERAGE] selected_mass(global)=47.579% covered_mass(global contribution)=27.037%
[LONGEST] id=14694 rank=3520 left=3,2,5,1,3,1,2 elapsed=00:00:59
[RETURN id=14848 rank=03537] left=3,3,0,4,1,3,3 status=QUOTA_REACHED layouts=1/1 complete=True time=00:00:42
[RETURN id=14694 rank=03520] left=3,2,5,1,3,1,2 status=TIMEOUT layouts=0/1 complete=False time=00:01:00
[RETURN id=14776 rank=03528] left=3,3,0,1,3,3,4 status=TIMEOUT layouts=0/1 complete=False time=00:01:00
[RETURN id=14996 rank=03558] left=3,3,1,4,0,3,3 status=QUOTA_REACHED layouts=1/1 complete=True time=00:00:10
[RETURN id=14820 rank=03532] left=3,3,0,3,1,4,3 status=TIMEOUT layouts=0/1 complete=False time=00:01:00
[RETURN id=14836 rank=03536] left=3,3,0,3,4,3,1 status=TIMEOUT layouts=0/1 complete=False time=00:01:00
[RETURN id=14906 rank=03542] left=3,3,1,0,4,3,3 status=QUOTA_REACHED layouts=1/1 complete=True time=00:00:51
[RETURN id=14946 rank=03547] left=3,3,1,2,1,5,2 status=QUOTA_REACHED layouts=1/1 complete=True time=00:00:49
[RETURN id=14858 rank=03538] left=3,3,0,4,3,1,3 status=TIMEOUT layouts=0/1 complete=False time=00:01:00
[RETURN id=14902 rank=03541] left=3,3,1,0,3,4,3 status=TIMEOUT layouts=0/1 complete=False time=00:01:00
[GLOBAL] [##########------------------] done=1277/3505 (36.43%) covered=1277 layouts=1277 running=14/14 remaining=2228 elapsed=01:24:30 rate=9.68 sig/min ETA=03:50:10
[COVERAGE] selected_mass(global)=47.579% covered_mass(global contribution)=27.059%
[LONGEST] id=14968 rank=3552 left=3,3,1,3,0,3,4 elapsed=00:00:47
[RETURN id=15076 rank=03567] left=3,3,2,1,2,5,1 status=QUOTA_REACHED layouts=1/1 complete=True time=00:00:21
[RETURN id=15090 rank=03569] left=3,3,2,1,5,2,1 status=QUOTA_REACHED layouts=1/1 complete=True time=00:00:15
[RETURN id=15172 rank=03574] left=3,3,2,5,1,2,1 status=QUOTA_REACHED layouts=1/1 complete=True time=00:00:22
[RETURN id=14968 rank=03552] left=3,3,1,3,0,3,4 status=TIMEOUT layouts=0/1 complete=False time=00:01:00
[RETURN id=14982 rank=03554] left=3,3,1,3,3,0,4 status=TIMEOUT layouts=0/1 complete=False time=00:01:00
[RETURN id=14986 rank=03555] left=3,3,1,3,3,4,0 status=TIMEOUT layouts=0/1 complete=False time=00:01:00
[RETURN id=14990 rank=03557] left=3,3,1,3,4,3,0 status=TIMEOUT layouts=0/1 complete=False time=00:01:00
[GLOBAL] [##########------------------] done=1280/3505 (36.52%) covered=1280 layouts=1280 running=14/14 remaining=2225 elapsed=01:25:00 rate=9.66 sig/min ETA=03:50:22
[COVERAGE] selected_mass(global)=47.579% covered_mass(global contribution)=27.075%
[LONGEST] id=15010 rank=3559 left=3,3,1,4,3,0,3 elapsed=00:01:00
[RETURN id=15010 rank=03559] left=3,3,1,4,3,0,3 status=TIMEOUT layouts=0/1 complete=False time=00:01:00
[RETURN id=15032 rank=03563] left=3,3,1,5,2,2,1 status=TIMEOUT layouts=0/1 complete=False time=00:01:00
[RETURN id=15068 rank=03564] left=3,3,2,1,1,2,5 status=TIMEOUT layouts=0/1 complete=False time=00:01:00
[RETURN id=15072 rank=03566] left=3,3,2,1,2,1,5 status=TIMEOUT layouts=0/1 complete=False time=00:01:00
[RETURN id=15226 rank=03585] left=3,3,3,1,3,4,0 status=QUOTA_REACHED layouts=1/1 complete=True time=00:00:28
[RETURN id=15196 rank=03579] left=3,3,3,0,3,4,1 status=QUOTA_REACHED layouts=1/1 complete=True time=00:00:48
[RETURN id=15096 rank=03570] left=3,3,2,2,1,1,5 status=TIMEOUT layouts=0/1 complete=False time=00:01:00
[RETURN id=15100 rank=03571] left=3,3,2,2,1,5,1 status=TIMEOUT layouts=0/1 complete=False time=00:01:00
[RETURN id=15184 rank=03576] left=3,3,3,0,1,3,4 status=QUOTA_REACHED layouts=1/1 complete=True time=00:00:57
[RETURN id=15292 rank=03598] left=3,3,3,4,3,0,1 status=QUOTA_REACHED layouts=1/1 complete=True time=00:00:23
[RETURN id=15260 rank=03588] left=3,3,3,3,0,1,4 status=QUOTA_REACHED layouts=1/1 complete=True time=00:00:37
[GLOBAL] [##########------------------] done=1285/3505 (36.66%) covered=1285 layouts=1285 running=14/14 remaining=2220 elapsed=01:25:30 rate=9.66 sig/min ETA=03:49:48
[COVERAGE] selected_mass(global)=47.579% covered_mass(global contribution)=27.103%
[LONGEST] id=15208 rank=3582 left=3,3,3,1,0,3,4 elapsed=00:00:58
[RETURN id=15208 rank=03582] left=3,3,3,1,0,3,4 status=TIMEOUT layouts=0/1 complete=False time=00:01:00
[RETURN id=15348 rank=03604] left=3,3,4,1,3,0,3 status=QUOTA_REACHED layouts=1/1 complete=True time=00:00:30
[RETURN id=15288 rank=03597] left=3,3,3,4,1,3,0 status=QUOTA_REACHED layouts=1/1 complete=True time=00:00:36
[RETURN id=15222 rank=03584] left=3,3,3,1,3,0,4 status=TIMEOUT layouts=0/1 complete=False time=00:01:00
[RETURN id=15646 rank=03626] left=3,4,1,0,3,3,3 status=QUOTA_REACHED layouts=1/1 complete=True time=00:00:18
[RETURN id=15230 rank=03587] left=3,3,3,1,4,3,0 status=TIMEOUT layouts=0/1 complete=False time=00:01:00
[RETURN id=15334 rank=03603] left=3,3,4,1,0,3,3 status=QUOTA_REACHED layouts=1/1 complete=True time=00:00:43
[RETURN id=15580 rank=03624] left=3,4,0,3,3,3,1 status=QUOTA_REACHED layouts=1/1 complete=True time=00:00:28
[RETURN id=15278 rank=03593] left=3,3,3,3,4,1,0 status=TIMEOUT layouts=0/1 complete=False time=00:01:00
[GLOBAL] [##########------------------] done=1290/3505 (36.80%) covered=1290 layouts=1290 running=14/14 remaining=2215 elapsed=01:26:00 rate=9.66 sig/min ETA=03:49:14
[COVERAGE] selected_mass(global)=47.579% covered_mass(global contribution)=27.130%
[LONGEST] id=15386 rank=3609 left=3,3,4,3,1,3,0 elapsed=00:00:47
[RETURN id=15730 rank=03628] left=3,4,1,3,3,0,3 status=QUOTA_REACHED layouts=1/1 complete=True time=00:00:24
[RETURN id=15918 rank=03644] left=3,4,3,0,3,3,1 status=QUOTA_REACHED layouts=1/1 complete=True time=00:00:10
[RETURN id=15386 rank=03609] left=3,3,4,3,1,3,0 status=TIMEOUT layouts=0/1 complete=False time=00:01:00
[RETURN id=15462 rank=03616] left=3,3,5,2,1,2,1 status=TIMEOUT layouts=0/1 complete=False time=00:01:00
[RETURN id=15568 rank=03622] left=3,4,0,3,1,3,3 status=TIMEOUT layouts=0/1 complete=False time=00:01:00
[RETURN id=15578 rank=03623] left=3,4,0,3,3,1,3 status=TIMEOUT layouts=0/1 complete=False time=00:01:00
[RETURN id=15602 rank=03625] left=3,4,0,4,2,2,2 status=TIMEOUT layouts=0/1 complete=False time=00:01:00
[GLOBAL] [##########------------------] done=1292/3505 (36.86%) covered=1292 layouts=1292 running=14/14 remaining=2213 elapsed=01:26:30 rate=9.63 sig/min ETA=03:49:48
[COVERAGE] selected_mass(global)=47.579% covered_mass(global contribution)=27.141%
[LONGEST] id=15716 rank=3627 left=3,4,1,3,0,3,3 elapsed=00:00:57
[RETURN id=15716 rank=03627] left=3,4,1,3,0,3,3 status=QUOTA_REACHED layouts=1/1 complete=True time=00:00:59
[RETURN id=15916 rank=03643] left=3,4,3,0,3,1,3 status=QUOTA_REACHED layouts=1/1 complete=True time=00:00:36
[RETURN id=15986 rank=03653] left=3,4,3,3,3,1,0 status=QUOTA_REACHED layouts=1/1 complete=True time=00:00:10
[RETURN id=15832 rank=03634] left=3,4,2,2,0,4,2 status=QUOTA_REACHED layouts=1/1 complete=True time=00:00:51
[RETURN id=15830 rank=03633] left=3,4,2,2,0,2,4 status=TIMEOUT layouts=0/1 complete=False time=00:01:00
[RETURN id=15844 rank=03636] left=3,4,2,2,2,4,0 status=TIMEOUT layouts=0/1 complete=False time=00:01:00
[RETURN id=15884 rank=03640] left=3,4,2,4,2,0,2 status=TIMEOUT layouts=0/1 complete=False time=00:01:00
[RETURN id=15886 rank=03641] left=3,4,2,4,2,2,0 status=QUOTA_REACHED layouts=1/1 complete=True time=00:00:58
[RETURN id=16324 rank=03660] left=3,5,1,1,3,2,2 status=QUOTA_REACHED layouts=1/1 complete=True time=00:00:17
[RETURN id=15976 rank=03649] left=3,4,3,3,0,3,1 status=QUOTA_REACHED layouts=1/1 complete=True time=00:00:32
[RETURN id=15906 rank=03642] left=3,4,3,0,1,3,3 status=TIMEOUT layouts=0/1 complete=False time=00:01:00
[RETURN id=15946 rank=03647] left=3,4,3,1,3,3,0 status=QUOTA_REACHED layouts=1/1 complete=True time=00:00:46
[RETURN id=16446 rank=03673] left=3,5,2,1,2,3,1 status=QUOTA_REACHED layouts=1/1 complete=True time=00:00:06
[GLOBAL] [##########------------------] done=1301/3505 (37.12%) covered=1301 layouts=1301 running=14/14 remaining=2204 elapsed=01:27:00 rate=9.68 sig/min ETA=03:47:44
[COVERAGE] selected_mass(global)=47.579% covered_mass(global contribution)=27.191%
[LONGEST] id=15974 rank=3648 left=3,4,3,3,0,1,3 elapsed=00:00:45
[RETURN id=15978 rank=03650] left=3,4,3,3,1,0,3 status=QUOTA_REACHED layouts=1/1 complete=True time=00:00:39
[RETURN id=16342 rank=03662] left=3,5,1,2,1,3,2 status=QUOTA_REACHED layouts=1/1 complete=True time=00:00:41
[RETURN id=15974 rank=03648] left=3,4,3,3,0,1,3 status=TIMEOUT layouts=0/1 complete=False time=00:01:00
[RETURN id=16352 rank=03666] left=3,5,1,2,3,2,1 status=QUOTA_REACHED layouts=1/1 complete=True time=00:00:34
[RETURN id=16542 rank=03682] left=3,5,3,1,1,2,2 status=QUOTA_REACHED layouts=1/1 complete=True time=00:00:07
[RETURN id=16052 rank=03655] left=3,4,4,2,0,2,2 status=TIMEOUT layouts=0/1 complete=False time=00:01:00
[GLOBAL] [##########------------------] done=1305/3505 (37.23%) covered=1305 layouts=1305 running=14/14 remaining=2200 elapsed=01:27:30 rate=9.67 sig/min ETA=03:47:33
[COVERAGE] selected_mass(global)=47.579% covered_mass(global contribution)=27.213%
[LONGEST] id=16318 rank=3658 left=3,5,1,1,2,2,3 elapsed=00:00:57
[RETURN id=16444 rank=03672] left=3,5,2,1,2,1,3 status=QUOTA_REACHED layouts=1/1 complete=True time=00:00:40
[RETURN id=16318 rank=03658] left=3,5,1,1,2,2,3 status=TIMEOUT layouts=0/1 complete=False time=00:01:00
[RETURN id=16952 rank=03690] left=4,0,2,2,2,4,3 status=QUOTA_REACHED layouts=1/1 complete=True time=00:00:12
[RETURN id=16346 rank=03663] left=3,5,1,2,2,1,3 status=TIMEOUT layouts=0/1 complete=False time=00:01:00
[RETURN id=16466 rank=03677] left=3,5,2,2,1,3,1 status=QUOTA_REACHED layouts=1/1 complete=True time=00:00:39
[RETURN id=16348 rank=03664] left=3,5,1,2,2,3,1 status=TIMEOUT layouts=0/1 complete=False time=00:01:00
[RETURN id=16464 rank=03676] left=3,5,2,2,1,1,3 status=QUOTA_REACHED layouts=1/1 complete=True time=00:00:46
[RETURN id=16980 rank=03696] left=4,0,2,3,2,4,2 status=QUOTA_REACHED layouts=1/1 complete=True time=00:00:15
[RETURN id=16440 rank=03671] left=3,5,2,1,1,3,2 status=QUOTA_REACHED layouts=1/1 complete=True time=00:00:58
[RETURN id=16372 rank=03669] left=3,5,1,3,2,2,1 status=TIMEOUT layouts=0/1 complete=False time=00:01:00
[RETURN id=17140 rank=03707] left=4,0,3,3,3,3,1 status=QUOTA_REACHED layouts=1/1 complete=True time=00:00:11
[RETURN id=16962 rank=03694] left=4,0,2,2,4,3,2 status=QUOTA_REACHED layouts=1/1 complete=True time=00:00:30
[RETURN id=17008 rank=03698] left=4,0,2,4,2,2,3 status=QUOTA_REACHED layouts=1/1 complete=True time=00:00:22
[RETURN id=17128 rank=03705] left=4,0,3,3,1,3,3 status=QUOTA_REACHED layouts=1/1 complete=True time=00:00:18
[RETURN id=16484 rank=03679] left=3,5,2,3,1,1,2 status=TIMEOUT layouts=0/1 complete=False time=00:01:00
[GLOBAL] [##########------------------] done=1315/3505 (37.52%) covered=1315 layouts=1315 running=14/14 remaining=2190 elapsed=01:28:00 rate=9.73 sig/min ETA=03:45:09
[COVERAGE] selected_mass(global)=47.579% covered_mass(global contribution)=27.268%
[LONGEST] id=16488 rank=3681 left=3,5,2,3,2,1,1 elapsed=00:01:00
[RETURN id=16488 rank=03681] left=3,5,2,3,2,1,1 status=TIMEOUT layouts=0/1 complete=False time=00:01:00
[RETURN id=16562 rank=03686] left=3,5,3,2,1,2,1 status=TIMEOUT layouts=0/1 complete=False time=00:01:00
[RETURN id=17264 rank=03711] left=4,0,4,2,3,2,2 status=QUOTA_REACHED layouts=1/1 complete=True time=00:00:31
[RETURN id=18538 rank=03733] left=4,2,2,0,3,4,2 status=QUOTA_REACHED layouts=1/1 complete=True time=00:00:10
[RETURN id=16978 rank=03695] left=4,0,2,3,2,2,4 status=TIMEOUT layouts=0/1 complete=False time=00:01:00
[GLOBAL] [##########------------------] done=1317/3505 (37.57%) covered=1317 layouts=1317 running=14/14 remaining=2188 elapsed=01:28:30 rate=9.69 sig/min ETA=03:45:41
[COVERAGE] selected_mass(global)=47.579% covered_mass(global contribution)=27.279%
[LONGEST] id=16990 rank=3697 left=4,0,2,3,4,2,2 elapsed=00:00:56
[RETURN id=16990 rank=03697] left=4,0,2,3,4,2,2 status=TIMEOUT layouts=0/1 complete=False time=00:01:00
[RETURN id=17014 rank=03700] left=4,0,2,4,3,2,2 status=TIMEOUT layouts=0/1 complete=False time=00:01:00
[RETURN id=17258 rank=03709] left=4,0,4,2,2,2,3 status=TIMEOUT layouts=0/1 complete=False time=00:01:00
[RETURN id=18292 rank=03722] left=4,2,0,2,4,2,3 status=QUOTA_REACHED layouts=1/1 complete=True time=00:00:48
[RETURN id=17882 rank=03714] left=4,1,3,0,3,3,3 status=TIMEOUT layouts=0/1 complete=False time=00:01:00
[RETURN id=17952 rank=03715] left=4,1,3,3,0,3,3 status=TIMEOUT layouts=0/1 complete=False time=00:01:00
[RETURN id=17966 rank=03716] left=4,1,3,3,3,0,3 status=TIMEOUT layouts=0/1 complete=False time=00:01:00
[RETURN id=18282 rank=03718] left=4,2,0,2,2,3,4 status=TIMEOUT layouts=0/1 complete=False time=00:01:00
[RETURN id=18542 rank=03734] left=4,2,2,0,4,2,3 status=QUOTA_REACHED layouts=1/1 complete=True time=00:00:26
[RETURN id=18288 rank=03721] left=4,2,0,2,3,4,2 status=TIMEOUT layouts=0/1 complete=False time=00:01:00
[GLOBAL] [##########------------------] done=1319/3505 (37.63%) covered=1319 layouts=1319 running=14/14 remaining=2186 elapsed=01:29:00 rate=9.66 sig/min ETA=03:46:14
[COVERAGE] selected_mass(global)=47.579% covered_mass(global contribution)=27.290%
[LONGEST] id=18340 rank=3728 left=4,2,0,4,2,3,2 elapsed=00:01:00
[RETURN id=18606 rank=03742] left=4,2,2,3,0,2,4 status=QUOTA_REACHED layouts=1/1 complete=True time=00:00:20
[RETURN id=18340 rank=03728] left=4,2,0,4,2,3,2 status=TIMEOUT layouts=0/1 complete=False time=00:01:00
[RETURN id=18532 rank=03730] left=4,2,2,0,2,3,4 status=TIMEOUT layouts=0/1 complete=False time=00:01:00
[RETURN id=18676 rank=03755] left=4,2,3,0,2,4,2 status=QUOTA_REACHED layouts=1/1 complete=True time=00:00:08
[RETURN id=18740 rank=03761] left=4,2,3,2,4,0,2 status=QUOTA_REACHED layouts=1/1 complete=True time=00:00:14
[RETURN id=18536 rank=03732] left=4,2,2,0,3,2,4 status=TIMEOUT layouts=0/1 complete=False time=00:01:00
[RETURN id=18768 rank=03763] left=4,2,3,4,0,2,2 status=QUOTA_REACHED layouts=1/1 complete=True time=00:00:25
[GLOBAL] [##########------------------] done=1323/3505 (37.75%) covered=1323 layouts=1323 running=14/14 remaining=2182 elapsed=01:29:30 rate=9.65 sig/min ETA=03:46:02
[COVERAGE] selected_mass(global)=47.579% covered_mass(global contribution)=27.312%
[LONGEST] id=18580 rank=3737 left=4,2,2,2,0,4,3 elapsed=00:01:00
[RETURN id=18580 rank=03737] left=4,2,2,2,0,4,3 status=TIMEOUT layouts=0/1 complete=False time=00:01:00
[RETURN id=18742 rank=03762] left=4,2,3,2,4,2,0 status=QUOTA_REACHED layouts=1/1 complete=True time=00:00:30
[RETURN id=18854 rank=03771] left=4,2,4,2,2,0,3 status=QUOTA_REACHED layouts=1/1 complete=True time=00:00:12
[RETURN id=18598 rank=03740] left=4,2,2,2,4,0,3 status=TIMEOUT layouts=0/1 complete=False time=00:01:00
[RETURN id=18616 rank=03744] left=4,2,2,3,2,0,4 status=TIMEOUT layouts=0/1 complete=False time=00:01:00
[RETURN id=18620 rank=03745] left=4,2,2,3,2,4,0 status=TIMEOUT layouts=0/1 complete=False time=00:01:00
[RETURN id=18846 rank=03770] left=4,2,4,2,0,3,2 status=QUOTA_REACHED layouts=1/1 complete=True time=00:00:36
[RETURN id=18632 rank=03748] left=4,2,2,4,0,2,3 status=TIMEOUT layouts=0/1 complete=False time=00:01:00
[RETURN id=18644 rank=03751] left=4,2,2,4,2,3,0 status=TIMEOUT layouts=0/1 complete=False time=00:01:00
[RETURN id=18674 rank=03754] left=4,2,3,0,2,2,4 status=TIMEOUT layouts=0/1 complete=False time=00:01:00
[RETURN id=18686 rank=03756] left=4,2,3,0,4,2,2 status=TIMEOUT layouts=0/1 complete=False time=00:01:00
[GLOBAL] [##########------------------] done=1326/3505 (37.83%) covered=1326 layouts=1326 running=14/14 remaining=2179 elapsed=01:30:00 rate=9.63 sig/min ETA=03:46:12
[COVERAGE] selected_mass(global)=47.579% covered_mass(global contribution)=27.329%
[LONGEST] id=18802 rank=3766 left=4,2,4,0,2,2,3 elapsed=00:00:58
[RETURN id=18802 rank=03766] left=4,2,4,0,2,2,3 status=TIMEOUT layouts=0/1 complete=False time=00:01:00
[RETURN id=18808 rank=03768] left=4,2,4,0,3,2,2 status=TIMEOUT layouts=0/1 complete=False time=00:01:00
[RETURN id=19064 rank=03783] left=4,3,0,3,3,1,3 status=QUOTA_REACHED layouts=1/1 complete=True time=00:00:27
[RETURN id=18860 rank=03774] left=4,2,4,2,3,2,0 status=QUOTA_REACHED layouts=1/1 complete=True time=00:00:43
[RETURN id=19370 rank=03800] left=4,3,2,4,2,0,2 status=QUOTA_REACHED layouts=1/1 complete=True time=00:00:14
[RETURN id=18858 rank=03773] left=4,2,4,2,3,0,2 status=QUOTA_REACHED layouts=1/1 complete=True time=00:00:53
[RETURN id=18866 rank=03775] left=4,2,4,3,0,2,2 status=QUOTA_REACHED layouts=1/1 complete=True time=00:00:52
[GLOBAL] [##########------------------] done=1331/3505 (37.97%) covered=1331 layouts=1331 running=14/14 remaining=2174 elapsed=01:30:30 rate=9.64 sig/min ETA=03:45:38
[COVERAGE] selected_mass(global)=47.579% covered_mass(global contribution)=27.356%
[LONGEST] id=19054 rank=3782 left=4,3,0,3,1,3,3 elapsed=00:00:59
[RETURN id=19054 rank=03782] left=4,3,0,3,1,3,3 status=TIMEOUT layouts=0/1 complete=False time=00:01:00
[RETURN id=19372 rank=03801] left=4,3,2,4,2,2,0 status=QUOTA_REACHED layouts=1/1 complete=True time=00:00:31
[RETURN id=19432 rank=03807] left=4,3,3,1,3,3,0 status=QUOTA_REACHED layouts=1/1 complete=True time=00:00:19
[RETURN id=19088 rank=03785] left=4,3,0,4,2,2,2 status=TIMEOUT layouts=0/1 complete=False time=00:01:00
[RETURN id=19460 rank=03808] left=4,3,3,3,0,1,3 status=QUOTA_REACHED layouts=1/1 complete=True time=00:00:15
[RETURN id=19132 rank=03786] left=4,3,1,0,3,3,3 status=TIMEOUT layouts=0/1 complete=False time=00:01:00
[RETURN id=19202 rank=03787] left=4,3,1,3,0,3,3 status=TIMEOUT layouts=0/1 complete=False time=00:01:00
[RETURN id=19216 rank=03788] left=4,3,1,3,3,0,3 status=TIMEOUT layouts=0/1 complete=False time=00:01:00
[RETURN id=19316 rank=03793] left=4,3,2,2,0,2,4 status=TIMEOUT layouts=0/1 complete=False time=00:01:00
[RETURN id=19326 rank=03795] left=4,3,2,2,2,0,4 status=TIMEOUT layouts=0/1 complete=False time=00:01:00
[RETURN id=19392 rank=03802] left=4,3,3,0,1,3,3 status=QUOTA_REACHED layouts=1/1 complete=True time=00:00:41
[RETURN id=19318 rank=03794] left=4,3,2,2,0,4,2 status=TIMEOUT layouts=0/1 complete=False time=00:01:00
[RETURN id=19330 rank=03796] left=4,3,2,2,2,4,0 status=QUOTA_REACHED layouts=1/1 complete=True time=00:00:53
[RETURN id=19690 rank=03819] left=4,4,0,2,2,3,2 status=QUOTA_REACHED layouts=1/1 complete=True time=00:00:10
[GLOBAL] [##########------------------] done=1337/3505 (38.15%) covered=1337 layouts=1337 running=14/14 remaining=2168 elapsed=01:31:00 rate=9.65 sig/min ETA=03:44:42
[COVERAGE] selected_mass(global)=47.579% covered_mass(global contribution)=27.389%
[LONGEST] id=19402 rank=3803 left=4,3,3,0,3,1,3 elapsed=00:00:41
[RETURN id=19718 rank=03821] left=4,4,0,3,2,2,2 status=QUOTA_REACHED layouts=1/1 complete=True time=00:00:22
[RETURN id=19960 rank=03830] left=4,4,2,2,3,2,0 status=QUOTA_REACHED layouts=1/1 complete=True time=00:00:20
[RETURN id=19402 rank=03803] left=4,3,3,0,3,1,3 status=TIMEOUT layouts=0/1 complete=False time=00:01:00
[RETURN id=19404 rank=03804] left=4,3,3,0,3,3,1 status=TIMEOUT layouts=0/1 complete=False time=00:01:00
[RETURN id=19908 rank=03824] left=4,4,2,0,3,2,2 status=QUOTA_REACHED layouts=1/1 complete=True time=00:00:35
[GLOBAL] [##########------------------] done=1340/3505 (38.23%) covered=1340 layouts=1340 running=14/14 remaining=2165 elapsed=01:31:30 rate=9.63 sig/min ETA=03:44:52
[COVERAGE] selected_mass(global)=47.579% covered_mass(global contribution)=27.406%
[LONGEST] id=19462 rank=3809 left=4,3,3,3,0,3,1 elapsed=00:00:54
[RETURN id=19464 rank=03810] left=4,3,3,3,1,0,3 status=QUOTA_REACHED layouts=1/1 complete=True time=00:00:51
[RETURN id=19462 rank=03809] left=4,3,3,3,0,3,1 status=TIMEOUT layouts=0/1 complete=False time=00:01:00
[RETURN id=21596 rank=03843] left=5,1,1,3,3,2,2 status=QUOTA_REACHED layouts=1/1 complete=True time=00:00:19
[RETURN id=19958 rank=03829] left=4,4,2,2,3,0,2 status=QUOTA_REACHED layouts=1/1 complete=True time=00:00:46
[RETURN id=20052 rank=03837] left=4,4,3,2,2,2,0 status=QUOTA_REACHED layouts=1/1 complete=True time=00:00:31
[RETURN id=19472 rank=03813] left=4,3,3,3,3,1,0 status=TIMEOUT layouts=0/1 complete=False time=00:01:00
[RETURN id=19946 rank=03826] left=4,4,2,2,0,3,2 status=QUOTA_REACHED layouts=1/1 complete=True time=00:00:57
[RETURN id=19954 rank=03827] left=4,4,2,2,2,0,3 status=TIMEOUT layouts=0/1 complete=False time=00:01:00
[RETURN id=19966 rank=03831] left=4,4,2,3,0,2,2 status=TIMEOUT layouts=0/1 complete=False time=00:01:00
[RETURN id=20050 rank=03836] left=4,4,3,2,2,0,2 status=TIMEOUT layouts=0/1 complete=False time=00:01:00
[RETURN id=20008 rank=03834] left=4,4,3,0,2,2,2 status=TIMEOUT layouts=0/1 complete=False time=00:01:00
[GLOBAL] [##########------------------] done=1345/3505 (38.37%) covered=1345 layouts=1345 running=14/14 remaining=2160 elapsed=01:32:00 rate=9.63 sig/min ETA=03:44:18
[COVERAGE] selected_mass(global)=47.579% covered_mass(global contribution)=27.433%
[LONGEST] id=21566 rank=3839 left=5,1,1,2,3,2,3 elapsed=00:00:42
[RETURN id=21830 rank=03856] left=5,1,3,1,2,2,3 status=QUOTA_REACHED layouts=1/1 complete=True time=00:00:20
[RETURN id=21692 rank=03846] left=5,1,2,1,3,3,2 status=QUOTA_REACHED layouts=1/1 complete=True time=00:00:42
[RETURN id=21566 rank=03839] left=5,1,1,2,3,2,3 status=TIMEOUT layouts=0/1 complete=False time=00:01:00
[RETURN id=21590 rank=03841] left=5,1,1,3,2,2,3 status=TIMEOUT layouts=0/1 complete=False time=00:01:00
[GLOBAL] [##########------------------] done=1347/3505 (38.43%) covered=1347 layouts=1347 running=14/14 remaining=2158 elapsed=01:32:30 rate=9.60 sig/min ETA=03:44:48
[COVERAGE] selected_mass(global)=47.579% covered_mass(global contribution)=27.444%
[LONGEST] id=21720 rank=3848 left=5,1,2,2,3,1,3 elapsed=00:00:55
[RETURN id=22334 rank=03875] left=5,2,1,3,1,3,2 status=QUOTA_REACHED layouts=1/1 complete=True time=00:00:26
[RETURN id=21722 rank=03849] left=5,1,2,2,3,3,1 status=QUOTA_REACHED layouts=1/1 complete=True time=00:00:56
[RETURN id=21720 rank=03848] left=5,1,2,2,3,1,3 status=TIMEOUT layouts=0/1 complete=False time=00:01:00
[RETURN id=21738 rank=03850] left=5,1,2,3,1,2,3 status=TIMEOUT layouts=0/1 complete=False time=00:01:00
[RETURN id=21748 rank=03854] left=5,1,2,3,3,1,2 status=TIMEOUT layouts=0/1 complete=False time=00:01:00
[RETURN id=21836 rank=03858] left=5,1,3,1,3,2,2 status=TIMEOUT layouts=0/1 complete=False time=00:01:00
[RETURN id=21854 rank=03860] left=5,1,3,2,1,3,2 status=TIMEOUT layouts=0/1 complete=False time=00:01:00
[RETURN id=21858 rank=03861] left=5,1,3,2,2,1,3 status=TIMEOUT layouts=0/1 complete=False time=00:01:00
[RETURN id=22340 rank=03877] left=5,2,1,3,2,3,1 status=QUOTA_REACHED layouts=1/1 complete=True time=00:00:39
[RETURN id=21860 rank=03862] left=5,1,3,2,2,3,1 status=TIMEOUT layouts=0/1 complete=False time=00:01:00
[RETURN id=21864 rank=03864] left=5,1,3,2,3,2,1 status=TIMEOUT layouts=0/1 complete=False time=00:01:00
[GLOBAL] [##########------------------] done=1350/3505 (38.52%) covered=1350 layouts=1350 running=14/14 remaining=2155 elapsed=01:33:00 rate=9.58 sig/min ETA=03:44:56
[COVERAGE] selected_mass(global)=47.579% covered_mass(global contribution)=27.461%
[LONGEST] id=21884 rank=3867 left=5,1,3,3,2,2,1 elapsed=00:01:01
[RETURN id=21884 rank=03867] left=5,1,3,3,2,2,1 status=TIMEOUT layouts=0/1 complete=False time=00:01:00
[RETURN id=22482 rank=03885] left=5,2,2,3,3,1,1 status=QUOTA_REACHED layouts=1/1 complete=True time=00:00:21
[RETURN id=22338 rank=03876] left=5,2,1,3,2,1,3 status=TIMEOUT layouts=0/1 complete=False time=00:01:00
[RETURN id=22936 rank=03900] left=5,3,1,1,3,2,2 status=QUOTA_REACHED layouts=1/1 complete=True time=00:00:21
[RETURN id=22344 rank=03879] left=5,2,1,3,3,2,1 status=TIMEOUT layouts=0/1 complete=False time=00:01:00
[RETURN id=22964 rank=03906] left=5,3,1,2,3,2,1 status=QUOTA_REACHED layouts=1/1 complete=True time=00:00:13
[RETURN id=22580 rank=03894] left=5,2,3,2,3,1,1 status=QUOTA_REACHED layouts=1/1 complete=True time=00:00:36
[RETURN id=22930 rank=03898] left=5,3,1,1,2,2,3 status=QUOTA_REACHED layouts=1/1 complete=True time=00:00:29
[GLOBAL] [##########------------------] done=1355/3505 (38.66%) covered=1355 layouts=1355 running=14/14 remaining=2150 elapsed=01:33:30 rate=9.58 sig/min ETA=03:44:22
[COVERAGE] selected_mass(global)=47.579% covered_mass(global contribution)=27.489%
[LONGEST] id=22420 rank=3880 left=5,2,2,1,1,3,3 elapsed=00:00:58
[RETURN id=22958 rank=03903] left=5,3,1,2,2,1,3 status=QUOTA_REACHED layouts=1/1 complete=True time=00:00:31
[RETURN id=22420 rank=03880] left=5,2,2,1,1,3,3 status=TIMEOUT layouts=0/1 complete=False time=00:01:00
[RETURN id=22430 rank=03881] left=5,2,2,1,3,1,3 status=TIMEOUT layouts=0/1 complete=False time=00:01:00
[RETURN id=22556 rank=03890] left=5,2,3,1,3,1,2 status=QUOTA_REACHED layouts=1/1 complete=True time=00:00:47
[RETURN id=22432 rank=03882] left=5,2,2,1,3,3,1 status=TIMEOUT layouts=0/1 complete=False time=00:01:00
[RETURN id=22546 rank=03886] left=5,2,3,1,1,2,3 status=TIMEOUT layouts=0/1 complete=False time=00:01:00
[RETURN id=23058 rank=03913] left=5,3,2,1,2,3,1 status=QUOTA_REACHED layouts=1/1 complete=True time=00:00:19
[RETURN id=23076 rank=03916] left=5,3,2,2,1,1,3 status=QUOTA_REACHED layouts=1/1 complete=True time=00:00:23
[RETURN id=22592 rank=03896] left=5,2,3,3,1,2,1 status=TIMEOUT layouts=0/1 complete=False time=00:01:00
[RETURN id=22954 rank=03902] left=5,3,1,2,1,3,2 status=TIMEOUT layouts=0/1 complete=False time=00:01:00
[GLOBAL] [##########------------------] done=1359/3505 (38.77%) covered=1359 layouts=1359 running=14/14 remaining=2146 elapsed=01:34:00 rate=9.57 sig/min ETA=03:44:09
[COVERAGE] selected_mass(global)=47.579% covered_mass(global contribution)=27.511%
[LONGEST] id=22960 rank=3904 left=5,3,1,2,2,3,1 elapsed=00:00:56
[RETURN id=22960 rank=03904] left=5,3,1,2,2,3,1 status=TIMEOUT layouts=0/1 complete=False time=00:01:00
[RETURN id=23056 rank=03912] left=5,3,2,1,2,1,3 status=QUOTA_REACHED layouts=1/1 complete=True time=00:00:45
[RETURN id=04652 rank=03935] left=1,1,2,4,4,4,1 status=QUOTA_REACHED layouts=1/1 complete=True time=00:00:11
[RETURN id=23154 rank=03922] left=5,3,3,1,1,2,2 status=QUOTA_REACHED layouts=1/1 complete=True time=00:00:42
[RETURN id=22984 rank=03909] left=5,3,1,3,2,2,1 status=TIMEOUT layouts=0/1 complete=False time=00:01:00
[RETURN id=23052 rank=03911] left=5,3,2,1,1,3,2 status=TIMEOUT layouts=0/1 complete=False time=00:01:00
[RETURN id=23078 rank=03917] left=5,3,2,2,1,3,1 status=QUOTA_REACHED layouts=1/1 complete=True time=00:00:51
[RETURN id=23062 rank=03915] left=5,3,2,1,3,2,1 status=TIMEOUT layouts=0/1 complete=False time=00:01:00
[GLOBAL] [##########------------------] done=1363/3505 (38.89%) covered=1363 layouts=1363 running=14/14 remaining=2142 elapsed=01:34:30 rate=9.57 sig/min ETA=03:43:55
[COVERAGE] selected_mass(global)=47.579% covered_mass(global contribution)=27.531%
[LONGEST] id=23096 rank=3919 left=5,3,2,3,1,1,2 elapsed=00:00:56
[RETURN id=23096 rank=03919] left=5,3,2,3,1,1,2 status=TIMEOUT layouts=0/1 complete=False time=00:01:00
[RETURN id=23100 rank=03921] left=5,3,2,3,2,1,1 status=TIMEOUT layouts=0/1 complete=False time=00:01:00
[RETURN id=05232 rank=03949] left=1,2,1,4,1,4,4 status=QUOTA_REACHED layouts=1/1 complete=True time=00:00:14
[RETURN id=04920 rank=03946] left=1,1,4,4,4,1,2 status=QUOTA_REACHED layouts=1/1 complete=True time=00:00:19
[RETURN id=23158 rank=03923] left=5,3,3,1,2,1,2 status=TIMEOUT layouts=0/1 complete=False time=00:01:00
[RETURN id=23174 rank=03926] left=5,3,3,2,1,2,1 status=TIMEOUT layouts=0/1 complete=False time=00:01:00
[RETURN id=06830 rank=03964] left=1,4,1,4,1,2,4 status=QUOTA_REACHED layouts=1/1 complete=True time=00:00:07
[RETURN id=04904 rank=03942] left=1,1,4,4,1,2,4 status=QUOTA_REACHED layouts=1/1 complete=True time=00:00:35
[RETURN id=04540 rank=03929] left=1,1,1,4,2,4,4 status=TIMEOUT layouts=0/1 complete=False time=00:01:00
[RETURN id=04592 rank=03932] left=1,1,2,1,4,4,4 status=TIMEOUT layouts=0/1 complete=False time=00:01:00
[GLOBAL] [##########------------------] done=1367/3505 (39.00%) covered=1367 layouts=1367 running=14/14 remaining=2138 elapsed=01:35:00 rate=9.56 sig/min ETA=03:43:42
[COVERAGE] selected_mass(global)=47.579% covered_mass(global contribution)=27.544%
[LONGEST] id=4830 rank=3936 left=1,1,4,1,2,4,4 elapsed=00:00:55
[RETURN id=06756 rank=03958] left=1,4,1,1,2,4,4 status=QUOTA_REACHED layouts=1/1 complete=True time=00:00:22
[RETURN id=06838 rank=03967] left=1,4,1,4,2,4,1 status=QUOTA_REACHED layouts=1/1 complete=True time=00:00:13
[RETURN id=04830 rank=03936] left=1,1,4,1,2,4,4 status=TIMEOUT layouts=0/1 complete=False time=00:01:00
[RETURN id=04862 rank=03940] left=1,1,4,2,4,1,4 status=QUOTA_REACHED layouts=1/1 complete=True time=00:00:54
[RETURN id=04850 rank=03939] left=1,1,4,2,1,4,4 status=TIMEOUT layouts=0/1 complete=False time=00:01:00
[RETURN id=06916 rank=03972] left=1,4,2,1,4,4,1 status=QUOTA_REACHED layouts=1/1 complete=True time=00:00:17
[RETURN id=06986 rank=03974] left=1,4,2,4,1,4,1 status=QUOTA_REACHED layouts=1/1 complete=True time=00:00:19
[RETURN id=04906 rank=03943] left=1,1,4,4,1,4,2 status=TIMEOUT layouts=0/1 complete=False time=00:01:00
[RETURN id=06832 rank=03965] left=1,4,1,4,1,4,2 status=QUOTA_REACHED layouts=1/1 complete=True time=00:00:39
[RETURN id=06846 rank=03968] left=1,4,1,4,4,1,2 status=QUOTA_REACHED layouts=1/1 complete=True time=00:00:36
[RETURN id=06998 rank=03975] left=1,4,2,4,4,1,1 status=QUOTA_REACHED layouts=1/1 complete=True time=00:00:32
[RETURN id=05244 rank=03950] left=1,2,1,4,4,1,4 status=TIMEOUT layouts=0/1 complete=False time=00:01:00
[GLOBAL] [##########------------------] done=1375/3505 (39.23%) covered=1375 layouts=1375 running=14/14 remaining=2130 elapsed=01:35:30 rate=9.59 sig/min ETA=03:42:04
[COVERAGE] selected_mass(global)=47.579% covered_mass(global contribution)=27.572%
[LONGEST] id=5582 rank=3953 left=1,2,4,1,4,1,4 elapsed=00:00:55
[RETURN id=08868 rank=03988] left=2,1,1,1,4,4,4 status=QUOTA_REACHED layouts=1/1 complete=True time=00:00:21
[RETURN id=05582 rank=03953] left=1,2,4,1,4,1,4 status=QUOTA_REACHED layouts=1/1 complete=True time=00:00:57
[RETURN id=07238 rank=03984] left=1,4,4,2,4,1,1 status=QUOTA_REACHED layouts=1/1 complete=True time=00:00:29
[RETURN id=17624 rank=04011] left=4,1,1,2,1,4,4 status=QUOTA_REACHED layouts=1/1 complete=True time=00:00:07
[RETURN id=06788 rank=03962] left=1,4,1,2,4,1,4 status=TIMEOUT layouts=0/1 complete=False time=00:01:00
[RETURN id=07270 rank=03986] left=1,4,4,4,1,2,1 status=QUOTA_REACHED layouts=1/1 complete=True time=00:00:36
[RETURN id=17636 rank=04012] left=4,1,1,2,4,1,4 status=QUOTA_REACHED layouts=1/1 complete=True time=00:00:12
[RETURN id=09336 rank=03996] left=2,1,4,4,1,4,1 status=QUOTA_REACHED layouts=1/1 complete=True time=00:00:29
[RETURN id=17604 rank=04008] left=4,1,1,1,2,4,4 status=QUOTA_REACHED layouts=1/1 complete=True time=00:00:28
[GLOBAL] [###########-----------------] done=1383/3505 (39.46%) covered=1383 layouts=1383 running=14/14 remaining=2122 elapsed=01:36:00 rate=9.62 sig/min ETA=03:40:28
[COVERAGE] selected_mass(global)=47.579% covered_mass(global contribution)=27.599%
[LONGEST] id=7200 rank=3978 left=1,4,4,1,2,1,4 elapsed=00:01:00
[RETURN id=17680 rank=04015] left=4,1,1,4,1,4,2 status=QUOTA_REACHED layouts=1/1 complete=True time=00:00:20
[RETURN id=07200 rank=03978] left=1,4,4,1,2,1,4 status=TIMEOUT layouts=0/1 complete=False time=00:01:00
[RETURN id=07212 rank=03981] left=1,4,4,1,4,2,1 status=TIMEOUT layouts=0/1 complete=False time=00:01:00
[RETURN id=11252 rank=04000] left=2,4,1,1,4,4,1 status=QUOTA_REACHED layouts=1/1 complete=True time=00:00:42
[RETURN id=08928 rank=03991] left=2,1,1,4,4,4,1 status=QUOTA_REACHED layouts=1/1 complete=True time=00:00:56
[RETURN id=11322 rank=04002] left=2,4,1,4,1,4,1 status=QUOTA_REACHED layouts=1/1 complete=True time=00:00:47
[RETURN id=09266 rank=03994] left=2,1,4,1,4,4,1 status=TIMEOUT layouts=0/1 complete=False time=00:01:00
[GLOBAL] [###########-----------------] done=1387/3505 (39.57%) covered=1387 layouts=1387 running=14/14 remaining=2118 elapsed=01:36:30 rate=9.62 sig/min ETA=03:40:15
[COVERAGE] selected_mass(global)=47.579% covered_mass(global contribution)=27.613%
[LONGEST] id=11660 rank=4005 left=2,4,4,1,1,4,1 elapsed=00:01:00
[RETURN id=11672 rank=04006] left=2,4,4,1,4,1,1 status=TIMEOUT layouts=0/1 complete=False time=00:01:00
[RETURN id=11660 rank=04005] left=2,4,4,1,1,4,1 status=TIMEOUT layouts=0/1 complete=False time=00:01:00
[RETURN id=17686 rank=04017] left=4,1,1,4,2,4,1 status=QUOTA_REACHED layouts=1/1 complete=True time=00:00:54
[RETURN id=17678 rank=04014] left=4,1,1,4,1,2,4 status=TIMEOUT layouts=0/1 complete=False time=00:01:00
[RETURN id=17694 rank=04018] left=4,1,1,4,4,1,2 status=TIMEOUT layouts=0/1 complete=False time=00:01:00
[RETURN id=17764 rank=04022] left=4,1,2,1,4,4,1 status=QUOTA_REACHED layouts=1/1 complete=True time=00:00:59
[RETURN id=17846 rank=04025] left=4,1,2,4,4,1,1 status=QUOTA_REACHED layouts=1/1 complete=True time=00:00:57
[RETURN id=17834 rank=04024] left=4,1,2,4,1,4,1 status=TIMEOUT layouts=0/1 complete=False time=00:01:00
[GLOBAL] [###########-----------------] done=1390/3505 (39.66%) covered=1390 layouts=1390 running=14/14 remaining=2115 elapsed=01:37:00 rate=9.60 sig/min ETA=03:40:22
[COVERAGE] selected_mass(global)=47.579% covered_mass(global contribution)=27.624%
[LONGEST] id=18048 rank=4028 left=4,1,4,1,2,1,4 elapsed=00:00:59
[RETURN id=18048 rank=04028] left=4,1,4,1,2,1,4 status=TIMEOUT layouts=0/1 complete=False time=00:01:00
[RETURN id=18074 rank=04033] left=4,1,4,2,1,4,1 status=TIMEOUT layouts=0/1 complete=False time=00:01:00
[RETURN id=19800 rank=04049] left=4,4,1,1,1,4,2 status=QUOTA_REACHED layouts=1/1 complete=True time=00:00:24
[RETURN id=18404 rank=04038] left=4,2,1,1,1,4,4 status=TIMEOUT layouts=0/1 complete=False time=00:01:00
[RETURN id=18086 rank=04034] left=4,1,4,2,4,1,1 status=TIMEOUT layouts=0/1 complete=False time=00:01:00
[RETURN id=19876 rank=04059] left=4,4,1,4,2,1,1 status=QUOTA_REACHED layouts=1/1 complete=True time=00:00:16
[RETURN id=18416 rank=04039] left=4,2,1,1,4,1,4 status=TIMEOUT layouts=0/1 complete=False time=00:01:00
[RETURN id=18486 rank=04041] left=4,2,1,4,1,1,4 status=TIMEOUT layouts=0/1 complete=False time=00:01:00
[RETURN id=18884 rank=04047] left=4,2,4,4,1,1,1 status=QUOTA_REACHED layouts=1/1 complete=True time=00:00:49
[RETURN id=20102 rank=04064] left=4,4,4,1,1,1,2 status=QUOTA_REACHED layouts=1/1 complete=True time=00:00:15
[RETURN id=19798 rank=04048] left=4,4,1,1,1,2,4 status=QUOTA_REACHED layouts=1/1 complete=True time=00:00:43
[RETURN id=00534 rank=04068] left=0,1,2,3,3,4,4 status=QUOTA_REACHED layouts=1/1 complete=True time=00:00:12
[GLOBAL] [###########-----------------] done=1396/3505 (39.83%) covered=1396 layouts=1396 running=14/14 remaining=2109 elapsed=01:37:30 rate=9.61 sig/min ETA=03:39:27
[COVERAGE] selected_mass(global)=47.579% covered_mass(global contribution)=27.644%
[LONGEST] id=18824 rank=4044 left=4,2,4,1,1,1,4 elapsed=00:01:00
[RETURN id=00538 rank=04070] left=0,1,2,3,4,4,3 status=QUOTA_REACHED layouts=1/1 complete=True time=00:00:12
[RETURN id=18824 rank=04044] left=4,2,4,1,1,1,4 status=TIMEOUT layouts=0/1 complete=False time=00:01:00
[RETURN id=19806 rank=04051] left=4,4,1,1,2,4,1 status=QUOTA_REACHED layouts=1/1 complete=True time=00:00:52
[RETURN id=19924 rank=04060] left=4,4,2,1,1,1,4 status=QUOTA_REACHED layouts=1/1 complete=True time=00:00:39
[RETURN id=00728 rank=04087] left=0,1,4,2,3,4,3 status=QUOTA_REACHED layouts=1/1 complete=True time=00:00:27
[RETURN id=19814 rank=04052] left=4,4,1,1,4,1,2 status=TIMEOUT layouts=0/1 complete=False time=00:01:00
[RETURN id=19826 rank=04054] left=4,4,1,2,1,1,4 status=TIMEOUT layouts=0/1 complete=False time=00:01:00
[GLOBAL] [###########-----------------] done=1400/3505 (39.94%) covered=1400 layouts=1400 running=14/14 remaining=2105 elapsed=01:38:00 rate=9.60 sig/min ETA=03:39:14
[COVERAGE] selected_mass(global)=47.579% covered_mass(global contribution)=27.656%
[LONGEST] id=19984 rank=4063 left=4,4,2,4,1,1,1 elapsed=00:00:55
[RETURN id=01042 rank=04099] left=0,2,1,3,4,3,4 status=QUOTA_REACHED layouts=1/1 complete=True time=00:00:19
[RETURN id=00758 rank=04094] left=0,1,4,3,4,3,2 status=QUOTA_REACHED layouts=1/1 complete=True time=00:00:32
[RETURN id=01058 rank=04102] left=0,2,1,4,3,4,3 status=QUOTA_REACHED layouts=1/1 complete=True time=00:00:21
[RETURN id=19984 rank=04063] left=4,4,2,4,1,1,1 status=TIMEOUT layouts=0/1 complete=False time=00:01:00
[RETURN id=00732 rank=04088] left=0,1,4,2,4,3,3 status=QUOTA_REACHED layouts=1/1 complete=True time=00:00:45
[RETURN id=00780 rank=04096] left=0,1,4,4,3,2,3 status=QUOTA_REACHED layouts=1/1 complete=True time=00:00:36
[RETURN id=20106 rank=04066] left=4,4,4,1,2,1,1 status=TIMEOUT layouts=0/1 complete=False time=00:01:00
[RETURN id=20116 rank=04067] left=4,4,4,2,1,1,1 status=TIMEOUT layouts=0/1 complete=False time=00:01:00
[RETURN id=01276 rank=04111] left=0,2,3,4,1,4,3 status=QUOTA_REACHED layouts=1/1 complete=True time=00:00:11
[RETURN id=01218 rank=04106] left=0,2,3,1,4,4,3 status=QUOTA_REACHED layouts=1/1 complete=True time=00:00:18
[RETURN id=01292 rank=04115] left=0,2,3,4,4,3,1 status=QUOTA_REACHED layouts=1/1 complete=True time=00:00:09
[RETURN id=00552 rank=04071] left=0,1,2,4,3,3,4 status=TIMEOUT layouts=0/1 complete=False time=00:01:00
[RETURN id=00614 rank=04075] left=0,1,3,2,4,3,4 status=TIMEOUT layouts=0/1 complete=False time=00:01:00
[RETURN id=00748 rank=04090] left=0,1,4,3,2,4,3 status=TIMEOUT layouts=0/1 complete=False time=00:01:00
[GLOBAL] [###########-----------------] done=1408/3505 (40.17%) covered=1408 layouts=1408 running=14/14 remaining=2097 elapsed=01:38:30 rate=9.63 sig/min ETA=03:37:40
[COVERAGE] selected_mass(global)=47.579% covered_mass(global contribution)=27.678%
[LONGEST] id=1062 rank=4103 left=0,2,1,4,4,3,3 elapsed=00:00:41
[RETURN id=01402 rank=04122] left=0,2,4,3,3,4,1 status=QUOTA_REACHED layouts=1/1 complete=True time=00:00:18
[RETURN id=01348 rank=04117] left=0,2,4,1,3,4,3 status=QUOTA_REACHED layouts=1/1 complete=True time=00:00:24
[RETURN id=01264 rank=04109] left=0,2,3,3,4,4,1 status=QUOTA_REACHED layouts=1/1 complete=True time=00:00:32
[RETURN id=01882 rank=04149] left=0,3,2,4,3,4,1 status=QUOTA_REACHED layouts=1/1 complete=True time=00:00:08
[RETURN id=01870 rank=04146] left=0,3,2,4,1,3,4 status=QUOTA_REACHED layouts=1/1 complete=True time=00:00:10
[RETURN id=01062 rank=04103] left=0,2,1,4,4,3,3 status=TIMEOUT layouts=0/1 complete=False time=00:01:00
[RETURN id=01946 rank=04153] left=0,3,3,1,4,2,4 status=QUOTA_REACHED layouts=1/1 complete=True time=00:00:07
[RETURN id=01856 rank=04144] left=0,3,2,3,4,1,4 status=QUOTA_REACHED layouts=1/1 complete=True time=00:00:18
[RETURN id=01352 rank=04118] left=0,2,4,1,4,3,3 status=QUOTA_REACHED layouts=1/1 complete=True time=00:00:41
[RETURN id=01214 rank=04104] left=0,2,3,1,3,4,4 status=TIMEOUT layouts=0/1 complete=False time=00:01:00
[GLOBAL] [###########-----------------] done=1416/3505 (40.40%) covered=1416 layouts=1416 running=14/14 remaining=2089 elapsed=01:39:00 rate=9.67 sig/min ETA=03:36:07
[COVERAGE] selected_mass(global)=47.579% covered_mass(global contribution)=27.700%
[LONGEST] id=1284 rank=4112 left=0,2,3,4,3,1,4 elapsed=00:00:55
[RETURN id=01284 rank=04112] left=0,2,3,4,3,1,4 status=TIMEOUT layouts=0/1 complete=False time=00:01:00
[RETURN id=01290 rank=04114] left=0,2,3,4,4,1,3 status=TIMEOUT layouts=0/1 complete=False time=00:01:00
[RETURN id=01760 rank=04139] left=0,3,1,4,4,3,2 status=QUOTA_REACHED layouts=1/1 complete=True time=00:00:48
[RETURN id=01390 rank=04119] left=0,2,4,3,1,3,4 status=TIMEOUT layouts=0/1 complete=False time=00:01:00
[RETURN id=01974 rank=04157] left=0,3,3,2,4,4,1 status=QUOTA_REACHED layouts=1/1 complete=True time=00:00:23
[RETURN id=02018 rank=04160] left=0,3,3,4,2,1,4 status=QUOTA_REACHED layouts=1/1 complete=True time=00:00:25
[RETURN id=01714 rank=04129] left=0,3,1,2,4,3,4 status=TIMEOUT layouts=0/1 complete=False time=00:01:00
[RETURN id=02030 rank=04163] left=0,3,3,4,4,2,1 status=QUOTA_REACHED layouts=1/1 complete=True time=00:00:26
[RETURN id=01726 rank=04131] left=0,3,1,3,2,4,4 status=TIMEOUT layouts=0/1 complete=False time=00:01:00
[RETURN id=01750 rank=04135] left=0,3,1,4,2,4,3 status=TIMEOUT layouts=0/1 complete=False time=00:01:00
[RETURN id=02088 rank=04165] left=0,3,4,1,2,4,3 status=QUOTA_REACHED layouts=1/1 complete=True time=00:00:28
[GLOBAL] [###########-----------------] done=1421/3505 (40.54%) covered=1421 layouts=1421 running=14/14 remaining=2084 elapsed=01:39:30 rate=9.67 sig/min ETA=03:35:33
[COVERAGE] selected_mass(global)=47.579% covered_mass(global contribution)=27.714%
[LONGEST] id=1844 rank=4143 left=0,3,2,3,1,4,4 elapsed=00:01:01
[RETURN id=01844 rank=04143] left=0,3,2,3,1,4,4 status=TIMEOUT layouts=0/1 complete=False time=00:01:00
[RETURN id=02098 rank=04169] left=0,3,4,1,4,3,2 status=QUOTA_REACHED layouts=1/1 complete=True time=00:00:36
[RETURN id=02122 rank=04173] left=0,3,4,2,3,4,1 status=QUOTA_REACHED layouts=1/1 complete=True time=00:00:27
[RETURN id=01948 rank=04154] left=0,3,3,1,4,4,2 status=TIMEOUT layouts=0/1 complete=False time=00:01:00
[RETURN id=02178 rank=04187] left=0,3,4,4,3,2,1 status=QUOTA_REACHED layouts=1/1 complete=True time=00:00:27
[RETURN id=02174 rank=04185] left=0,3,4,4,2,3,1 status=QUOTA_REACHED layouts=1/1 complete=True time=00:00:28
[RETURN id=02168 rank=04183] left=0,3,4,4,1,3,2 status=QUOTA_REACHED layouts=1/1 complete=True time=00:00:35
[RETURN id=02172 rank=04184] left=0,3,4,4,2,1,3 status=QUOTA_REACHED layouts=1/1 complete=True time=00:00:39
[RETURN id=02482 rank=04188] left=0,4,1,2,3,3,4 status=QUOTA_REACHED layouts=1/1 complete=True time=00:00:39
[GLOBAL] [###########-----------------] done=1428/3505 (40.74%) covered=1428 layouts=1428 running=14/14 remaining=2077 elapsed=01:40:00 rate=9.69 sig/min ETA=03:34:21
[COVERAGE] selected_mass(global)=47.579% covered_mass(global contribution)=27.733%
[LONGEST] id=2110 rank=4170 left=0,3,4,2,1,3,4 elapsed=00:00:54
[RETURN id=02652 rank=04206] left=0,4,2,3,3,4,1 status=QUOTA_REACHED layouts=1/1 complete=True time=00:00:04
[RETURN id=02146 rank=04179] left=0,3,4,3,2,4,1 status=QUOTA_REACHED layouts=1/1 complete=True time=00:00:50
[RETURN id=02508 rank=04194] left=0,4,1,3,3,4,2 status=QUOTA_REACHED layouts=1/1 complete=True time=00:00:35
[RETURN id=02110 rank=04170] left=0,3,4,2,1,3,4 status=TIMEOUT layouts=0/1 complete=False time=00:01:00
[RETURN id=02506 rank=04193] left=0,4,1,3,3,2,4 status=QUOTA_REACHED layouts=1/1 complete=True time=00:00:48
[RETURN id=02140 rank=04177] left=0,3,4,3,1,4,2 status=TIMEOUT layouts=0/1 complete=False time=00:01:00
[RETURN id=02536 rank=04199] left=0,4,1,4,3,3,2 status=QUOTA_REACHED layouts=1/1 complete=True time=00:00:28
[RETURN id=02502 rank=04191] left=0,4,1,3,2,3,4 status=TIMEOUT layouts=0/1 complete=False time=00:01:00
[GLOBAL] [###########-----------------] done=1433/3505 (40.88%) covered=1433 layouts=1433 running=14/14 remaining=2072 elapsed=01:40:30 rate=9.69 sig/min ETA=03:33:48
[COVERAGE] selected_mass(global)=47.579% covered_mass(global contribution)=27.747%
[LONGEST] id=2512 rank=4195 left=0,4,1,3,4,2,3 elapsed=00:00:59
[RETURN id=02512 rank=04195] left=0,4,1,3,4,2,3 status=TIMEOUT layouts=0/1 complete=False time=00:01:00
[RETURN id=02530 rank=04197] left=0,4,1,4,2,3,3 status=TIMEOUT layouts=0/1 complete=False time=00:01:00
[RETURN id=02598 rank=04201] left=0,4,2,1,3,4,3 status=QUOTA_REACHED layouts=1/1 complete=True time=00:00:58
[RETURN id=02766 rank=04219] left=0,4,3,2,1,4,3 status=QUOTA_REACHED layouts=1/1 complete=True time=00:00:37
[RETURN id=02780 rank=04222] left=0,4,3,2,4,1,3 status=QUOTA_REACHED layouts=1/1 complete=True time=00:00:32
[RETURN id=02602 rank=04202] left=0,4,2,1,4,3,3 status=TIMEOUT layouts=0/1 complete=False time=00:01:00
[RETURN id=02640 rank=04203] left=0,4,2,3,1,3,4 status=TIMEOUT layouts=0/1 complete=False time=00:01:00
[RETURN id=02948 rank=04243] left=0,4,4,3,1,3,2 status=QUOTA_REACHED layouts=1/1 complete=True time=00:00:07
[RETURN id=02752 rank=04216] left=0,4,3,1,4,2,3 status=QUOTA_REACHED layouts=1/1 complete=True time=00:00:46
[RETURN id=02742 rank=04212] left=0,4,3,1,2,3,4 status=TIMEOUT layouts=0/1 complete=False time=00:01:00
[GLOBAL] [###########-----------------] done=1438/3505 (41.03%) covered=1438 layouts=1438 running=14/14 remaining=2067 elapsed=01:41:00 rate=9.69 sig/min ETA=03:33:15
[COVERAGE] selected_mass(global)=47.579% covered_mass(global contribution)=27.761%
[LONGEST] id=2746 rank=4214 left=0,4,3,1,3,2,4 elapsed=00:00:59
[RETURN id=02746 rank=04214] left=0,4,3,1,3,2,4 status=TIMEOUT layouts=0/1 complete=False time=00:01:00
[RETURN id=02748 rank=04215] left=0,4,3,1,3,4,2 status=TIMEOUT layouts=0/1 complete=False time=00:01:00
[RETURN id=02954 rank=04245] left=0,4,4,3,2,3,1 status=QUOTA_REACHED layouts=1/1 complete=True time=00:00:20
[RETURN id=02958 rank=04247] left=0,4,4,3,3,2,1 status=QUOTA_REACHED layouts=1/1 complete=True time=00:00:20
[RETURN id=02774 rank=04220] left=0,4,3,2,3,1,4 status=TIMEOUT layouts=0/1 complete=False time=00:01:00
[RETURN id=02798 rank=04226] left=0,4,3,3,2,1,4 status=TIMEOUT layouts=0/1 complete=False time=00:01:00
[RETURN id=02810 rank=04229] left=0,4,3,3,4,2,1 status=QUOTA_REACHED layouts=1/1 complete=True time=00:00:56
[RETURN id=04136 rank=04261] left=1,0,3,4,2,4,3 status=QUOTA_REACHED layouts=1/1 complete=True time=00:00:28
[GLOBAL] [###########-----------------] done=1442/3505 (41.14%) covered=1442 layouts=1442 running=14/14 remaining=2063 elapsed=01:41:30 rate=9.68 sig/min ETA=03:33:01
[COVERAGE] selected_mass(global)=47.579% covered_mass(global contribution)=27.772%
[LONGEST] id=2822 rank=4230 left=0,4,3,4,1,2,3 elapsed=00:00:58
[RETURN id=02822 rank=04230] left=0,4,3,4,1,2,3 status=TIMEOUT layouts=0/1 complete=False time=00:01:00
[RETURN id=04244 rank=04274] left=1,0,4,3,4,3,2 status=QUOTA_REACHED layouts=1/1 complete=True time=00:00:23
[RETURN id=04100 rank=04255] left=1,0,3,2,4,3,4 status=QUOTA_REACHED layouts=1/1 complete=True time=00:00:42
[RETURN id=02900 rank=04237] left=0,4,4,1,3,2,3 status=TIMEOUT layouts=0/1 complete=False time=00:01:00
[RETURN id=04266 rank=04276] left=1,0,4,4,3,2,3 status=QUOTA_REACHED layouts=1/1 complete=True time=00:00:28
[RETURN id=04146 rank=04265] left=1,0,3,4,4,3,2 status=QUOTA_REACHED layouts=1/1 complete=True time=00:00:42
[RETURN id=02952 rank=04244] left=0,4,4,3,2,1,3 status=TIMEOUT layouts=0/1 complete=False time=00:01:00
[RETURN id=04526 rank=04279] left=1,1,1,3,3,5,3 status=QUOTA_REACHED layouts=1/1 complete=True time=00:00:18
[RETURN id=04020 rank=04248] left=1,0,2,3,3,4,4 status=TIMEOUT layouts=0/1 complete=False time=00:01:00
[RETURN id=04038 rank=04251] left=1,0,2,4,3,3,4 status=QUOTA_REACHED layouts=1/1 complete=True time=00:00:58
[RETURN id=04218 rank=04268] left=1,0,4,2,4,3,3 status=QUOTA_REACHED layouts=1/1 complete=True time=00:00:46
[GLOBAL] [###########-----------------] done=1449/3505 (41.34%) covered=1449 layouts=1449 running=14/14 remaining=2056 elapsed=01:42:00 rate=9.71 sig/min ETA=03:31:50
[COVERAGE] selected_mass(global)=47.579% covered_mass(global contribution)=27.791%
[LONGEST] id=4214 rank=4267 left=1,0,4,2,3,4,3 elapsed=00:00:55
[RETURN id=04234 rank=04270] left=1,0,4,3,2,4,3 status=QUOTA_REACHED layouts=1/1 complete=True time=00:00:57
[RETURN id=04214 rank=04267] left=1,0,4,2,3,4,3 status=TIMEOUT layouts=0/1 complete=False time=00:01:00
[RETURN id=05030 rank=04314] left=1,1,5,3,1,3,3 status=QUOTA_REACHED layouts=1/1 complete=True time=00:00:23
[RETURN id=04524 rank=04278] left=1,1,1,3,3,3,5 status=TIMEOUT layouts=0/1 complete=False time=00:01:00
[RETURN id=04800 rank=04304] left=1,1,3,5,3,1,3 status=QUOTA_REACHED layouts=1/1 complete=True time=00:00:32
[RETURN id=04790 rank=04303] left=1,1,3,5,1,3,3 status=QUOTA_REACHED layouts=1/1 complete=True time=00:00:39
[RETURN id=04642 rank=04289] left=1,1,2,4,2,5,2 status=QUOTA_REACHED layouts=1/1 complete=True time=00:00:54
[GLOBAL] [###########-----------------] done=1454/3505 (41.48%) covered=1454 layouts=1454 running=14/14 remaining=2051 elapsed=01:42:30 rate=9.71 sig/min ETA=03:31:17
[COVERAGE] selected_mass(global)=47.579% covered_mass(global contribution)=27.805%
[LONGEST] id=4568 rank=4281 left=1,1,1,5,3,3,3 elapsed=00:00:57
[RETURN id=04734 rank=04297] left=1,1,3,3,1,3,5 status=QUOTA_REACHED layouts=1/1 complete=True time=00:00:46
[RETURN id=04568 rank=04281] left=1,1,1,5,3,3,3 status=TIMEOUT layouts=0/1 complete=False time=00:01:00
[RETURN id=04604 rank=04284] left=1,1,2,2,4,2,5 status=TIMEOUT layouts=0/1 complete=False time=00:01:00
[RETURN id=04656 rank=04290] left=1,1,2,4,5,2,2 status=TIMEOUT layouts=0/1 complete=False time=00:01:00
[RETURN id=04708 rank=04296] left=1,1,3,1,5,3,3 status=TIMEOUT layouts=0/1 complete=False time=00:01:00
[RETURN id=05194 rank=04324] left=1,2,1,2,2,4,5 status=QUOTA_REACHED layouts=1/1 complete=True time=00:00:17
[RETURN id=04802 rank=04305] left=1,1,3,5,3,3,1 status=TIMEOUT layouts=0/1 complete=False time=00:01:00
[RETURN id=04852 rank=04306] left=1,1,4,2,2,2,5 status=TIMEOUT layouts=0/1 complete=False time=00:01:00
[GLOBAL] [###########-----------------] done=1456/3505 (41.54%) covered=1456 layouts=1456 running=14/14 remaining=2049 elapsed=01:43:00 rate=9.68 sig/min ETA=03:31:41
[COVERAGE] selected_mass(global)=47.579% covered_mass(global contribution)=27.810%
[LONGEST] id=5040 rank=4315 left=1,1,5,3,3,1,3 elapsed=00:00:54
[RETURN id=05042 rank=04316] left=1,1,5,3,3,3,1 status=QUOTA_REACHED layouts=1/1 complete=True time=00:00:58
[RETURN id=05040 rank=04315] left=1,1,5,3,3,1,3 status=TIMEOUT layouts=0/1 complete=False time=00:01:00
[RETURN id=05138 rank=04321] left=1,2,0,4,3,3,4 status=QUOTA_REACHED layouts=1/1 complete=True time=00:00:48
[RETURN id=05120 rank=04318] left=1,2,0,3,3,4,4 status=QUOTA_REACHED layouts=1/1 complete=True time=00:00:55
[RETURN id=05064 rank=04317] left=1,1,5,4,2,2,2 status=TIMEOUT layouts=0/1 complete=False time=00:01:00
[RETURN id=05202 rank=04327] left=1,2,1,2,4,5,2 status=QUOTA_REACHED layouts=1/1 complete=True time=00:00:50
[RETURN id=05124 rank=04320] left=1,2,0,3,4,4,3 status=TIMEOUT layouts=0/1 complete=False time=00:01:00
[RETURN id=05274 rank=04335] left=1,2,1,5,4,2,2 status=QUOTA_REACHED layouts=1/1 complete=True time=00:00:31
[RETURN id=05204 rank=04328] left=1,2,1,2,5,2,4 status=QUOTA_REACHED layouts=1/1 complete=True time=00:00:48
[GLOBAL] [###########-----------------] done=1462/3505 (41.71%) covered=1462 layouts=1462 running=14/14 remaining=2043 elapsed=01:43:30 rate=9.69 sig/min ETA=03:30:49
[COVERAGE] selected_mass(global)=47.579% covered_mass(global contribution)=27.827%
[LONGEST] id=5206 rank=4329 left=1,2,1,2,5,4,2 elapsed=00:00:55
[RETURN id=05308 rank=04343] left=1,2,2,2,1,5,4 status=QUOTA_REACHED layouts=1/1 complete=True time=00:00:17
[RETURN id=05206 rank=04329] left=1,2,1,2,5,4,2 status=TIMEOUT layouts=0/1 complete=False time=00:01:00
[RETURN id=05234 rank=04330] left=1,2,1,4,2,2,5 status=TIMEOUT layouts=0/1 complete=False time=00:01:00
[RETURN id=05262 rank=04333] left=1,2,1,5,2,2,4 status=QUOTA_REACHED layouts=1/1 complete=True time=00:00:56
[RETURN id=05264 rank=04334] left=1,2,1,5,2,4,2 status=TIMEOUT layouts=0/1 complete=False time=00:01:00
[RETURN id=05292 rank=04336] left=1,2,2,1,2,4,5 status=TIMEOUT layouts=0/1 complete=False time=00:01:00
[GLOBAL] [###########-----------------] done=1464/3505 (41.77%) covered=1464 layouts=1464 running=14/14 remaining=2041 elapsed=01:44:00 rate=9.66 sig/min ETA=03:31:13
[COVERAGE] selected_mass(global)=47.579% covered_mass(global contribution)=27.832%
[LONGEST] id=5300 rank=4339 left=1,2,2,1,4,5,2 elapsed=00:00:55
[RETURN id=05304 rank=04341] left=1,2,2,1,5,4,2 status=QUOTA_REACHED layouts=1/1 complete=True time=00:00:50
[RETURN id=05300 rank=04339] left=1,2,2,1,4,5,2 status=TIMEOUT layouts=0/1 complete=False time=00:01:00
[RETURN id=05302 rank=04340] left=1,2,2,1,5,2,4 status=TIMEOUT layouts=0/1 complete=False time=00:01:00
[RETURN id=05414 rank=04362] left=1,2,3,0,4,4,3 status=QUOTA_REACHED layouts=1/1 complete=True time=00:00:28
[RETURN id=05322 rank=04346] left=1,2,2,2,5,1,4 status=QUOTA_REACHED layouts=1/1 complete=True time=00:00:53
[RETURN id=05320 rank=04345] left=1,2,2,2,4,5,1 status=TIMEOUT layouts=0/1 complete=False time=00:01:00
[RETURN id=05376 rank=04352] left=1,2,2,4,5,1,2 status=TIMEOUT layouts=0/1 complete=False time=00:01:00
[RETURN id=05384 rank=04354] left=1,2,2,5,1,2,4 status=TIMEOUT layouts=0/1 complete=False time=00:01:00
[RETURN id=05386 rank=04355] left=1,2,2,5,1,4,2 status=TIMEOUT layouts=0/1 complete=False time=00:01:00
[RETURN id=05392 rank=04357] left=1,2,2,5,2,4,1 status=QUOTA_REACHED layouts=1/1 complete=True time=00:00:49
[GLOBAL] [###########-----------------] done=1468/3505 (41.88%) covered=1468 layouts=1468 running=14/14 remaining=2037 elapsed=01:44:30 rate=9.66 sig/min ETA=03:30:58
[COVERAGE] selected_mass(global)=47.579% covered_mass(global contribution)=27.843%
[LONGEST] id=5400 rank=4358 left=1,2,2,5,4,1,2 elapsed=00:00:54
[RETURN id=05400 rank=04358] left=1,2,2,5,4,1,2 status=QUOTA_REACHED layouts=1/1 complete=True time=00:00:56
[RETURN id=05410 rank=04360] left=1,2,3,0,3,4,4 status=TIMEOUT layouts=0/1 complete=False time=00:01:00
[RETURN id=05468 rank=04363] left=1,2,3,3,0,4,4 status=TIMEOUT layouts=0/1 complete=False time=00:01:00
[RETURN id=05554 rank=04373] left=1,2,4,0,3,4,3 status=QUOTA_REACHED layouts=1/1 complete=True time=00:01:00
[RETURN id=05598 rank=04379] left=1,2,4,2,1,5,2 status=QUOTA_REACHED layouts=1/1 complete=True time=00:00:51
[GLOBAL] [###########-----------------] done=1471/3505 (41.97%) covered=1471 layouts=1471 running=14/14 remaining=2034 elapsed=01:45:00 rate=9.64 sig/min ETA=03:31:03
[COVERAGE] selected_mass(global)=47.579% covered_mass(global contribution)=27.852%
[LONGEST] id=5558 rank=4374 left=1,2,4,0,4,3,3 elapsed=00:00:55
[RETURN id=05558 rank=04374] left=1,2,4,0,4,3,3 status=QUOTA_REACHED layouts=1/1 complete=True time=00:00:55
[RETURN id=05572 rank=04375] left=1,2,4,1,2,2,5 status=QUOTA_REACHED layouts=1/1 complete=True time=00:00:57
[RETURN id=05808 rank=04406] left=1,2,5,4,2,1,2 status=QUOTA_REACHED layouts=1/1 complete=True time=00:00:17
[RETURN id=05616 rank=04382] left=1,2,4,2,5,1,2 status=TIMEOUT layouts=0/1 complete=False time=00:01:00
[RETURN id=05642 rank=04389] left=1,2,4,3,4,3,0 status=QUOTA_REACHED layouts=1/1 complete=True time=00:00:46
[RETURN id=05684 rank=04395] left=1,2,4,5,2,2,1 status=QUOTA_REACHED layouts=1/1 complete=True time=00:00:39
[RETURN id=05620 rank=04384] left=1,2,4,3,0,3,4 status=TIMEOUT layouts=0/1 complete=False time=00:01:00
[RETURN id=05634 rank=04386] left=1,2,4,3,3,0,4 status=TIMEOUT layouts=0/1 complete=False time=00:01:00
[RETURN id=05876 rank=04413] left=1,3,0,3,4,4,2 status=QUOTA_REACHED layouts=1/1 complete=True time=00:00:10
[RETURN id=05856 rank=04410] left=1,3,0,2,4,4,3 status=QUOTA_REACHED layouts=1/1 complete=True time=00:00:21
[RETURN id=05638 rank=04387] left=1,2,4,3,3,4,0 status=TIMEOUT layouts=0/1 complete=False time=00:01:00
[RETURN id=05648 rank=04390] left=1,2,4,4,0,3,3 status=TIMEOUT layouts=0/1 complete=False time=00:01:00
[RETURN id=05662 rank=04391] left=1,2,4,4,3,0,3 status=TIMEOUT layouts=0/1 complete=False time=00:01:00
[RETURN id=05986 rank=04424] left=1,3,1,3,1,5,3 status=QUOTA_REACHED layouts=1/1 complete=True time=00:00:04
[GLOBAL] [###########-----------------] done=1479/3505 (42.20%) covered=1479 layouts=1479 running=14/14 remaining=2026 elapsed=01:45:30 rate=9.67 sig/min ETA=03:29:33
[COVERAGE] selected_mass(global)=47.579% covered_mass(global contribution)=27.874%
[LONGEST] id=5754 rank=4401 left=1,2,5,2,2,1,4 elapsed=00:00:49
[RETURN id=05874 rank=04412] left=1,3,0,3,4,2,4 status=QUOTA_REACHED layouts=1/1 complete=True time=00:00:30
[RETURN id=05852 rank=04408] left=1,3,0,2,3,4,4 status=QUOTA_REACHED layouts=1/1 complete=True time=00:00:41
[RETURN id=05754 rank=04401] left=1,2,5,2,2,1,4 status=TIMEOUT layouts=0/1 complete=False time=00:01:00
[RETURN id=05896 rank=04417] left=1,3,0,4,3,4,2 status=QUOTA_REACHED layouts=1/1 complete=True time=00:00:29
[RETURN id=05958 rank=04422] left=1,3,1,1,5,3,3 status=QUOTA_REACHED layouts=1/1 complete=True time=00:00:22
[RETURN id=06068 rank=04433] left=1,3,2,0,4,3,4 status=QUOTA_REACHED layouts=1/1 complete=True time=00:00:16
[RETURN id=05890 rank=04414] left=1,3,0,4,2,3,4 status=QUOTA_REACHED layouts=1/1 complete=True time=00:00:34
[RETURN id=05766 rank=04404] left=1,2,5,2,4,2,1 status=TIMEOUT layouts=0/1 complete=False time=00:01:00
[RETURN id=06140 rank=04436] left=1,3,2,3,4,0,4 status=QUOTA_REACHED layouts=1/1 complete=True time=00:00:15
[RETURN id=06172 rank=04443] left=1,3,2,4,4,3,0 status=QUOTA_REACHED layouts=1/1 complete=True time=00:00:13
[GLOBAL] [###########-----------------] done=1487/3505 (42.43%) covered=1487 layouts=1487 running=14/14 remaining=2018 elapsed=01:46:00 rate=9.70 sig/min ETA=03:28:05
[COVERAGE] selected_mass(global)=47.579% covered_mass(global contribution)=27.896%
[LONGEST] id=5894 rank=4416 left=1,3,0,4,3,2,4 elapsed=00:00:49
[RETURN id=06040 rank=04429] left=1,3,1,5,1,3,3 status=QUOTA_REACHED layouts=1/1 complete=True time=00:00:35
[RETURN id=05894 rank=04416] left=1,3,0,4,3,2,4 status=TIMEOUT layouts=0/1 complete=False time=00:01:00
[RETURN id=05900 rank=04418] left=1,3,0,4,4,2,3 status=TIMEOUT layouts=0/1 complete=False time=00:01:00
[RETURN id=06282 rank=04457] left=1,3,3,3,1,5,1 status=QUOTA_REACHED layouts=1/1 complete=True time=00:00:23
[RETURN id=05984 rank=04423] left=1,3,1,3,1,3,5 status=TIMEOUT layouts=0/1 complete=False time=00:01:00
[RETURN id=06150 rank=04438] left=1,3,2,4,0,3,4 status=QUOTA_REACHED layouts=1/1 complete=True time=00:00:41
[RETURN id=06050 rank=04430] left=1,3,1,5,3,1,3 status=TIMEOUT layouts=0/1 complete=False time=00:01:00
[RETURN id=06052 rank=04431] left=1,3,1,5,3,3,1 status=TIMEOUT layouts=0/1 complete=False time=00:01:00
[GLOBAL] [###########-----------------] done=1490/3505 (42.51%) covered=1490 layouts=1490 running=14/14 remaining=2015 elapsed=01:46:30 rate=9.68 sig/min ETA=03:28:09
[COVERAGE] selected_mass(global)=47.579% covered_mass(global contribution)=27.904%
[LONGEST] id=6164 rank=4440 left=1,3,2,4,3,0,4 elapsed=00:00:48
[RETURN id=06212 rank=04445] left=1,3,3,0,4,2,4 status=QUOTA_REACHED layouts=1/1 complete=True time=00:00:47
[RETURN id=06342 rank=04467] left=1,3,3,5,3,1,1 status=QUOTA_REACHED layouts=1/1 complete=True time=00:00:13
[RETURN id=06316 rank=04462] left=1,3,3,4,2,4,0 status=QUOTA_REACHED layouts=1/1 complete=True time=00:00:19
[RETURN id=06248 rank=04453] left=1,3,3,2,0,4,4 status=QUOTA_REACHED layouts=1/1 complete=True time=00:00:48
[RETURN id=06354 rank=04469] left=1,3,4,0,2,4,3 status=QUOTA_REACHED layouts=1/1 complete=True time=00:00:19
[RETURN id=06164 rank=04440] left=1,3,2,4,3,0,4 status=TIMEOUT layouts=0/1 complete=False time=00:01:00
[RETURN id=06214 rank=04446] left=1,3,3,0,4,4,2 status=TIMEOUT layouts=0/1 complete=False time=00:01:00
[RETURN id=06226 rank=04448] left=1,3,3,1,1,5,3 status=TIMEOUT layouts=0/1 complete=False time=00:01:00
[RETURN id=06304 rank=04460] left=1,3,3,4,0,4,2 status=QUOTA_REACHED layouts=1/1 complete=True time=00:00:33
[RETURN id=06468 rank=04491] left=1,3,4,4,3,2,0 status=QUOTA_REACHED layouts=1/1 complete=True time=00:00:03
[RETURN id=06278 rank=04456] left=1,3,3,3,1,1,5 status=TIMEOUT layouts=0/1 complete=False time=00:01:00
[GLOBAL] [###########-----------------] done=1497/3505 (42.71%) covered=1497 layouts=1497 running=14/14 remaining=2008 elapsed=01:47:00 rate=9.70 sig/min ETA=03:27:00
[COVERAGE] selected_mass(global)=47.579% covered_mass(global contribution)=27.923%
[LONGEST] id=6302 rank=4459 left=1,3,3,4,0,2,4 elapsed=00:01:00
[RETURN id=06302 rank=04459] left=1,3,3,4,0,2,4 status=TIMEOUT layouts=0/1 complete=False time=00:01:00
[RETURN id=06448 rank=04485] left=1,3,4,3,4,2,0 status=QUOTA_REACHED layouts=1/1 complete=True time=00:00:30
[RETURN id=06414 rank=04476] left=1,3,4,2,3,0,4 status=QUOTA_REACHED layouts=1/1 complete=True time=00:00:41
[RETURN id=06668 rank=04503] left=1,4,0,3,3,2,4 status=QUOTA_REACHED layouts=1/1 complete=True time=00:00:08
[RETURN id=06466 rank=04490] left=1,3,4,4,3,0,2 status=QUOTA_REACHED layouts=1/1 complete=True time=00:00:31
[RETURN id=06422 rank=04479] left=1,3,4,2,4,3,0 status=QUOTA_REACHED layouts=1/1 complete=True time=00:00:48
[RETURN id=06364 rank=04473] left=1,3,4,0,4,3,2 status=TIMEOUT layouts=0/1 complete=False time=00:01:00
[RETURN id=06400 rank=04474] left=1,3,4,2,0,3,4 status=TIMEOUT layouts=0/1 complete=False time=00:01:00
[GLOBAL] [###########-----------------] done=1502/3505 (42.85%) covered=1502 layouts=1502 running=14/14 remaining=2003 elapsed=01:47:30 rate=9.70 sig/min ETA=03:26:27
[COVERAGE] selected_mass(global)=47.579% covered_mass(global contribution)=27.937%
[LONGEST] id=6418 rank=4477 left=1,3,4,2,3,4,0 elapsed=00:00:58
[RETURN id=06418 rank=04477] left=1,3,4,2,3,4,0 status=TIMEOUT layouts=0/1 complete=False time=00:01:00
[RETURN id=06446 rank=04484] left=1,3,4,3,4,0,2 status=TIMEOUT layouts=0/1 complete=False time=00:01:00
[RETURN id=06454 rank=04487] left=1,3,4,4,0,3,2 status=TIMEOUT layouts=0/1 complete=False time=00:01:00
[RETURN id=06462 rank=04488] left=1,3,4,4,2,0,3 status=TIMEOUT layouts=0/1 complete=False time=00:01:00
[RETURN id=06644 rank=04498] left=1,4,0,2,3,3,4 status=QUOTA_REACHED layouts=1/1 complete=True time=00:00:54
[RETURN id=06530 rank=04493] left=1,3,5,1,3,1,3 status=TIMEOUT layouts=0/1 complete=False time=00:01:00
[RETURN id=06664 rank=04501] left=1,4,0,3,2,3,4 status=TIMEOUT layouts=0/1 complete=False time=00:01:00
[RETURN id=06920 rank=04519] left=1,4,2,1,5,2,2 status=QUOTA_REACHED layouts=1/1 complete=True time=00:00:30
[GLOBAL] [############----------------] done=1504/3505 (42.91%) covered=1504 layouts=1504 running=14/14 remaining=2001 elapsed=01:48:00 rate=9.68 sig/min ETA=03:26:48
[COVERAGE] selected_mass(global)=47.579% covered_mass(global contribution)=27.942%
[LONGEST] id=6670 rank=4504 left=1,4,0,3,3,4,2 elapsed=00:00:51
[RETURN id=06884 rank=04514] left=1,4,2,0,3,3,4 status=QUOTA_REACHED layouts=1/1 complete=True time=00:00:38
[RETURN id=07014 rank=04536] left=1,4,2,5,2,1,2 status=QUOTA_REACHED layouts=1/1 complete=True time=00:00:14
[RETURN id=06692 rank=04507] left=1,4,0,4,2,3,3 status=QUOTA_REACHED layouts=1/1 complete=True time=00:00:57
[RETURN id=06970 rank=04530] left=1,4,2,3,4,0,3 status=QUOTA_REACHED layouts=1/1 complete=True time=00:00:23
[RETURN id=06670 rank=04504] left=1,4,0,3,3,4,2 status=TIMEOUT layouts=0/1 complete=False time=00:01:00
[RETURN id=06674 rank=04505] left=1,4,0,3,4,2,3 status=TIMEOUT layouts=0/1 complete=False time=00:01:00
[RETURN id=06952 rank=04527] left=1,4,2,3,0,4,3 status=QUOTA_REACHED layouts=1/1 complete=True time=00:00:33
[RETURN id=06698 rank=04509] left=1,4,0,4,3,3,2 status=TIMEOUT layouts=0/1 complete=False time=00:01:00
[RETURN id=06934 rank=04523] left=1,4,2,2,2,5,1 status=QUOTA_REACHED layouts=1/1 complete=True time=00:00:51
[RETURN id=06930 rank=04522] left=1,4,2,2,2,1,5 status=TIMEOUT layouts=0/1 complete=False time=00:01:00
[GLOBAL] [############----------------] done=1510/3505 (43.08%) covered=1510 layouts=1510 running=14/14 remaining=1995 elapsed=01:48:30 rate=9.69 sig/min ETA=03:25:57
[COVERAGE] selected_mass(global)=47.579% covered_mass(global contribution)=27.959%
[LONGEST] id=6948 rank=4525 left=1,4,2,2,5,2,1 elapsed=00:00:54
[RETURN id=06996 rank=04534] left=1,4,2,4,3,3,0 status=QUOTA_REACHED layouts=1/1 complete=True time=00:00:50
[RETURN id=06948 rank=04525] left=1,4,2,2,5,2,1 status=TIMEOUT layouts=0/1 complete=False time=00:01:00
[RETURN id=07142 rank=04560] left=1,4,3,4,3,0,2 status=QUOTA_REACHED layouts=1/1 complete=True time=00:00:14
[RETURN id=07098 rank=04549] left=1,4,3,2,4,3,0 status=QUOTA_REACHED layouts=1/1 complete=True time=00:00:31
[RETURN id=07138 rank=04558] left=1,4,3,4,2,0,3 status=QUOTA_REACHED layouts=1/1 complete=True time=00:00:24
[RETURN id=07010 rank=04535] left=1,4,2,5,1,2,2 status=TIMEOUT layouts=0/1 complete=False time=00:01:00
[RETURN id=07094 rank=04547] left=1,4,3,2,3,4,0 status=QUOTA_REACHED layouts=1/1 complete=True time=00:00:42
[RETURN id=07030 rank=04539] left=1,4,3,0,2,4,3 status=TIMEOUT layouts=0/1 complete=False time=00:01:00
[RETURN id=07076 rank=04544] left=1,4,3,2,0,3,4 status=QUOTA_REACHED layouts=1/1 complete=True time=00:00:51
[GLOBAL] [############----------------] done=1516/3505 (43.25%) covered=1516 layouts=1516 running=14/14 remaining=1989 elapsed=01:49:00 rate=9.70 sig/min ETA=03:25:07
[COVERAGE] selected_mass(global)=47.579% covered_mass(global contribution)=27.975%
[LONGEST] id=7040 rank=4543 left=1,4,3,0,4,3,2 elapsed=00:00:59
[RETURN id=07040 rank=04543] left=1,4,3,0,4,3,2 status=TIMEOUT layouts=0/1 complete=False time=00:01:00
[RETURN id=07090 rank=04546] left=1,4,3,2,3,0,4 status=TIMEOUT layouts=0/1 complete=False time=00:01:00
[RETURN id=07122 rank=04554] left=1,4,3,3,4,0,2 status=TIMEOUT layouts=0/1 complete=False time=00:01:00
[RETURN id=07130 rank=04557] left=1,4,3,4,0,3,2 status=QUOTA_REACHED layouts=1/1 complete=True time=00:00:56
[RETURN id=07588 rank=04580] left=1,5,1,2,2,4,2 status=QUOTA_REACHED layouts=1/1 complete=True time=00:00:24
[RETURN id=07178 rank=04564] left=1,4,4,0,3,3,2 status=QUOTA_REACHED layouts=1/1 complete=True time=00:00:51
[GLOBAL] [############----------------] done=1519/3505 (43.34%) covered=1519 layouts=1519 running=14/14 remaining=1986 elapsed=01:49:30 rate=9.68 sig/min ETA=03:25:10
[COVERAGE] selected_mass(global)=47.579% covered_mass(global contribution)=27.984%
[LONGEST] id=7144 rank=4561 left=1,4,3,4,3,2,0 elapsed=00:01:00
[RETURN id=07144 rank=04561] left=1,4,3,4,3,2,0 status=TIMEOUT layouts=0/1 complete=False time=00:01:00
[RETURN id=07172 rank=04562] left=1,4,4,0,2,3,3 status=QUOTA_REACHED layouts=1/1 complete=True time=00:00:55
[RETURN id=08206 rank=04608] left=2,0,1,3,3,4,4 status=QUOTA_REACHED layouts=1/1 complete=True time=00:00:06
[RETURN id=07256 rank=04571] left=1,4,4,3,2,3,0 status=TIMEOUT layouts=0/1 complete=False time=00:01:00
[RETURN id=07328 rank=04574] left=1,4,5,1,2,2,2 status=TIMEOUT layouts=0/1 complete=False time=00:01:00
[RETURN id=07348 rank=04575] left=1,4,5,2,1,2,2 status=TIMEOUT layouts=0/1 complete=False time=00:01:00
[RETURN id=07352 rank=04576] left=1,4,5,2,2,1,2 status=TIMEOUT layouts=0/1 complete=False time=00:01:00
[RETURN id=08210 rank=04610] left=2,0,1,3,4,4,3 status=QUOTA_REACHED layouts=1/1 complete=True time=00:00:19
[RETURN id=08454 rank=04623] left=2,0,3,4,3,4,1 status=QUOTA_REACHED layouts=1/1 complete=True time=00:00:04
[RETURN id=07564 rank=04578] left=1,5,1,1,3,3,3 status=TIMEOUT layouts=0/1 complete=False time=00:01:00
[RETURN id=07586 rank=04579] left=1,5,1,2,2,2,4 status=TIMEOUT layouts=0/1 complete=False time=00:01:00
[GLOBAL] [############----------------] done=1523/3505 (43.45%) covered=1523 layouts=1523 running=14/14 remaining=1982 elapsed=01:50:00 rate=9.67 sig/min ETA=03:24:55
[COVERAGE] selected_mass(global)=47.579% covered_mass(global contribution)=27.995%
[LONGEST] id=7598 rank=4581 left=1,5,1,2,4,2,2 elapsed=00:00:58
[RETURN id=07598 rank=04581] left=1,5,1,2,4,2,2 status=TIMEOUT layouts=0/1 complete=False time=00:01:00
[RETURN id=07740 rank=04591] left=1,5,2,2,2,1,4 status=TIMEOUT layouts=0/1 complete=False time=00:01:00
[RETURN id=07904 rank=04601] left=1,5,3,3,1,1,3 status=QUOTA_REACHED layouts=1/1 complete=True time=00:00:46
[RETURN id=07790 rank=04595] left=1,5,2,4,1,2,2 status=TIMEOUT layouts=0/1 complete=False time=00:01:00
[RETURN id=07752 rank=04594] left=1,5,2,2,4,2,1 status=TIMEOUT layouts=0/1 complete=False time=00:01:00
[RETURN id=08514 rank=04626] left=2,0,4,1,3,3,4 status=QUOTA_REACHED layouts=1/1 complete=True time=00:00:21
[RETURN id=08416 rank=04617] left=2,0,3,3,1,4,4 status=QUOTA_REACHED layouts=1/1 complete=True time=00:00:31
[RETURN id=08880 rank=04646] left=2,1,1,2,4,2,5 status=QUOTA_REACHED layouts=1/1 complete=True time=00:00:13
[RETURN id=07906 rank=04602] left=1,5,3,3,1,3,1 status=TIMEOUT layouts=0/1 complete=False time=00:01:00
[GLOBAL] [############----------------] done=1527/3505 (43.57%) covered=1527 layouts=1527 running=14/14 remaining=1978 elapsed=01:50:30 rate=9.66 sig/min ETA=03:24:39
[COVERAGE] selected_mass(global)=47.579% covered_mass(global contribution)=28.006%
[LONGEST] id=8224 rank=4611 left=2,0,1,4,3,3,4 elapsed=00:00:53
[RETURN id=08558 rank=04630] left=2,0,4,3,1,4,3 status=QUOTA_REACHED layouts=1/1 complete=True time=00:00:45
[RETURN id=08224 rank=04611] left=2,0,1,4,3,3,4 status=TIMEOUT layouts=0/1 complete=False time=00:01:00
[RETURN id=08384 rank=04615] left=2,0,3,1,4,3,4 status=TIMEOUT layouts=0/1 complete=False time=00:01:00
[RETURN id=08442 rank=04620] left=2,0,3,4,1,3,4 status=TIMEOUT layouts=0/1 complete=False time=00:01:00
[RETURN id=08974 rank=04657] left=2,1,2,1,2,5,4 status=QUOTA_REACHED layouts=1/1 complete=True time=00:00:33
[RETURN id=08566 rank=04631] left=2,0,4,3,3,1,4 status=TIMEOUT layouts=0/1 complete=False time=00:01:00
[RETURN id=08574 rank=04634] left=2,0,4,3,4,3,1 status=QUOTA_REACHED layouts=1/1 complete=True time=00:01:00
[GLOBAL] [############----------------] done=1530/3505 (43.65%) covered=1530 layouts=1530 running=14/14 remaining=1975 elapsed=01:51:00 rate=9.65 sig/min ETA=03:24:42
[COVERAGE] selected_mass(global)=47.579% covered_mass(global contribution)=28.014%
[LONGEST] id=8596 rank=4636 left=2,0,4,4,3,1,3 elapsed=00:00:57
[RETURN id=08596 rank=04636] left=2,0,4,4,3,1,3 status=TIMEOUT layouts=0/1 complete=False time=00:01:00
[RETURN id=09058 rank=04673] left=2,1,2,4,5,2,1 status=QUOTA_REACHED layouts=1/1 complete=True time=00:00:17
[RETURN id=08804 rank=04639] left=2,1,0,3,4,3,4 status=TIMEOUT layouts=0/1 complete=False time=00:01:00
[RETURN id=08820 rank=04642] left=2,1,0,4,3,4,3 status=TIMEOUT layouts=0/1 complete=False time=00:01:00
[RETURN id=08824 rank=04643] left=2,1,0,4,4,3,3 status=TIMEOUT layouts=0/1 complete=False time=00:01:00
[RETURN id=09082 rank=04679] left=2,1,2,5,4,2,1 status=QUOTA_REACHED layouts=1/1 complete=True time=00:00:19
[RETURN id=08876 rank=04645] left=2,1,1,2,2,5,4 status=TIMEOUT layouts=0/1 complete=False time=00:01:00
[RETURN id=09044 rank=04671] left=2,1,2,4,2,5,1 status=QUOTA_REACHED layouts=1/1 complete=True time=00:00:37
[RETURN id=08978 rank=04658] left=2,1,2,1,4,2,5 status=QUOTA_REACHED layouts=1/1 complete=True time=00:00:55
[RETURN id=09198 rank=04691] left=2,1,3,4,4,3,0 status=QUOTA_REACHED layouts=1/1 complete=True time=00:00:11
[RETURN id=08988 rank=04662] left=2,1,2,2,1,4,5 status=TIMEOUT layouts=0/1 complete=False time=00:01:00
[GLOBAL] [############----------------] done=1535/3505 (43.79%) covered=1535 layouts=1535 running=14/14 remaining=1970 elapsed=01:51:30 rate=9.65 sig/min ETA=03:24:09
[COVERAGE] selected_mass(global)=47.579% covered_mass(global contribution)=28.028%
[LONGEST] id=9006 rank=4667 left=2,1,2,2,5,4,1 elapsed=00:00:51
[RETURN id=09256 rank=04696] left=2,1,4,1,2,5,2 status=QUOTA_REACHED layouts=1/1 complete=True time=00:00:17
[RETURN id=09170 rank=04685] left=2,1,3,3,4,4,0 status=QUOTA_REACHED layouts=1/1 complete=True time=00:00:32
[RETURN id=09284 rank=04701] left=2,1,4,2,2,5,1 status=QUOTA_REACHED layouts=1/1 complete=True time=00:00:13
[RETURN id=09040 rank=04670] left=2,1,2,4,2,1,5 status=TIMEOUT layouts=0/1 complete=False time=00:01:00
[RETURN id=09006 rank=04667] left=2,1,2,2,5,4,1 status=TIMEOUT layouts=0/1 complete=False time=00:01:00
[RETURN id=09094 rank=04681] left=2,1,3,0,4,3,4 status=QUOTA_REACHED layouts=1/1 complete=True time=00:00:50
[RETURN id=09070 rank=04676] left=2,1,2,5,2,1,4 status=TIMEOUT layouts=0/1 complete=False time=00:01:00
[RETURN id=09190 rank=04688] left=2,1,3,4,3,0,4 status=QUOTA_REACHED layouts=1/1 complete=True time=00:00:41
[RETURN id=09360 rank=04713] left=2,1,4,5,1,2,2 status=QUOTA_REACHED layouts=1/1 complete=True time=00:00:17
[RETURN id=09194 rank=04689] left=2,1,3,4,3,4,0 status=QUOTA_REACHED layouts=1/1 complete=True time=00:00:46
[RETURN id=09166 rank=04684] left=2,1,3,3,4,0,4 status=QUOTA_REACHED layouts=1/1 complete=True time=00:00:54
[RETURN id=09406 rank=04716] left=2,1,5,1,2,2,4 status=QUOTA_REACHED layouts=1/1 complete=True time=00:00:19
[GLOBAL] [############----------------] done=1544/3505 (44.05%) covered=1544 layouts=1544 running=14/14 remaining=1961 elapsed=01:52:00 rate=9.69 sig/min ETA=03:22:26
[COVERAGE] selected_mass(global)=47.579% covered_mass(global contribution)=28.053%
[LONGEST] id=9270 rank=4697 left=2,1,4,1,5,2,2 elapsed=00:00:46
[RETURN id=09346 rank=04712] left=2,1,4,4,3,3,0 status=QUOTA_REACHED layouts=1/1 complete=True time=00:00:33
[RETURN id=09270 rank=04697] left=2,1,4,1,5,2,2 status=TIMEOUT layouts=0/1 complete=False time=00:01:00
[RETURN id=09276 rank=04698] left=2,1,4,2,1,2,5 status=TIMEOUT layouts=0/1 complete=False time=00:01:00
[RETURN id=09364 rank=04714] left=2,1,4,5,2,1,2 status=QUOTA_REACHED layouts=1/1 complete=True time=00:00:42
[RETURN id=09280 rank=04700] left=2,1,4,2,2,1,5 status=TIMEOUT layouts=0/1 complete=False time=00:01:00
[RETURN id=09638 rank=04732] left=2,2,1,1,5,2,4 status=QUOTA_REACHED layouts=1/1 complete=True time=00:00:12
[RETURN id=09430 rank=04719] left=2,1,5,2,1,2,4 status=QUOTA_REACHED layouts=1/1 complete=True time=00:00:36
[RETURN id=09302 rank=04705] left=2,1,4,3,0,4,3 status=QUOTA_REACHED layouts=1/1 complete=True time=00:00:58
[GLOBAL] [############----------------] done=1549/3505 (44.19%) covered=1549 layouts=1549 running=14/14 remaining=1956 elapsed=01:52:30 rate=9.69 sig/min ETA=03:21:53
[COVERAGE] selected_mass(global)=47.579% covered_mass(global contribution)=28.066%
[LONGEST] id=9320 rank=4708 left=2,1,4,3,4,0,3 elapsed=00:00:58
[RETURN id=09320 rank=04708] left=2,1,4,3,4,0,3 status=TIMEOUT layouts=0/1 complete=False time=00:01:00
[RETURN id=09658 rank=04738] left=2,2,1,2,5,1,4 status=QUOTA_REACHED layouts=1/1 complete=True time=00:00:10
[RETURN id=09432 rank=04720] left=2,1,5,2,1,4,2 status=QUOTA_REACHED layouts=1/1 complete=True time=00:00:37
[RETURN id=09656 rank=04737] left=2,2,1,2,4,5,1 status=QUOTA_REACHED layouts=1/1 complete=True time=00:00:22
[RETURN id=09408 rank=04717] left=2,1,5,1,2,4,2 status=TIMEOUT layouts=0/1 complete=False time=00:01:00
[RETURN id=09418 rank=04718] left=2,1,5,1,4,2,2 status=TIMEOUT layouts=0/1 complete=False time=00:01:00
[RETURN id=09438 rank=04722] left=2,1,5,2,2,4,1 status=TIMEOUT layouts=0/1 complete=False time=00:01:00
[RETURN id=09446 rank=04723] left=2,1,5,2,4,1,2 status=TIMEOUT layouts=0/1 complete=False time=00:01:00
[GLOBAL] [############----------------] done=1552/3505 (44.28%) covered=1552 layouts=1552 running=14/14 remaining=1953 elapsed=01:53:00 rate=9.67 sig/min ETA=03:21:55
[COVERAGE] selected_mass(global)=47.579% covered_mass(global contribution)=28.075%
[LONGEST] id=9636 rank=4731 left=2,2,1,1,4,5,2 elapsed=00:01:00
[RETURN id=09636 rank=04731] left=2,2,1,1,4,5,2 status=TIMEOUT layouts=0/1 complete=False time=00:01:00
[RETURN id=09694 rank=04741] left=2,2,1,4,1,5,2 status=QUOTA_REACHED layouts=1/1 complete=True time=00:00:47
[RETURN id=09640 rank=04733] left=2,2,1,1,5,4,2 status=TIMEOUT layouts=0/1 complete=False time=00:01:00
[RETURN id=09652 rank=04736] left=2,2,1,2,4,1,5 status=QUOTA_REACHED layouts=1/1 complete=True time=00:00:53
[RETURN id=09866 rank=04762] left=2,2,2,5,1,4,1 status=QUOTA_REACHED layouts=1/1 complete=True time=00:00:19
[RETURN id=09736 rank=04750] left=2,2,1,5,4,1,2 status=QUOTA_REACHED layouts=1/1 complete=True time=00:00:33
[RETURN id=09720 rank=04746] left=2,2,1,5,1,2,4 status=QUOTA_REACHED layouts=1/1 complete=True time=00:00:49
[RETURN id=09644 rank=04735] left=2,2,1,2,1,5,4 status=TIMEOUT layouts=0/1 complete=False time=00:01:00
[RETURN id=09728 rank=04749] left=2,2,1,5,2,4,1 status=QUOTA_REACHED layouts=1/1 complete=True time=00:00:49
[RETURN id=09712 rank=04744] left=2,2,1,4,5,1,2 status=QUOTA_REACHED layouts=1/1 complete=True time=00:00:59
[RETURN id=09834 rank=04758] left=2,2,2,4,1,1,5 status=QUOTA_REACHED layouts=1/1 complete=True time=00:00:38
[GLOBAL] [############----------------] done=1560/3505 (44.51%) covered=1560 layouts=1560 running=14/14 remaining=1945 elapsed=01:53:30 rate=9.70 sig/min ETA=03:20:31
[COVERAGE] selected_mass(global)=47.579% covered_mass(global contribution)=28.097%
[LONGEST] id=9722 rank=4747 left=2,2,1,5,1,4,2 elapsed=00:00:57
[RETURN id=09722 rank=04747] left=2,2,1,5,1,4,2 status=TIMEOUT layouts=0/1 complete=False time=00:01:00
[RETURN id=09776 rank=04757] left=2,2,2,1,5,4,1 status=QUOTA_REACHED layouts=1/1 complete=True time=00:00:43
[RETURN id=10208 rank=04779] left=2,2,5,1,2,4,1 status=QUOTA_REACHED layouts=1/1 complete=True time=00:00:22
[RETURN id=10084 rank=04770] left=2,2,4,2,1,1,5 status=QUOTA_REACHED layouts=1/1 complete=True time=00:00:35
[RETURN id=09838 rank=04759] left=2,2,2,4,1,5,1 status=TIMEOUT layouts=0/1 complete=False time=00:01:00
[GLOBAL] [############----------------] done=1563/3505 (44.59%) covered=1563 layouts=1563 running=14/14 remaining=1942 elapsed=01:54:00 rate=9.68 sig/min ETA=03:20:32
[COVERAGE] selected_mass(global)=47.579% covered_mass(global contribution)=28.105%
[LONGEST] id=9878 rank=4763 left=2,2,2,5,4,1,1 elapsed=00:00:59
[RETURN id=09878 rank=04763] left=2,2,2,5,4,1,1 status=TIMEOUT layouts=0/1 complete=False time=00:01:00
[RETURN id=10088 rank=04771] left=2,2,4,2,1,5,1 status=QUOTA_REACHED layouts=1/1 complete=True time=00:00:38
[RETURN id=10056 rank=04764] left=2,2,4,1,1,2,5 status=TIMEOUT layouts=0/1 complete=False time=00:01:00
[RETURN id=10060 rank=04766] left=2,2,4,1,2,1,5 status=TIMEOUT layouts=0/1 complete=False time=00:01:00
[RETURN id=10274 rank=04785] left=2,2,5,4,1,1,2 status=QUOTA_REACHED layouts=1/1 complete=True time=00:00:24
[RETURN id=10064 rank=04767] left=2,2,4,1,2,5,1 status=TIMEOUT layouts=0/1 complete=False time=00:01:00
[RETURN id=10078 rank=04769] left=2,2,4,1,5,2,1 status=TIMEOUT layouts=0/1 complete=False time=00:01:00
[RETURN id=10160 rank=04774] left=2,2,4,5,1,2,1 status=TIMEOUT layouts=0/1 complete=False time=00:01:00
[RETURN id=10200 rank=04776] left=2,2,5,1,1,2,4 status=TIMEOUT layouts=0/1 complete=False time=00:01:00
[RETURN id=10278 rank=04787] left=2,2,5,4,2,1,1 status=QUOTA_REACHED layouts=1/1 complete=True time=00:00:31
[GLOBAL] [############----------------] done=1566/3505 (44.68%) covered=1566 layouts=1566 running=14/14 remaining=1939 elapsed=01:54:30 rate=9.67 sig/min ETA=03:20:34
[COVERAGE] selected_mass(global)=47.579% covered_mass(global contribution)=28.113%
[LONGEST] id=10202 rank=4777 left=2,2,5,1,1,4,2 elapsed=00:01:00
[RETURN id=10202 rank=04777] left=2,2,5,1,1,4,2 status=TIMEOUT layouts=0/1 complete=False time=00:01:00
[RETURN id=10368 rank=04794] left=2,3,0,4,1,3,4 status=QUOTA_REACHED layouts=1/1 complete=True time=00:00:16
[RETURN id=10216 rank=04780] left=2,2,5,1,4,1,2 status=TIMEOUT layouts=0/1 complete=False time=00:01:00
[RETURN id=10228 rank=04782] left=2,2,5,2,1,1,4 status=TIMEOUT layouts=0/1 complete=False time=00:01:00
[RETURN id=10508 rank=04807] left=2,3,1,4,0,4,3 status=QUOTA_REACHED layouts=1/1 complete=True time=00:00:10
[RETURN id=10814 rank=04820] left=2,3,3,4,1,0,4 status=QUOTA_REACHED layouts=1/1 complete=True time=00:00:10
[RETURN id=10380 rank=04797] left=2,3,0,4,3,4,1 status=QUOTA_REACHED layouts=1/1 complete=True time=00:00:30
[RETURN id=10422 rank=04800] left=2,3,1,0,3,4,4 status=QUOTA_REACHED layouts=1/1 complete=True time=00:00:37
[RETURN id=10310 rank=04789] left=2,3,0,1,4,3,4 status=TIMEOUT layouts=0/1 complete=False time=00:01:00
[GLOBAL] [############----------------] done=1571/3505 (44.82%) covered=1571 layouts=1571 running=14/14 remaining=1934 elapsed=01:55:00 rate=9.67 sig/min ETA=03:20:01
[COVERAGE] selected_mass(global)=47.579% covered_mass(global contribution)=28.127%
[LONGEST] id=10342 rank=4791 left=2,3,0,3,1,4,4 elapsed=00:00:58
[RETURN id=10426 rank=04802] left=2,3,1,0,4,4,3 status=QUOTA_REACHED layouts=1/1 complete=True time=00:00:42
[RETURN id=10342 rank=04791] left=2,3,0,3,1,4,4 status=TIMEOUT layouts=0/1 complete=False time=00:01:00
[RETURN id=10354 rank=04792] left=2,3,0,3,4,1,4 status=TIMEOUT layouts=0/1 complete=False time=00:01:00
[RETURN id=10722 rank=04814] left=2,3,3,0,4,4,1 status=QUOTA_REACHED layouts=1/1 complete=True time=00:00:39
[RETURN id=10480 rank=04803] left=2,3,1,3,0,4,4 status=TIMEOUT layouts=0/1 complete=False time=00:01:00
[RETURN id=10818 rank=04821] left=2,3,3,4,1,4,0 status=QUOTA_REACHED layouts=1/1 complete=True time=00:00:49
[RETURN id=10526 rank=04810] left=2,3,1,4,4,0,3 status=TIMEOUT layouts=0/1 complete=False time=00:01:00
[RETURN id=10956 rank=04846] left=2,3,4,4,3,0,1 status=QUOTA_REACHED layouts=1/1 complete=True time=00:00:24
[GLOBAL] [############----------------] done=1575/3505 (44.94%) covered=1575 layouts=1575 running=14/14 remaining=1930 elapsed=01:55:30 rate=9.66 sig/min ETA=03:19:45
[COVERAGE] selected_mass(global)=47.579% covered_mass(global contribution)=28.138%
[LONGEST] id=10730 rank=4815 left=2,3,3,1,0,4,4 elapsed=00:00:59
[RETURN id=10860 rank=04827] left=2,3,4,0,3,4,1 status=QUOTA_REACHED layouts=1/1 complete=True time=00:00:46
[RETURN id=10730 rank=04815] left=2,3,3,1,0,4,4 status=TIMEOUT layouts=0/1 complete=False time=00:01:00
[RETURN id=10826 rank=04822] left=2,3,3,4,4,0,1 status=TIMEOUT layouts=0/1 complete=False time=00:01:00
[RETURN id=10848 rank=04824] left=2,3,4,0,1,3,4 status=TIMEOUT layouts=0/1 complete=False time=00:01:00
[RETURN id=10890 rank=04833] left=2,3,4,1,3,4,0 status=QUOTA_REACHED layouts=1/1 complete=True time=00:00:42
[RETURN id=10886 rank=04832] left=2,3,4,1,3,0,4 status=TIMEOUT layouts=0/1 complete=False time=00:01:00
[GLOBAL] [############----------------] done=1577/3505 (44.99%) covered=1577 layouts=1577 running=14/14 remaining=1928 elapsed=01:56:00 rate=9.64 sig/min ETA=03:20:03
[COVERAGE] selected_mass(global)=47.579% covered_mass(global contribution)=28.144%
[LONGEST] id=10894 rank=4835 left=2,3,4,1,4,3,0 elapsed=00:01:00
[RETURN id=10894 rank=04835] left=2,3,4,1,4,3,0 status=TIMEOUT layouts=0/1 complete=False time=00:01:00
[RETURN id=11220 rank=04860] left=2,4,1,0,3,3,4 status=QUOTA_REACHED layouts=1/1 complete=True time=00:00:32
[RETURN id=10942 rank=04841] left=2,3,4,3,4,1,0 status=TIMEOUT layouts=0/1 complete=False time=00:01:00
[RETURN id=10952 rank=04845] left=2,3,4,4,1,3,0 status=TIMEOUT layouts=0/1 complete=False time=00:01:00
[RETURN id=11096 rank=04849] left=2,4,0,1,3,4,3 status=TIMEOUT layouts=0/1 complete=False time=00:01:00
[RETURN id=11138 rank=04851] left=2,4,0,3,1,3,4 status=QUOTA_REACHED layouts=1/1 complete=True time=00:00:51
[RETURN id=11270 rank=04869] left=2,4,1,2,2,5,1 status=QUOTA_REACHED layouts=1/1 complete=True time=00:00:40
[RETURN id=11100 rank=04850] left=2,4,0,1,4,3,3 status=TIMEOUT layouts=0/1 complete=False time=00:01:00
[RETURN id=11242 rank=04864] left=2,4,1,1,2,5,2 status=QUOTA_REACHED layouts=1/1 complete=True time=00:00:53
[RETURN id=11256 rank=04865] left=2,4,1,1,5,2,2 status=QUOTA_REACHED layouts=1/1 complete=True time=00:00:52
[RETURN id=11150 rank=04854] left=2,4,0,3,3,4,1 status=TIMEOUT layouts=0/1 complete=False time=00:01:00
[GLOBAL] [############----------------] done=1582/3505 (45.14%) covered=1582 layouts=1582 running=14/14 remaining=1923 elapsed=01:56:30 rate=9.64 sig/min ETA=03:19:30
[COVERAGE] selected_mass(global)=47.579% covered_mass(global contribution)=28.157%
[LONGEST] id=11262 rank=4866 left=2,4,1,2,1,2,5 elapsed=00:00:54
[RETURN id=11408 rank=04888] left=2,4,2,1,5,1,2 status=QUOTA_REACHED layouts=1/1 complete=True time=00:00:17
[RETURN id=11262 rank=04866] left=2,4,1,2,1,2,5 status=TIMEOUT layouts=0/1 complete=False time=00:01:00
[RETURN id=11266 rank=04868] left=2,4,1,2,2,1,5 status=TIMEOUT layouts=0/1 complete=False time=00:01:00
[RETURN id=11284 rank=04871] left=2,4,1,2,5,2,1 status=QUOTA_REACHED layouts=1/1 complete=True time=00:00:48
[RETURN id=11306 rank=04876] left=2,4,1,3,4,0,3 status=QUOTA_REACHED layouts=1/1 complete=True time=00:00:43
[RETURN id=11490 rank=04893] left=2,4,2,5,1,1,2 status=QUOTA_REACHED layouts=1/1 complete=True time=00:00:34
[RETURN id=11528 rank=04903] left=2,4,3,1,0,4,3 status=QUOTA_REACHED layouts=1/1 complete=True time=00:00:20
[GLOBAL] [############----------------] done=1587/3505 (45.28%) covered=1587 layouts=1587 running=14/14 remaining=1918 elapsed=01:57:00 rate=9.64 sig/min ETA=03:18:57
[COVERAGE] selected_mass(global)=47.579% covered_mass(global contribution)=28.171%
[LONGEST] id=11288 rank=4873 left=2,4,1,3,0,4,3 elapsed=00:01:00
[RETURN id=11288 rank=04873] left=2,4,1,3,0,4,3 status=TIMEOUT layouts=0/1 complete=False time=00:01:00
[RETURN id=11332 rank=04880] left=2,4,1,4,3,3,0 status=TIMEOUT layouts=0/1 complete=False time=00:01:00
[RETURN id=11494 rank=04895] left=2,4,2,5,2,1,1 status=QUOTA_REACHED layouts=1/1 complete=True time=00:00:39
[RETURN id=11346 rank=04881] left=2,4,1,5,1,2,2 status=TIMEOUT layouts=0/1 complete=False time=00:01:00
[RETURN id=11546 rank=04906] left=2,4,3,1,4,0,3 status=QUOTA_REACHED layouts=1/1 complete=True time=00:00:27
[RETURN id=11512 rank=04898] left=2,4,3,0,3,1,4 status=QUOTA_REACHED layouts=1/1 complete=True time=00:00:33
[RETURN id=11350 rank=04882] left=2,4,1,5,2,1,2 status=TIMEOUT layouts=0/1 complete=False time=00:01:00
[RETURN id=11504 rank=04897] left=2,4,3,0,1,4,3 status=QUOTA_REACHED layouts=1/1 complete=True time=00:00:45
[RETURN id=11604 rank=04916] left=2,4,3,4,1,0,3 status=QUOTA_REACHED layouts=1/1 complete=True time=00:00:15
[RETURN id=11390 rank=04885] left=2,4,2,1,1,5,2 status=TIMEOUT layouts=0/1 complete=False time=00:01:00
[RETURN id=11436 rank=04892] left=2,4,2,2,5,1,1 status=TIMEOUT layouts=0/1 complete=False time=00:01:00
[RETURN id=11518 rank=04900] left=2,4,3,0,4,1,3 status=QUOTA_REACHED layouts=1/1 complete=True time=00:00:47
[RETURN id=11642 rank=04922] left=2,4,4,0,3,3,1 status=QUOTA_REACHED layouts=1/1 complete=True time=00:00:21
[GLOBAL] [############----------------] done=1594/3505 (45.48%) covered=1594 layouts=1594 running=14/14 remaining=1911 elapsed=01:57:30 rate=9.66 sig/min ETA=03:17:50
[COVERAGE] selected_mass(global)=47.579% covered_mass(global contribution)=28.190%
[LONGEST] id=11582 rank=4909 left=2,4,3,3,0,4,1 elapsed=00:00:45
[RETURN id=11698 rank=04926] left=2,4,4,3,0,1,3 status=QUOTA_REACHED layouts=1/1 complete=True time=00:00:25
[RETURN id=11670 rank=04925] left=2,4,4,1,3,3,0 status=QUOTA_REACHED layouts=1/1 complete=True time=00:00:31
[RETURN id=11582 rank=04909] left=2,4,3,3,0,4,1 status=QUOTA_REACHED layouts=1/1 complete=True time=00:00:56
[RETURN id=11766 rank=04934] left=2,4,5,1,2,2,1 status=QUOTA_REACHED layouts=1/1 complete=True time=00:00:26
[RETURN id=11702 rank=04928] left=2,4,4,3,1,0,3 status=QUOTA_REACHED layouts=1/1 complete=True time=00:00:30
[RETURN id=11700 rank=04927] left=2,4,4,3,0,3,1 status=QUOTA_REACHED layouts=1/1 complete=True time=00:00:34
[RETURN id=11612 rank=04919] left=2,4,3,4,3,1,0 status=QUOTA_REACHED layouts=1/1 complete=True time=00:00:48
[RETURN id=11710 rank=04931] left=2,4,4,3,3,1,0 status=QUOTA_REACHED layouts=1/1 complete=True time=00:00:38
[RETURN id=11584 rank=04910] left=2,4,3,3,1,0,4 status=TIMEOUT layouts=0/1 complete=False time=00:01:00
[GLOBAL] [############----------------] done=1602/3505 (45.71%) covered=1602 layouts=1602 running=14/14 remaining=1903 elapsed=01:58:00 rate=9.69 sig/min ETA=03:16:28
[COVERAGE] selected_mass(global)=47.579% covered_mass(global contribution)=28.212%
[LONGEST] id=11602 rank=4915 left=2,4,3,4,0,3,1 elapsed=00:01:01
[RETURN id=11602 rank=04915] left=2,4,3,4,0,3,1 status=TIMEOUT layouts=0/1 complete=False time=00:01:00
[RETURN id=12016 rank=04943] left=2,5,1,2,2,1,4 status=QUOTA_REACHED layouts=1/1 complete=True time=00:00:23
[RETURN id=11630 rank=04920] left=2,4,4,0,1,3,3 status=TIMEOUT layouts=0/1 complete=False time=00:01:00
[RETURN id=11640 rank=04921] left=2,4,4,0,3,1,3 status=TIMEOUT layouts=0/1 complete=False time=00:01:00
[RETURN id=11784 rank=04937] left=2,4,5,2,2,1,1 status=QUOTA_REACHED layouts=1/1 complete=True time=00:00:43
[RETURN id=12028 rank=04946] left=2,5,1,2,4,2,1 status=QUOTA_REACHED layouts=1/1 complete=True time=00:00:32
[RETURN id=11780 rank=04935] left=2,4,5,2,1,1,2 status=QUOTA_REACHED layouts=1/1 complete=True time=00:00:49
[RETURN id=12200 rank=04959] left=2,5,2,4,1,1,2 status=QUOTA_REACHED layouts=1/1 complete=True time=00:00:16
[RETURN id=12126 rank=04950] left=2,5,2,1,1,2,4 status=QUOTA_REACHED layouts=1/1 complete=True time=00:00:30
[RETURN id=12204 rank=04961] left=2,5,2,4,2,1,1 status=QUOTA_REACHED layouts=1/1 complete=True time=00:00:16
[RETURN id=12070 rank=04948] left=2,5,1,4,2,1,2 status=QUOTA_REACHED layouts=1/1 complete=True time=00:00:32
[GLOBAL] [############----------------] done=1610/3505 (45.93%) covered=1610 layouts=1610 running=14/14 remaining=1895 elapsed=01:58:30 rate=9.71 sig/min ETA=03:15:06
[COVERAGE] selected_mass(global)=47.579% covered_mass(global contribution)=28.234%
[LONGEST] id=12066 rank=4947 left=2,5,1,4,1,2,2 elapsed=00:00:48
[RETURN id=12718 rank=04986] left=3,0,2,4,1,3,4 status=QUOTA_REACHED layouts=1/1 complete=True time=00:00:12
[RETURN id=12142 rank=04954] left=2,5,2,1,4,1,2 status=QUOTA_REACHED layouts=1/1 complete=True time=00:00:42
[RETURN id=12066 rank=04947] left=2,5,1,4,1,2,2 status=QUOTA_REACHED layouts=1/1 complete=True time=00:00:55
[RETURN id=12128 rank=04951] left=2,5,2,1,1,4,2 status=TIMEOUT layouts=0/1 complete=False time=00:01:00
[RETURN id=12134 rank=04953] left=2,5,2,1,2,4,1 status=TIMEOUT layouts=0/1 complete=False time=00:01:00
[RETURN id=12866 rank=05000] left=3,0,3,4,2,1,4 status=QUOTA_REACHED layouts=1/1 complete=True time=00:00:05
[RETURN id=12154 rank=04956] left=2,5,2,2,1,1,4 status=TIMEOUT layouts=0/1 complete=False time=00:01:00
[GLOBAL] [############----------------] done=1614/3505 (46.05%) covered=1614 layouts=1614 running=14/14 remaining=1891 elapsed=01:59:00 rate=9.71 sig/min ETA=03:14:50
[COVERAGE] selected_mass(global)=47.579% covered_mass(global contribution)=28.245%
[LONGEST] id=12356 rank=4962 left=2,5,4,1,1,2,2 elapsed=00:00:54
[RETURN id=12598 rank=04975] left=3,0,1,4,2,4,3 status=QUOTA_REACHED layouts=1/1 complete=True time=00:00:45
[RETURN id=12692 rank=04983] left=3,0,2,3,1,4,4 status=QUOTA_REACHED layouts=1/1 complete=True time=00:00:47
[RETURN id=12794 rank=04993] left=3,0,3,1,4,2,4 status=QUOTA_REACHED layouts=1/1 complete=True time=00:00:28
[RETURN id=12356 rank=04962] left=2,5,4,1,1,2,2 status=TIMEOUT layouts=0/1 complete=False time=00:01:00
[RETURN id=12360 rank=04963] left=2,5,4,1,2,1,2 status=TIMEOUT layouts=0/1 complete=False time=00:01:00
[RETURN id=12878 rank=05003] left=3,0,3,4,4,2,1 status=QUOTA_REACHED layouts=1/1 complete=True time=00:00:11
[RETURN id=12796 rank=04994] left=3,0,3,1,4,4,2 status=QUOTA_REACHED layouts=1/1 complete=True time=00:00:31
[RETURN id=12730 rank=04989] left=3,0,2,4,3,4,1 status=QUOTA_REACHED layouts=1/1 complete=True time=00:00:40
[RETURN id=12562 rank=04969] left=3,0,1,2,4,3,4 status=TIMEOUT layouts=0/1 complete=False time=00:01:00
[RETURN id=12574 rank=04971] left=3,0,1,3,2,4,4 status=TIMEOUT layouts=0/1 complete=False time=00:01:00
[RETURN id=12608 rank=04979] left=3,0,1,4,4,3,2 status=TIMEOUT layouts=0/1 complete=False time=00:01:00
[RETURN id=12704 rank=04984] left=3,0,2,3,4,1,4 status=TIMEOUT layouts=0/1 complete=False time=00:01:00
[GLOBAL] [############----------------] done=1620/3505 (46.22%) covered=1620 layouts=1620 running=14/14 remaining=1885 elapsed=01:59:30 rate=9.72 sig/min ETA=03:14:01
[COVERAGE] selected_mass(global)=47.579% covered_mass(global contribution)=28.262%
[LONGEST] id=12822 rank=4997 left=3,0,3,2,4,4,1 elapsed=00:00:39
[RETURN id=12822 rank=04997] left=3,0,3,2,4,4,1 status=QUOTA_REACHED layouts=1/1 complete=True time=00:00:46
[RETURN id=13258 rank=05037] left=3,1,0,4,3,4,2 status=QUOTA_REACHED layouts=1/1 complete=True time=00:00:26
[RETURN id=13256 rank=05036] left=3,1,0,4,3,2,4 status=QUOTA_REACHED layouts=1/1 complete=True time=00:00:27
[RETURN id=13002 rank=05020] left=3,0,4,3,4,1,2 status=QUOTA_REACHED layouts=1/1 complete=True time=00:00:51
[RETURN id=13020 rank=05024] left=3,0,4,4,2,1,3 status=QUOTA_REACHED layouts=1/1 complete=True time=00:00:51
[GLOBAL] [############----------------] done=1625/3505 (46.36%) covered=1625 layouts=1625 running=14/14 remaining=1880 elapsed=02:00:00 rate=9.72 sig/min ETA=03:13:29
[COVERAGE] selected_mass(global)=47.579% covered_mass(global contribution)=28.276%
[LONGEST] id=12936 rank=5005 left=3,0,4,1,2,4,3 elapsed=00:01:01
[RETURN id=12936 rank=05005] left=3,0,4,1,2,4,3 status=TIMEOUT layouts=0/1 complete=False time=00:01:00
[RETURN id=12958 rank=05010] left=3,0,4,2,1,3,4 status=TIMEOUT layouts=0/1 complete=False time=00:01:00
[RETURN id=13252 rank=05034] left=3,1,0,4,2,3,4 status=QUOTA_REACHED layouts=1/1 complete=True time=00:00:49
[RETURN id=12988 rank=05017] left=3,0,4,3,1,4,2 status=TIMEOUT layouts=0/1 complete=False time=00:01:00
[RETURN id=13022 rank=05025] left=3,0,4,4,2,3,1 status=TIMEOUT layouts=0/1 complete=False time=00:01:00
[RETURN id=13026 rank=05027] left=3,0,4,4,3,2,1 status=TIMEOUT layouts=0/1 complete=False time=00:01:00
[RETURN id=13218 rank=05030] left=3,1,0,2,4,4,3 status=TIMEOUT layouts=0/1 complete=False time=00:01:00
[RETURN id=13236 rank=05032] left=3,1,0,3,4,2,4 status=TIMEOUT layouts=0/1 complete=False time=00:01:00
[RETURN id=13238 rank=05033] left=3,1,0,3,4,4,2 status=TIMEOUT layouts=0/1 complete=False time=00:01:00
[RETURN id=13502 rank=05056] left=3,1,2,3,4,0,4 status=QUOTA_REACHED layouts=1/1 complete=True time=00:00:11
[RETURN id=13506 rank=05057] left=3,1,2,3,4,4,0 status=QUOTA_REACHED layouts=1/1 complete=True time=00:00:09
[RETURN id=13576 rank=05066] left=3,1,3,0,4,4,2 status=QUOTA_REACHED layouts=1/1 complete=True time=00:00:07
[RETURN id=13262 rank=05038] left=3,1,0,4,4,2,3 status=QUOTA_REACHED layouts=1/1 complete=True time=00:00:50
[RETURN id=13526 rank=05060] left=3,1,2,4,3,0,4 status=QUOTA_REACHED layouts=1/1 complete=True time=00:00:19
[GLOBAL] [#############---------------] done=1631/3505 (46.53%) covered=1631 layouts=1631 running=14/14 remaining=1874 elapsed=02:00:30 rate=9.73 sig/min ETA=03:12:41
[COVERAGE] selected_mass(global)=47.579% covered_mass(global contribution)=28.292%
[LONGEST] id=13320 rank=5042 left=3,1,1,1,5,3,3 elapsed=00:00:45
[RETURN id=13530 rank=05061] left=3,1,2,4,3,4,0 status=QUOTA_REACHED layouts=1/1 complete=True time=00:00:19
[RETURN id=13412 rank=05050] left=3,1,1,5,3,1,3 status=QUOTA_REACHED layouts=1/1 complete=True time=00:00:31
[RETURN id=13414 rank=05051] left=3,1,1,5,3,3,1 status=QUOTA_REACHED layouts=1/1 complete=True time=00:00:32
[RETURN id=13320 rank=05042] left=3,1,1,1,5,3,3 status=TIMEOUT layouts=0/1 complete=False time=00:01:00
[RETURN id=13348 rank=05044] left=3,1,1,3,1,5,3 status=TIMEOUT layouts=0/1 complete=False time=00:01:00
[RETURN id=13640 rank=05076] left=3,1,3,3,1,1,5 status=QUOTA_REACHED layouts=1/1 complete=True time=00:00:20
[RETURN id=13402 rank=05049] left=3,1,1,5,1,3,3 status=QUOTA_REACHED layouts=1/1 complete=True time=00:00:57
[RETURN id=13430 rank=05053] left=3,1,2,0,4,3,4 status=QUOTA_REACHED layouts=1/1 complete=True time=00:00:54
[GLOBAL] [#############---------------] done=1637/3505 (46.70%) covered=1637 layouts=1637 running=14/14 remaining=1868 elapsed=02:01:00 rate=9.74 sig/min ETA=03:11:53
[COVERAGE] selected_mass(global)=47.579% covered_mass(global contribution)=28.309%
[LONGEST] id=13512 rank=5058 left=3,1,2,4,0,3,4 elapsed=00:00:51
[RETURN id=13512 rank=05058] left=3,1,2,4,0,3,4 status=QUOTA_REACHED layouts=1/1 complete=True time=00:00:55
[RETURN id=13678 rank=05082] left=3,1,3,4,2,4,0 status=QUOTA_REACHED layouts=1/1 complete=True time=00:00:20
[RETURN id=13644 rank=05077] left=3,1,3,3,1,5,1 status=QUOTA_REACHED layouts=1/1 complete=True time=00:00:40
[RETURN id=13534 rank=05063] left=3,1,2,4,4,3,0 status=QUOTA_REACHED layouts=1/1 complete=True time=00:00:57
[RETURN id=13574 rank=05065] left=3,1,3,0,4,2,4 status=TIMEOUT layouts=0/1 complete=False time=00:01:00
[RETURN id=13586 rank=05067] left=3,1,3,1,1,3,5 status=TIMEOUT layouts=0/1 complete=False time=00:01:00
[RETURN id=13588 rank=05068] left=3,1,3,1,1,5,3 status=TIMEOUT layouts=0/1 complete=False time=00:01:00
[RETURN id=13726 rank=05093] left=3,1,4,0,4,3,2 status=QUOTA_REACHED layouts=1/1 complete=True time=00:00:29
[GLOBAL] [#############---------------] done=1642/3505 (46.85%) covered=1642 layouts=1642 running=14/14 remaining=1863 elapsed=02:01:30 rate=9.74 sig/min ETA=03:11:21
[COVERAGE] selected_mass(global)=47.579% covered_mass(global contribution)=28.323%
[LONGEST] id=13610 rank=5073 left=3,1,3,2,0,4,4 elapsed=00:01:01
[RETURN id=13610 rank=05073] left=3,1,3,2,0,4,4 status=TIMEOUT layouts=0/1 complete=False time=00:01:00
[RETURN id=13664 rank=05079] left=3,1,3,4,0,2,4 status=TIMEOUT layouts=0/1 complete=False time=00:01:00
[RETURN id=13666 rank=05080] left=3,1,3,4,0,4,2 status=TIMEOUT layouts=0/1 complete=False time=00:01:00
[RETURN id=13828 rank=05110] left=3,1,4,4,3,0,2 status=QUOTA_REACHED layouts=1/1 complete=True time=00:00:19
[RETURN id=13674 rank=05081] left=3,1,3,4,2,0,4 status=TIMEOUT layouts=0/1 complete=False time=00:01:00
[RETURN id=13704 rank=05087] left=3,1,3,5,3,1,1 status=QUOTA_REACHED layouts=1/1 complete=True time=00:00:57
[RETURN id=13824 rank=05108] left=3,1,4,4,2,0,3 status=QUOTA_REACHED layouts=1/1 complete=True time=00:00:37
[RETURN id=13830 rank=05111] left=3,1,4,4,3,2,0 status=QUOTA_REACHED layouts=1/1 complete=True time=00:00:32
[RETURN id=13762 rank=05094] left=3,1,4,2,0,3,4 status=TIMEOUT layouts=0/1 complete=False time=00:01:00
[RETURN id=13882 rank=05112] left=3,1,5,1,1,3,3 status=QUOTA_REACHED layouts=1/1 complete=True time=00:00:29
[GLOBAL] [#############---------------] done=1647/3505 (46.99%) covered=1647 layouts=1647 running=14/14 remaining=1858 elapsed=02:02:00 rate=9.74 sig/min ETA=03:10:48
[COVERAGE] selected_mass(global)=47.579% covered_mass(global contribution)=28.336%
[LONGEST] id=13780 rank=5097 left=3,1,4,2,3,4,0 elapsed=00:00:55
[RETURN id=13780 rank=05097] left=3,1,4,2,3,4,0 status=QUOTA_REACHED layouts=1/1 complete=True time=00:01:00
[RETURN id=13784 rank=05099] left=3,1,4,2,4,3,0 status=TIMEOUT layouts=0/1 complete=False time=00:01:00
[RETURN id=13808 rank=05104] left=3,1,4,3,4,0,2 status=TIMEOUT layouts=0/1 complete=False time=00:01:00
[RETURN id=13810 rank=05105] left=3,1,4,3,4,2,0 status=TIMEOUT layouts=0/1 complete=False time=00:01:00
[RETURN id=14050 rank=05125] left=3,2,0,4,1,4,3 status=QUOTA_REACHED layouts=1/1 complete=True time=00:00:17
[RETURN id=13816 rank=05107] left=3,1,4,4,0,3,2 status=TIMEOUT layouts=0/1 complete=False time=00:01:00
[RETURN id=13892 rank=05113] left=3,1,5,1,3,1,3 status=QUOTA_REACHED layouts=1/1 complete=True time=00:00:48
[RETURN id=14178 rank=05134] left=3,2,1,3,4,0,4 status=QUOTA_REACHED layouts=1/1 complete=True time=00:00:11
[GLOBAL] [#############---------------] done=1651/3505 (47.10%) covered=1651 layouts=1651 running=14/14 remaining=1854 elapsed=02:02:30 rate=9.73 sig/min ETA=03:10:32
[COVERAGE] selected_mass(global)=47.579% covered_mass(global contribution)=28.347%
[LONGEST] id=13894 rank=5114 left=3,1,5,1,3,3,1 elapsed=00:00:55
[RETURN id=13944 rank=05117] left=3,1,5,3,3,1,1 status=QUOTA_REACHED layouts=1/1 complete=True time=00:00:49
[RETURN id=13992 rank=05120] left=3,2,0,1,4,4,3 status=QUOTA_REACHED layouts=1/1 complete=True time=00:00:44
[RETURN id=13894 rank=05114] left=3,1,5,1,3,3,1 status=TIMEOUT layouts=0/1 complete=False time=00:01:00
[RETURN id=14106 rank=05131] left=3,2,1,0,4,3,4 status=QUOTA_REACHED layouts=1/1 complete=True time=00:00:34
[RETURN id=13988 rank=05118] left=3,2,0,1,3,4,4 status=TIMEOUT layouts=0/1 complete=False time=00:01:00
[RETURN id=14202 rank=05138] left=3,2,1,4,3,0,4 status=QUOTA_REACHED layouts=1/1 complete=True time=00:00:34
[RETURN id=14064 rank=05128] left=3,2,0,4,4,1,3 status=QUOTA_REACHED layouts=1/1 complete=True time=00:00:55
[RETURN id=14038 rank=05123] left=3,2,0,3,4,4,1 status=TIMEOUT layouts=0/1 complete=False time=00:01:00
[RETURN id=14058 rank=05126] left=3,2,0,4,3,1,4 status=TIMEOUT layouts=0/1 complete=False time=00:01:00
[GLOBAL] [#############---------------] done=1656/3505 (47.25%) covered=1656 layouts=1656 running=14/14 remaining=1849 elapsed=02:03:00 rate=9.73 sig/min ETA=03:10:00
[COVERAGE] selected_mass(global)=47.579% covered_mass(global contribution)=28.361%
[LONGEST] id=14066 rank=5129 left=3,2,0,4,4,3,1 elapsed=00:00:55
[RETURN id=14066 rank=05129] left=3,2,0,4,4,3,1 status=TIMEOUT layouts=0/1 complete=False time=00:01:00
[RETURN id=14432 rank=05147] left=3,2,3,1,4,4,0 status=QUOTA_REACHED layouts=1/1 complete=True time=00:00:28
[RETURN id=14182 rank=05135] left=3,2,1,3,4,4,0 status=TIMEOUT layouts=0/1 complete=False time=00:01:00
[RETURN id=14188 rank=05136] left=3,2,1,4,0,3,4 status=TIMEOUT layouts=0/1 complete=False time=00:01:00
[RETURN id=14546 rank=05159] left=3,2,4,0,4,3,1 status=QUOTA_REACHED layouts=1/1 complete=True time=00:00:18
[RETURN id=14206 rank=05139] left=3,2,1,4,3,4,0 status=QUOTA_REACHED layouts=1/1 complete=True time=00:00:56
[RETURN id=14428 rank=05146] left=3,2,3,1,4,0,4 status=QUOTA_REACHED layouts=1/1 complete=True time=00:00:43
[RETURN id=14490 rank=05148] left=3,2,3,4,0,1,4 status=QUOTA_REACHED layouts=1/1 complete=True time=00:00:32
[RETURN id=14210 rank=05141] left=3,2,1,4,4,3,0 status=TIMEOUT layouts=0/1 complete=False time=00:01:00
[GLOBAL] [#############---------------] done=1661/3505 (47.39%) covered=1661 layouts=1661 running=14/14 remaining=1844 elapsed=02:03:30 rate=9.73 sig/min ETA=03:09:28
[COVERAGE] selected_mass(global)=47.579% covered_mass(global contribution)=28.375%
[LONGEST] id=14388 rank=5142 left=3,2,3,0,1,4,4 elapsed=00:00:57
[RETURN id=14572 rank=05164] left=3,2,4,1,4,0,3 status=QUOTA_REACHED layouts=1/1 complete=True time=00:00:18
[RETURN id=14388 rank=05142] left=3,2,3,0,1,4,4 status=TIMEOUT layouts=0/1 complete=False time=00:01:00
[RETURN id=14400 rank=05143] left=3,2,3,0,4,1,4 status=TIMEOUT layouts=0/1 complete=False time=00:01:00
[RETURN id=14614 rank=05169] left=3,2,4,3,1,4,0 status=QUOTA_REACHED layouts=1/1 complete=True time=00:00:23
[RETURN id=14610 rank=05168] left=3,2,4,3,1,0,4 status=QUOTA_REACHED layouts=1/1 complete=True time=00:00:33
[RETURN id=14530 rank=05155] left=3,2,4,0,1,4,3 status=TIMEOUT layouts=0/1 complete=False time=00:01:00
[RETURN id=14782 rank=05180] left=3,3,0,1,4,4,2 status=QUOTA_REACHED layouts=1/1 complete=True time=00:00:28
[RETURN id=14538 rank=05156] left=3,2,4,0,3,1,4 status=TIMEOUT layouts=0/1 complete=False time=00:01:00
[RETURN id=14544 rank=05158] left=3,2,4,0,4,1,3 status=TIMEOUT layouts=0/1 complete=False time=00:01:00
[RETURN id=14626 rank=05172] left=3,2,4,4,0,1,3 status=QUOTA_REACHED layouts=1/1 complete=True time=00:00:37
[RETURN id=14958 rank=05200] left=3,3,1,2,4,0,4 status=QUOTA_REACHED layouts=1/1 complete=True time=00:00:04
[RETURN id=14554 rank=05161] left=3,2,4,1,0,4,3 status=QUOTA_REACHED layouts=1/1 complete=True time=00:00:52
[GLOBAL] [#############---------------] done=1668/3505 (47.59%) covered=1668 layouts=1668 running=14/14 remaining=1837 elapsed=02:04:00 rate=9.75 sig/min ETA=03:08:25
[COVERAGE] selected_mass(global)=47.579% covered_mass(global contribution)=28.394%
[LONGEST] id=14608 rank=5167 left=3,2,4,3,0,4,1 elapsed=00:00:46
[RETURN id=14630 rank=05174] left=3,2,4,4,1,0,3 status=QUOTA_REACHED layouts=1/1 complete=True time=00:00:40
[RETURN id=15026 rank=05211] left=3,3,1,5,1,1,3 status=QUOTA_REACHED layouts=1/1 complete=True time=00:00:11
[RETURN id=14864 rank=05189] left=3,3,0,4,4,2,1 status=QUOTA_REACHED layouts=1/1 complete=True time=00:00:38
[RETURN id=14928 rank=05196] left=3,3,1,1,3,5,1 status=QUOTA_REACHED layouts=1/1 complete=True time=00:00:31
[RETURN id=14608 rank=05167] left=3,2,4,3,0,4,1 status=TIMEOUT layouts=0/1 complete=False time=00:01:00
[RETURN id=14780 rank=05179] left=3,3,0,1,4,2,4 status=QUOTA_REACHED layouts=1/1 complete=True time=00:00:59
[GLOBAL] [#############---------------] done=1673/3505 (47.73%) covered=1673 layouts=1673 running=14/14 remaining=1832 elapsed=02:04:30 rate=9.75 sig/min ETA=03:07:53
[COVERAGE] selected_mass(global)=47.579% covered_mass(global contribution)=28.408%
[LONGEST] id=14808 rank=5183 left=3,3,0,2,4,4,1 elapsed=00:00:58
[RETURN id=14808 rank=05183] left=3,3,0,2,4,4,1 status=TIMEOUT layouts=0/1 complete=False time=00:01:00
[RETURN id=15154 rank=05223] left=3,3,2,4,1,4,0 status=QUOTA_REACHED layouts=1/1 complete=True time=00:00:19
[RETURN id=14924 rank=05195] left=3,3,1,1,3,1,5 status=TIMEOUT layouts=0/1 complete=False time=00:01:00
[RETURN id=15162 rank=05224] left=3,3,2,4,4,0,1 status=QUOTA_REACHED layouts=1/1 complete=True time=00:00:25
[RETURN id=14962 rank=05201] left=3,3,1,2,4,4,0 status=QUOTA_REACHED layouts=1/1 complete=True time=00:00:47
[RETURN id=14936 rank=05197] left=3,3,1,1,5,1,3 status=TIMEOUT layouts=0/1 complete=False time=00:01:00
[RETURN id=14938 rank=05198] left=3,3,1,1,5,3,1 status=TIMEOUT layouts=0/1 complete=False time=00:01:00
[RETURN id=14992 rank=05204] left=3,3,1,3,5,1,1 status=TIMEOUT layouts=0/1 complete=False time=00:01:00
[RETURN id=15016 rank=05210] left=3,3,1,4,4,2,0 status=TIMEOUT layouts=0/1 complete=False time=00:01:00
[GLOBAL] [#############---------------] done=1676/3505 (47.82%) covered=1676 layouts=1676 running=14/14 remaining=1829 elapsed=02:05:00 rate=9.74 sig/min ETA=03:07:52
[COVERAGE] selected_mass(global)=47.579% covered_mass(global contribution)=28.416%
[LONGEST] id=15028 rank=5212 left=3,3,1,5,1,3,1 elapsed=00:01:01
[RETURN id=15028 rank=05212] left=3,3,1,5,1,3,1 status=TIMEOUT layouts=0/1 complete=False time=00:01:00
[RETURN id=15058 rank=05216] left=3,3,2,0,4,4,1 status=TIMEOUT layouts=0/1 complete=False time=00:01:00
[RETURN id=15310 rank=05230] left=3,3,4,0,1,2,4 status=QUOTA_REACHED layouts=1/1 complete=True time=00:00:52
[RETURN id=15148 rank=05221] left=3,3,2,4,0,4,1 status=QUOTA_REACHED layouts=1/1 complete=True time=00:00:59
[RETURN id=15516 rank=05258] left=3,4,0,1,2,3,4 status=QUOTA_REACHED layouts=1/1 complete=True time=00:00:17
[RETURN id=15352 rank=05240] left=3,3,4,1,4,0,2 status=QUOTA_REACHED layouts=1/1 complete=True time=00:00:44
[RETURN id=15312 rank=05231] left=3,3,4,0,1,4,2 status=TIMEOUT layouts=0/1 complete=False time=00:01:00
[RETURN id=15358 rank=05242] left=3,3,4,2,0,1,4 status=QUOTA_REACHED layouts=1/1 complete=True time=00:00:44
[RETURN id=15326 rank=05234] left=3,3,4,0,4,1,2 status=QUOTA_REACHED layouts=1/1 complete=True time=00:00:51
[GLOBAL] [#############---------------] done=1682/3505 (47.99%) covered=1682 layouts=1682 running=14/14 remaining=1823 elapsed=02:05:30 rate=9.74 sig/min ETA=03:07:04
[COVERAGE] selected_mass(global)=47.579% covered_mass(global contribution)=28.433%
[LONGEST] id=15376 rank=5247 left=3,3,4,2,4,1,0 elapsed=00:00:50
[RETURN id=15556 rank=05269] left=3,4,0,2,4,3,1 status=QUOTA_REACHED layouts=1/1 complete=True time=00:00:15
[RETURN id=15376 rank=05247] left=3,3,4,2,4,1,0 status=TIMEOUT layouts=0/1 complete=False time=00:01:00
[RETURN id=15394 rank=05248] left=3,3,4,4,0,1,2 status=TIMEOUT layouts=0/1 complete=False time=00:01:00
[RETURN id=15584 rank=05275] left=3,4,0,3,4,2,1 status=QUOTA_REACHED layouts=1/1 complete=True time=00:00:23
[RETURN id=15400 rank=05252] left=3,3,4,4,2,0,1 status=TIMEOUT layouts=0/1 complete=False time=00:01:00
[RETURN id=15572 rank=05272] left=3,4,0,3,2,1,4 status=QUOTA_REACHED layouts=1/1 complete=True time=00:00:32
[RETURN id=15450 rank=05256] left=3,3,5,1,3,1,1 status=TIMEOUT layouts=0/1 complete=False time=00:01:00
[GLOBAL] [#############---------------] done=1685/3505 (48.07%) covered=1685 layouts=1685 running=14/14 remaining=1820 elapsed=02:06:00 rate=9.73 sig/min ETA=03:07:03
[COVERAGE] selected_mass(global)=47.579% covered_mass(global contribution)=28.441%
[LONGEST] id=15520 rank=5260 left=3,4,0,1,3,2,4 elapsed=00:01:01
[RETURN id=15520 rank=05260] left=3,4,0,1,3,2,4 status=TIMEOUT layouts=0/1 complete=False time=00:01:00
[RETURN id=15522 rank=05261] left=3,4,0,1,3,4,2 status=TIMEOUT layouts=0/1 complete=False time=00:01:00
[RETURN id=15526 rank=05262] left=3,4,0,1,4,2,3 status=TIMEOUT layouts=0/1 complete=False time=00:01:00
[RETURN id=15540 rank=05265] left=3,4,0,2,1,4,3 status=TIMEOUT layouts=0/1 complete=False time=00:01:00
[RETURN id=15596 rank=05276] left=3,4,0,4,1,2,3 status=QUOTA_REACHED layouts=1/1 complete=True time=00:00:43
[RETURN id=15742 rank=05301] left=3,4,1,4,0,3,2 status=QUOTA_REACHED layouts=1/1 complete=True time=00:00:07
[RETURN id=15548 rank=05266] left=3,4,0,2,3,1,4 status=TIMEOUT layouts=0/1 complete=False time=00:01:00
[RETURN id=15554 rank=05268] left=3,4,0,2,4,1,3 status=TIMEOUT layouts=0/1 complete=False time=00:01:00
[RETURN id=15688 rank=05288] left=3,4,1,2,0,3,4 status=QUOTA_REACHED layouts=1/1 complete=True time=00:00:43
[RETURN id=15736 rank=05299] left=3,4,1,3,4,2,0 status=QUOTA_REACHED layouts=1/1 complete=True time=00:00:27
[GLOBAL] [#############---------------] done=1689/3505 (48.19%) covered=1689 layouts=1689 running=14/14 remaining=1816 elapsed=02:06:30 rate=9.72 sig/min ETA=03:06:46
[COVERAGE] selected_mass(global)=47.579% covered_mass(global contribution)=28.452%
[LONGEST] id=15606 rank=5280 left=3,4,0,4,3,1,2 elapsed=00:00:55
[RETURN id=15756 rank=05305] left=3,4,1,4,3,2,0 status=QUOTA_REACHED layouts=1/1 complete=True time=00:00:27
[RETURN id=15606 rank=05280] left=3,4,0,4,3,1,2 status=TIMEOUT layouts=0/1 complete=False time=00:01:00
[RETURN id=15642 rank=05283] left=3,4,1,0,2,4,3 status=TIMEOUT layouts=0/1 complete=False time=00:01:00
[RETURN id=15702 rank=05290] left=3,4,1,2,3,0,4 status=TIMEOUT layouts=0/1 complete=False time=00:01:00
[RETURN id=15706 rank=05291] left=3,4,1,2,3,4,0 status=TIMEOUT layouts=0/1 complete=False time=00:01:00
[RETURN id=15710 rank=05293] left=3,4,1,2,4,3,0 status=TIMEOUT layouts=0/1 complete=False time=00:01:00
[RETURN id=15734 rank=05298] left=3,4,1,3,4,0,2 status=TIMEOUT layouts=0/1 complete=False time=00:01:00
[GLOBAL] [#############---------------] done=1690/3505 (48.22%) covered=1690 layouts=1690 running=14/14 remaining=1815 elapsed=02:07:00 rate=9.69 sig/min ETA=03:07:15
[COVERAGE] selected_mass(global)=47.579% covered_mass(global contribution)=28.455%
[LONGEST] id=15750 rank=5302 left=3,4,1,4,2,0,3 elapsed=00:00:57
[RETURN id=15750 rank=05302] left=3,4,1,4,2,0,3 status=TIMEOUT layouts=0/1 complete=False time=00:01:00
[RETURN id=15804 rank=05313] left=3,4,2,1,0,4,3 status=QUOTA_REACHED layouts=1/1 complete=True time=00:00:39
[RETURN id=15754 rank=05304] left=3,4,1,4,3,0,2 status=TIMEOUT layouts=0/1 complete=False time=00:01:00
[RETURN id=15788 rank=05308] left=3,4,2,0,3,1,4 status=TIMEOUT layouts=0/1 complete=False time=00:01:00
[RETURN id=15796 rank=05311] left=3,4,2,0,4,3,1 status=QUOTA_REACHED layouts=1/1 complete=True time=00:00:53
[RETURN id=15794 rank=05310] left=3,4,2,0,4,1,3 status=TIMEOUT layouts=0/1 complete=False time=00:01:00
[RETURN id=15878 rank=05325] left=3,4,2,4,0,3,1 status=QUOTA_REACHED layouts=1/1 complete=True time=00:00:18
[RETURN id=15822 rank=05316] left=3,4,2,1,4,0,3 status=TIMEOUT layouts=0/1 complete=False time=00:01:00
[GLOBAL] [#############---------------] done=1693/3505 (48.30%) covered=1693 layouts=1693 running=14/14 remaining=1812 elapsed=02:07:30 rate=9.68 sig/min ETA=03:07:13
[COVERAGE] selected_mass(global)=47.579% covered_mass(global contribution)=28.463%
[LONGEST] id=15858 rank=5319 left=3,4,2,3,0,4,1 elapsed=00:00:54
[RETURN id=15942 rank=05339] left=3,4,3,1,2,4,0 status=QUOTA_REACHED layouts=1/1 complete=True time=00:00:23
[RETURN id=15858 rank=05319] left=3,4,2,3,0,4,1 status=TIMEOUT layouts=0/1 complete=False time=00:01:00
[RETURN id=15860 rank=05320] left=3,4,2,3,1,0,4 status=TIMEOUT layouts=0/1 complete=False time=00:01:00
[RETURN id=15864 rank=05321] left=3,4,2,3,1,4,0 status=TIMEOUT layouts=0/1 complete=False time=00:01:00
[RETURN id=15930 rank=05337] left=3,4,3,1,0,4,2 status=QUOTA_REACHED layouts=1/1 complete=True time=00:00:36
[RETURN id=15872 rank=05322] left=3,4,2,3,4,0,1 status=TIMEOUT layouts=0/1 complete=False time=00:01:00
[RETURN id=15880 rank=05326] left=3,4,2,4,1,0,3 status=QUOTA_REACHED layouts=1/1 complete=True time=00:00:55
[RETURN id=15970 rank=05346] left=3,4,3,2,4,0,1 status=QUOTA_REACHED layouts=1/1 complete=True time=00:00:16
[RETURN id=15990 rank=05349] left=3,4,3,4,0,2,1 status=QUOTA_REACHED layouts=1/1 complete=True time=00:00:15
[RETURN id=15888 rank=05329] left=3,4,2,4,3,1,0 status=TIMEOUT layouts=0/1 complete=False time=00:01:00
[GLOBAL] [#############---------------] done=1698/3505 (48.45%) covered=1698 layouts=1698 running=14/14 remaining=1807 elapsed=02:08:00 rate=9.68 sig/min ETA=03:06:41
[COVERAGE] selected_mass(global)=47.579% covered_mass(global contribution)=28.477%
[LONGEST] id=15910 rank=5332 left=3,4,3,0,2,1,4 elapsed=00:00:56
[RETURN id=15922 rank=05335] left=3,4,3,0,4,2,1 status=QUOTA_REACHED layouts=1/1 complete=True time=00:00:56
[RETURN id=15910 rank=05332] left=3,4,3,0,2,1,4 status=TIMEOUT layouts=0/1 complete=False time=00:01:00
[RETURN id=15928 rank=05336] left=3,4,3,1,0,2,4 status=TIMEOUT layouts=0/1 complete=False time=00:01:00
[RETURN id=15938 rank=05338] left=3,4,3,1,2,0,4 status=TIMEOUT layouts=0/1 complete=False time=00:01:00
[RETURN id=15956 rank=05343] left=3,4,3,2,0,4,1 status=TIMEOUT layouts=0/1 complete=False time=00:01:00
[RETURN id=15994 rank=05351] left=3,4,3,4,1,2,0 status=QUOTA_REACHED layouts=1/1 complete=True time=00:00:33
[GLOBAL] [#############---------------] done=1700/3505 (48.50%) covered=1700 layouts=1700 running=14/14 remaining=1805 elapsed=02:08:30 rate=9.66 sig/min ETA=03:06:54
[COVERAGE] selected_mass(global)=47.579% covered_mass(global contribution)=28.482%
[LONGEST] id=15958 rank=5344 left=3,4,3,2,1,0,4 elapsed=00:01:01
[RETURN id=15958 rank=05344] left=3,4,3,2,1,0,4 status=TIMEOUT layouts=0/1 complete=False time=00:01:00
[RETURN id=16018 rank=05357] left=3,4,4,0,2,3,1 status=QUOTA_REACHED layouts=1/1 complete=True time=00:00:35
[RETURN id=15962 rank=05345] left=3,4,3,2,1,4,0 status=TIMEOUT layouts=0/1 complete=False time=00:01:00
[RETURN id=16062 rank=05370] left=3,4,4,2,3,0,1 status=QUOTA_REACHED layouts=1/1 complete=True time=00:00:28
[RETURN id=15992 rank=05350] left=3,4,3,4,1,0,2 status=TIMEOUT layouts=0/1 complete=False time=00:01:00
[RETURN id=16012 rank=05355] left=3,4,4,0,1,3,2 status=QUOTA_REACHED layouts=1/1 complete=True time=00:00:53
[RETURN id=16016 rank=05356] left=3,4,4,0,2,1,3 status=QUOTA_REACHED layouts=1/1 complete=True time=00:00:54
[RETURN id=15996 rank=05353] left=3,4,3,4,2,1,0 status=TIMEOUT layouts=0/1 complete=False time=00:01:00
[RETURN id=16046 rank=05365] left=3,4,4,1,3,2,0 status=QUOTA_REACHED layouts=1/1 complete=True time=00:00:41
[RETURN id=16022 rank=05359] left=3,4,4,0,3,2,1 status=TIMEOUT layouts=0/1 complete=False time=00:01:00
[GLOBAL] [#############---------------] done=1705/3505 (48.64%) covered=1705 layouts=1705 running=14/14 remaining=1800 elapsed=02:09:00 rate=9.66 sig/min ETA=03:06:22
[COVERAGE] selected_mass(global)=47.579% covered_mass(global contribution)=28.496%
[LONGEST] id=16032 rank=5361 left=3,4,4,1,0,3,2 elapsed=00:00:56
[RETURN id=16846 rank=05395] left=4,0,1,3,4,2,3 status=QUOTA_REACHED layouts=1/1 complete=True time=00:00:12
[RETURN id=16032 rank=05361] left=3,4,4,1,0,3,2 status=TIMEOUT layouts=0/1 complete=False time=00:01:00
[RETURN id=16044 rank=05364] left=3,4,4,1,3,0,2 status=TIMEOUT layouts=0/1 complete=False time=00:01:00
[RETURN id=16058 rank=05369] left=3,4,4,2,1,3,0 status=TIMEOUT layouts=0/1 complete=False time=00:01:00
[RETURN id=16066 rank=05372] left=3,4,4,3,0,1,2 status=QUOTA_REACHED layouts=1/1 complete=True time=00:00:55
[GLOBAL] [#############---------------] done=1707/3505 (48.70%) covered=1707 layouts=1707 running=14/14 remaining=1798 elapsed=02:09:30 rate=9.64 sig/min ETA=03:06:34
[COVERAGE] selected_mass(global)=47.579% covered_mass(global contribution)=28.502%
[LONGEST] id=16072 rank=5376 left=3,4,4,3,2,0,1 elapsed=00:01:00
[RETURN id=16072 rank=05376] left=3,4,4,3,2,0,1 status=TIMEOUT layouts=0/1 complete=False time=00:01:00
[RETURN id=16550 rank=05386] left=3,5,3,1,3,1,1 status=TIMEOUT layouts=0/1 complete=False time=00:01:00
[RETURN id=16816 rank=05388] left=4,0,1,2,3,3,4 status=TIMEOUT layouts=0/1 complete=False time=00:01:00
[RETURN id=16840 rank=05393] left=4,0,1,3,3,2,4 status=QUOTA_REACHED layouts=1/1 complete=True time=00:00:55
[RETURN id=17086 rank=05416] left=4,0,3,1,4,2,3 status=QUOTA_REACHED layouts=1/1 complete=True time=00:00:26
[RETURN id=16836 rank=05391] left=4,0,1,3,2,3,4 status=TIMEOUT layouts=0/1 complete=False time=00:01:00
[RETURN id=16842 rank=05394] left=4,0,1,3,3,4,2 status=TIMEOUT layouts=0/1 complete=False time=00:01:00
[RETURN id=16974 rank=05403] left=4,0,2,3,1,3,4 status=QUOTA_REACHED layouts=1/1 complete=True time=00:00:42
[RETURN id=16870 rank=05399] left=4,0,1,4,3,3,2 status=QUOTA_REACHED layouts=1/1 complete=True time=00:00:56
[RETURN id=16864 rank=05397] left=4,0,1,4,2,3,3 status=TIMEOUT layouts=0/1 complete=False time=00:01:00
[RETURN id=17132 rank=05426] left=4,0,3,3,2,1,4 status=QUOTA_REACHED layouts=1/1 complete=True time=00:00:13
[RETURN id=16932 rank=05401] left=4,0,2,1,3,4,3 status=TIMEOUT layouts=0/1 complete=False time=00:01:00
[RETURN id=17116 rank=05423] left=4,0,3,2,4,3,1 status=QUOTA_REACHED layouts=1/1 complete=True time=00:00:17
[GLOBAL] [#############---------------] done=1713/3505 (48.87%) covered=1713 layouts=1713 running=14/14 remaining=1792 elapsed=02:10:00 rate=9.65 sig/min ETA=03:05:47
[COVERAGE] selected_mass(global)=47.579% covered_mass(global contribution)=28.518%
[LONGEST] id=16936 rank=5402 left=4,0,2,1,4,3,3 elapsed=00:01:00
[RETURN id=16936 rank=05402] left=4,0,2,1,4,3,3 status=TIMEOUT layouts=0/1 complete=False time=00:01:00
[RETURN id=17080 rank=05414] left=4,0,3,1,3,2,4 status=TIMEOUT layouts=0/1 complete=False time=00:01:00
[RETURN id=17512 rank=05451] left=4,1,0,3,2,3,4 status=QUOTA_REACHED layouts=1/1 complete=True time=00:00:08
[RETURN id=17082 rank=05415] left=4,0,3,1,3,4,2 status=QUOTA_REACHED layouts=1/1 complete=True time=00:00:59
[RETURN id=17156 rank=05430] left=4,0,3,4,1,2,3 status=QUOTA_REACHED layouts=1/1 complete=True time=00:00:30
[RETURN id=17114 rank=05422] left=4,0,3,2,4,1,3 status=QUOTA_REACHED layouts=1/1 complete=True time=00:00:45
[RETURN id=17100 rank=05419] left=4,0,3,2,1,4,3 status=QUOTA_REACHED layouts=1/1 complete=True time=00:00:57
[RETURN id=17546 rank=05459] left=4,1,0,4,3,3,2 status=QUOTA_REACHED layouts=1/1 complete=True time=00:00:16
[GLOBAL] [#############---------------] done=1719/3505 (49.04%) covered=1719 layouts=1719 running=14/14 remaining=1786 elapsed=02:10:30 rate=9.66 sig/min ETA=03:04:59
[COVERAGE] selected_mass(global)=47.579% covered_mass(global contribution)=28.535%
[LONGEST] id=17108 rank=5420 left=4,0,3,2,3,1,4 elapsed=00:00:59
[RETURN id=17108 rank=05420] left=4,0,3,2,3,1,4 status=TIMEOUT layouts=0/1 complete=False time=00:01:00
[RETURN id=17732 rank=05464] left=4,1,2,0,3,3,4 status=QUOTA_REACHED layouts=1/1 complete=True time=00:00:22
[RETURN id=17144 rank=05429] left=4,0,3,3,4,2,1 status=TIMEOUT layouts=0/1 complete=False time=00:01:00
[RETURN id=17234 rank=05437] left=4,0,4,1,3,2,3 status=QUOTA_REACHED layouts=1/1 complete=True time=00:00:58
[RETURN id=17166 rank=05434] left=4,0,3,4,3,1,2 status=QUOTA_REACHED layouts=1/1 complete=True time=00:01:00
[RETURN id=17282 rank=05443] left=4,0,4,3,1,3,2 status=TIMEOUT layouts=0/1 complete=False time=00:01:00
[RETURN id=17288 rank=05445] left=4,0,4,3,2,3,1 status=TIMEOUT layouts=0/1 complete=False time=00:01:00
[RETURN id=17492 rank=05448] left=4,1,0,2,3,3,4 status=TIMEOUT layouts=0/1 complete=False time=00:01:00
[GLOBAL] [#############---------------] done=1722/3505 (49.13%) covered=1722 layouts=1722 running=14/14 remaining=1783 elapsed=02:11:00 rate=9.64 sig/min ETA=03:04:56
[COVERAGE] selected_mass(global)=47.579% covered_mass(global contribution)=28.543%
[LONGEST] id=17518 rank=5454 left=4,1,0,3,3,4,2 elapsed=00:00:59
[RETURN id=17518 rank=05454] left=4,1,0,3,3,4,2 status=TIMEOUT layouts=0/1 complete=False time=00:01:00
[RETURN id=17522 rank=05455] left=4,1,0,3,4,2,3 status=TIMEOUT layouts=0/1 complete=False time=00:01:00
[RETURN id=17540 rank=05457] left=4,1,0,4,2,3,3 status=TIMEOUT layouts=0/1 complete=False time=00:01:00
[RETURN id=17862 rank=05486] left=4,1,2,5,2,1,2 status=QUOTA_REACHED layouts=1/1 complete=True time=00:00:26
[RETURN id=17626 rank=05460] left=4,1,1,2,2,2,5 status=TIMEOUT layouts=0/1 complete=False time=00:01:00
[RETURN id=17946 rank=05499] left=4,1,3,2,4,3,0 status=QUOTA_REACHED layouts=1/1 complete=True time=00:00:09
[RETURN id=17754 rank=05468] left=4,1,2,1,2,5,2 status=QUOTA_REACHED layouts=1/1 complete=True time=00:00:56
[RETURN id=17978 rank=05507] left=4,1,3,4,0,3,2 status=QUOTA_REACHED layouts=1/1 complete=True time=00:00:06
[GLOBAL] [#############---------------] done=1726/3505 (49.24%) covered=1726 layouts=1726 running=14/14 remaining=1779 elapsed=02:11:30 rate=9.63 sig/min ETA=03:04:39
[COVERAGE] selected_mass(global)=47.579% covered_mass(global contribution)=28.554%
[LONGEST] id=17768 rank=5469 left=4,1,2,1,5,2,2 elapsed=00:01:00
[RETURN id=17768 rank=05469] left=4,1,2,1,5,2,2 status=TIMEOUT layouts=0/1 complete=False time=00:01:00
[RETURN id=17774 rank=05470] left=4,1,2,2,1,2,5 status=TIMEOUT layouts=0/1 complete=False time=00:01:00
[RETURN id=17888 rank=05493] left=4,1,3,0,4,3,2 status=QUOTA_REACHED layouts=1/1 complete=True time=00:00:37
[RETURN id=17800 rank=05477] left=4,1,2,3,0,4,3 status=QUOTA_REACHED layouts=1/1 complete=True time=00:00:47
[RETURN id=17782 rank=05473] left=4,1,2,2,2,5,1 status=QUOTA_REACHED layouts=1/1 complete=True time=00:00:53
[RETURN id=17942 rank=05497] left=4,1,3,2,3,4,0 status=QUOTA_REACHED layouts=1/1 complete=True time=00:00:30
[RETURN id=17924 rank=05494] left=4,1,3,2,0,3,4 status=QUOTA_REACHED layouts=1/1 complete=True time=00:00:40
[RETURN id=18020 rank=05512] left=4,1,4,0,2,3,3 status=QUOTA_REACHED layouts=1/1 complete=True time=00:00:11
[RETURN id=17778 rank=05472] left=4,1,2,2,2,1,5 status=TIMEOUT layouts=0/1 complete=False time=00:01:00
[RETURN id=17858 rank=05485] left=4,1,2,5,1,2,2 status=TIMEOUT layouts=0/1 complete=False time=00:01:00
[RETURN id=18092 rank=05518] left=4,1,4,3,0,2,3 status=QUOTA_REACHED layouts=1/1 complete=True time=00:00:14
[RETURN id=17992 rank=05511] left=4,1,3,4,3,2,0 status=QUOTA_REACHED layouts=1/1 complete=True time=00:00:21
[GLOBAL] [#############---------------] done=1734/3505 (49.47%) covered=1734 layouts=1734 running=14/14 remaining=1771 elapsed=02:12:00 rate=9.66 sig/min ETA=03:03:21
[COVERAGE] selected_mass(global)=47.579% covered_mass(global contribution)=28.576%
[LONGEST] id=17938 rank=5496 left=4,1,3,2,3,0,4 elapsed=00:00:58
[RETURN id=18320 rank=05535] left=4,2,0,3,4,1,3 status=QUOTA_REACHED layouts=1/1 complete=True time=00:00:10
[RETURN id=17938 rank=05496] left=4,1,3,2,3,0,4 status=TIMEOUT layouts=0/1 complete=False time=00:01:00
[RETURN id=17986 rank=05508] left=4,1,3,4,2,0,3 status=QUOTA_REACHED layouts=1/1 complete=True time=00:00:49
[RETURN id=18200 rank=05526] left=4,1,5,2,2,1,2 status=QUOTA_REACHED layouts=1/1 complete=True time=00:00:30
[RETURN id=17970 rank=05504] left=4,1,3,3,4,0,2 status=TIMEOUT layouts=0/1 complete=False time=00:01:00
[RETURN id=17972 rank=05505] left=4,1,3,3,4,2,0 status=TIMEOUT layouts=0/1 complete=False time=00:01:00
[RETURN id=18346 rank=05539] left=4,2,0,4,3,3,1 status=QUOTA_REACHED layouts=1/1 complete=True time=00:00:10
[RETURN id=17990 rank=05510] left=4,1,3,4,3,0,2 status=QUOTA_REACHED layouts=1/1 complete=True time=00:00:59
[RETURN id=18322 rank=05536] left=4,2,0,3,4,3,1 status=QUOTA_REACHED layouts=1/1 complete=True time=00:00:35
[GLOBAL] [#############---------------] done=1740/3505 (49.64%) covered=1740 layouts=1740 running=14/14 remaining=1765 elapsed=02:12:30 rate=9.67 sig/min ETA=03:02:34
[COVERAGE] selected_mass(global)=47.579% covered_mass(global contribution)=28.593%
[LONGEST] id=18084 rank=5517 left=4,1,4,2,3,3,0 elapsed=00:00:55
[RETURN id=18084 rank=05517] left=4,1,4,2,3,3,0 status=TIMEOUT layouts=0/1 complete=False time=00:01:00
[RETURN id=18104 rank=05521] left=4,1,4,3,2,3,0 status=QUOTA_REACHED layouts=1/1 complete=True time=00:00:56
[RETURN id=18176 rank=05524] left=4,1,5,1,2,2,2 status=TIMEOUT layouts=0/1 complete=False time=00:01:00
[RETURN id=18196 rank=05525] left=4,1,5,2,1,2,2 status=TIMEOUT layouts=0/1 complete=False time=00:01:00
[RETURN id=18262 rank=05528] left=4,2,0,1,3,3,4 status=TIMEOUT layouts=0/1 complete=False time=00:01:00
[RETURN id=18432 rank=05547] left=4,2,1,2,1,5,2 status=QUOTA_REACHED layouts=1/1 complete=True time=00:00:22
[RETURN id=18406 rank=05543] left=4,2,1,1,2,2,5 status=QUOTA_REACHED layouts=1/1 complete=True time=00:00:31
[RETURN id=18314 rank=05533] left=4,2,0,3,3,1,4 status=TIMEOUT layouts=0/1 complete=False time=00:01:00
[RETURN id=18468 rank=05554] left=4,2,1,3,3,0,4 status=QUOTA_REACHED layouts=1/1 complete=True time=00:00:16
[RETURN id=18388 rank=05541] left=4,2,1,0,3,4,3 status=QUOTA_REACHED layouts=1/1 complete=True time=00:00:36
[RETURN id=18334 rank=05537] left=4,2,0,4,1,3,3 status=QUOTA_REACHED layouts=1/1 complete=True time=00:00:54
[GLOBAL] [#############---------------] done=1746/3505 (49.81%) covered=1746 layouts=1746 running=14/14 remaining=1759 elapsed=02:13:00 rate=9.68 sig/min ETA=03:01:47
[COVERAGE] selected_mass(global)=47.579% covered_mass(global contribution)=28.609%
[LONGEST] id=18344 rank=5538 left=4,2,0,4,3,1,3 elapsed=00:00:57
[RETURN id=18344 rank=05538] left=4,2,0,4,3,1,3 status=TIMEOUT layouts=0/1 complete=False time=00:01:00
[RETURN id=18586 rank=05571] left=4,2,2,2,1,5,1 status=QUOTA_REACHED layouts=1/1 complete=True time=00:00:14
[RETURN id=18562 rank=05567] left=4,2,2,1,2,5,1 status=QUOTA_REACHED layouts=1/1 complete=True time=00:00:21
[RETURN id=18392 rank=05542] left=4,2,1,0,4,3,3 status=QUOTA_REACHED layouts=1/1 complete=True time=00:00:54
[RETURN id=18472 rank=05555] left=4,2,1,3,3,4,0 status=QUOTA_REACHED layouts=1/1 complete=True time=00:00:42
[RETURN id=18670 rank=05576] left=4,2,3,0,1,3,4 status=QUOTA_REACHED layouts=1/1 complete=True time=00:00:16
[RETURN id=18518 rank=05563] left=4,2,1,5,2,2,1 status=QUOTA_REACHED layouts=1/1 complete=True time=00:00:37
[RETURN id=18658 rank=05574] left=4,2,2,5,1,2,1 status=QUOTA_REACHED layouts=1/1 complete=True time=00:00:30
[RETURN id=18450 rank=05550] left=4,2,1,2,5,1,2 status=TIMEOUT layouts=0/1 complete=False time=00:01:00
[RETURN id=18454 rank=05552] left=4,2,1,3,0,3,4 status=TIMEOUT layouts=0/1 complete=False time=00:01:00
[GLOBAL] [##############--------------] done=1753/3505 (50.01%) covered=1753 layouts=1753 running=14/14 remaining=1752 elapsed=02:13:30 rate=9.69 sig/min ETA=03:00:45
[COVERAGE] selected_mass(global)=47.579% covered_mass(global contribution)=28.628%
[LONGEST] id=18476 rank=5557 left=4,2,1,3,4,3,0 elapsed=00:00:50
[RETURN id=18582 rank=05570] left=4,2,2,2,1,1,5 status=QUOTA_REACHED layouts=1/1 complete=True time=00:00:42
[RETURN id=18694 rank=05582] left=4,2,3,1,0,3,4 status=QUOTA_REACHED layouts=1/1 complete=True time=00:00:26
[RETURN id=18476 rank=05557] left=4,2,1,3,4,3,0 status=TIMEOUT layouts=0/1 complete=False time=00:01:00
[RETURN id=18496 rank=05559] left=4,2,1,4,3,0,3 status=TIMEOUT layouts=0/1 complete=False time=00:01:00
[RETURN id=18558 rank=05566] left=4,2,2,1,2,1,5 status=TIMEOUT layouts=0/1 complete=False time=00:01:00
[RETURN id=18764 rank=05593] left=4,2,3,3,4,1,0 status=QUOTA_REACHED layouts=1/1 complete=True time=00:00:25
[RETURN id=18576 rank=05569] left=4,2,2,1,5,2,1 status=TIMEOUT layouts=0/1 complete=False time=00:01:00
[RETURN id=18928 rank=05612] left=4,2,5,1,1,2,2 status=QUOTA_REACHED layouts=1/1 complete=True time=00:00:24
[GLOBAL] [##############--------------] done=1757/3505 (50.13%) covered=1757 layouts=1757 running=14/14 remaining=1748 elapsed=02:14:00 rate=9.69 sig/min ETA=03:00:28
[COVERAGE] selected_mass(global)=47.579% covered_mass(global contribution)=28.639%
[LONGEST] id=18708 rank=5584 left=4,2,3,1,3,0,4 elapsed=00:00:49
[RETURN id=18708 rank=05584] left=4,2,3,1,3,0,4 status=TIMEOUT layouts=0/1 complete=False time=00:01:00
[RETURN id=18712 rank=05585] left=4,2,3,1,3,4,0 status=TIMEOUT layouts=0/1 complete=False time=00:01:00
[RETURN id=18778 rank=05598] left=4,2,3,4,3,0,1 status=QUOTA_REACHED layouts=1/1 complete=True time=00:00:48
[RETURN id=18948 rank=05616] left=4,2,5,2,1,2,1 status=QUOTA_REACHED layouts=1/1 complete=True time=00:00:34
[RETURN id=18716 rank=05587] left=4,2,3,1,4,3,0 status=TIMEOUT layouts=0/1 complete=False time=00:01:00
[RETURN id=18746 rank=05588] left=4,2,3,3,0,1,4 status=TIMEOUT layouts=0/1 complete=False time=00:01:00
[RETURN id=18872 rank=05609] left=4,2,4,3,1,3,0 status=TIMEOUT layouts=0/1 complete=False time=00:01:00
[RETURN id=18820 rank=05603] left=4,2,4,1,0,3,3 status=TIMEOUT layouts=0/1 complete=False time=00:01:00
[GLOBAL] [##############--------------] done=1759/3505 (50.19%) covered=1759 layouts=1759 running=14/14 remaining=1746 elapsed=02:14:30 rate=9.67 sig/min ETA=03:00:39
[COVERAGE] selected_mass(global)=47.579% covered_mass(global contribution)=28.645%
[LONGEST] id=18932 rank=5613 left=4,2,5,1,2,1,2 elapsed=00:00:55
[RETURN id=18932 rank=05613] left=4,2,5,1,2,1,2 status=TIMEOUT layouts=0/1 complete=False time=00:01:00
[RETURN id=19002 rank=05618] left=4,3,0,1,2,3,4 status=TIMEOUT layouts=0/1 complete=False time=00:01:00
[RETURN id=19070 rank=05635] left=4,3,0,3,4,2,1 status=QUOTA_REACHED layouts=1/1 complete=True time=00:00:25
[RETURN id=19006 rank=05620] left=4,3,0,1,3,2,4 status=TIMEOUT layouts=0/1 complete=False time=00:01:00
[RETURN id=19008 rank=05621] left=4,3,0,1,3,4,2 status=TIMEOUT layouts=0/1 complete=False time=00:01:00
[RETURN id=19128 rank=05643] left=4,3,1,0,2,4,3 status=QUOTA_REACHED layouts=1/1 complete=True time=00:00:21
[RETURN id=19174 rank=05648] left=4,3,1,2,0,3,4 status=QUOTA_REACHED layouts=1/1 complete=True time=00:00:08
[RETURN id=19012 rank=05622] left=4,3,0,1,4,2,3 status=TIMEOUT layouts=0/1 complete=False time=00:01:00
[RETURN id=19092 rank=05640] left=4,3,0,4,3,1,2 status=QUOTA_REACHED layouts=1/1 complete=True time=00:00:24
[RETURN id=19026 rank=05625] left=4,3,0,2,1,4,3 status=TIMEOUT layouts=0/1 complete=False time=00:01:00
[GLOBAL] [##############--------------] done=1763/3505 (50.30%) covered=1763 layouts=1763 running=14/14 remaining=1742 elapsed=02:15:00 rate=9.66 sig/min ETA=03:00:21
[COVERAGE] selected_mass(global)=47.579% covered_mass(global contribution)=28.656%
[LONGEST] id=19034 rank=5626 left=4,3,0,2,3,1,4 elapsed=00:00:48
[RETURN id=19222 rank=05659] left=4,3,1,3,4,2,0 status=QUOTA_REACHED layouts=1/1 complete=True time=00:00:12
[RETURN id=19034 rank=05626] left=4,3,0,2,3,1,4 status=QUOTA_REACHED layouts=1/1 complete=True time=00:00:55
[RETURN id=19040 rank=05628] left=4,3,0,2,4,1,3 status=TIMEOUT layouts=0/1 complete=False time=00:01:00
[RETURN id=19042 rank=05629] left=4,3,0,2,4,3,1 status=TIMEOUT layouts=0/1 complete=False time=00:01:00
[RETURN id=19228 rank=05661] left=4,3,1,4,0,3,2 status=QUOTA_REACHED layouts=1/1 complete=True time=00:00:26
[RETURN id=19058 rank=05632] left=4,3,0,3,2,1,4 status=TIMEOUT layouts=0/1 complete=False time=00:01:00
[RETURN id=19082 rank=05636] left=4,3,0,4,1,2,3 status=QUOTA_REACHED layouts=1/1 complete=True time=00:00:56
[RETURN id=19242 rank=05665] left=4,3,1,4,3,2,0 status=QUOTA_REACHED layouts=1/1 complete=True time=00:00:30
[RETURN id=19138 rank=05647] left=4,3,1,0,4,3,2 status=QUOTA_REACHED layouts=1/1 complete=True time=00:00:49
[GLOBAL] [##############--------------] done=1769/3505 (50.47%) covered=1769 layouts=1769 running=14/14 remaining=1736 elapsed=02:15:30 rate=9.67 sig/min ETA=02:59:34
[COVERAGE] selected_mass(global)=47.579% covered_mass(global contribution)=28.672%
[LONGEST] id=19192 rank=5651 left=4,3,1,2,3,4,0 elapsed=00:00:44
[RETURN id=19280 rank=05670] left=4,3,2,0,4,1,3 status=QUOTA_REACHED layouts=1/1 complete=True time=00:00:36
[RETURN id=19358 rank=05682] left=4,3,2,3,4,0,1 status=QUOTA_REACHED layouts=1/1 complete=True time=00:00:19
[RETURN id=19192 rank=05651] left=4,3,1,2,3,4,0 status=TIMEOUT layouts=0/1 complete=False time=00:01:00
[RETURN id=19196 rank=05653] left=4,3,1,2,4,3,0 status=TIMEOUT layouts=0/1 complete=False time=00:01:00
[RETURN id=19308 rank=05676] left=4,3,2,1,4,0,3 status=QUOTA_REACHED layouts=1/1 complete=True time=00:00:30
[RETURN id=19344 rank=05679] left=4,3,2,3,0,4,1 status=QUOTA_REACHED layouts=1/1 complete=True time=00:00:34
[RETURN id=19236 rank=05662] left=4,3,1,4,2,0,3 status=TIMEOUT layouts=0/1 complete=False time=00:01:00
[RETURN id=19240 rank=05664] left=4,3,1,4,3,0,2 status=TIMEOUT layouts=0/1 complete=False time=00:01:00
[RETURN id=19290 rank=05673] left=4,3,2,1,0,4,3 status=QUOTA_REACHED layouts=1/1 complete=True time=00:00:40
[GLOBAL] [##############--------------] done=1774/3505 (50.61%) covered=1774 layouts=1774 running=14/14 remaining=1731 elapsed=02:16:00 rate=9.67 sig/min ETA=02:59:02
[COVERAGE] selected_mass(global)=47.579% covered_mass(global contribution)=28.686%
[LONGEST] id=19266 rank=5667 left=4,3,2,0,1,4,3 elapsed=00:01:00
[RETURN id=19266 rank=05667] left=4,3,2,0,1,4,3 status=TIMEOUT layouts=0/1 complete=False time=00:01:00
[RETURN id=19274 rank=05668] left=4,3,2,0,3,1,4 status=TIMEOUT layouts=0/1 complete=False time=00:01:00
[RETURN id=19350 rank=05681] left=4,3,2,3,1,4,0 status=QUOTA_REACHED layouts=1/1 complete=True time=00:00:51
[RETURN id=19282 rank=05671] left=4,3,2,0,4,3,1 status=TIMEOUT layouts=0/1 complete=False time=00:01:00
[RETURN id=19362 rank=05684] left=4,3,2,4,0,1,3 status=QUOTA_REACHED layouts=1/1 complete=True time=00:00:33
[RETURN id=19346 rank=05680] left=4,3,2,3,1,0,4 status=TIMEOUT layouts=0/1 complete=False time=00:01:00
[RETURN id=19408 rank=05695] left=4,3,3,0,4,2,1 status=QUOTA_REACHED layouts=1/1 complete=True time=00:00:27
[GLOBAL] [##############--------------] done=1777/3505 (50.70%) covered=1777 layouts=1777 running=14/14 remaining=1728 elapsed=02:16:30 rate=9.66 sig/min ETA=02:58:58
[COVERAGE] selected_mass(global)=47.579% covered_mass(global contribution)=28.694%
[LONGEST] id=19364 rank=5685 left=4,3,2,4,0,3,1 elapsed=00:00:45
[RETURN id=19424 rank=05698] left=4,3,3,1,2,0,4 status=QUOTA_REACHED layouts=1/1 complete=True time=00:00:31
[RETURN id=19442 rank=05703] left=4,3,3,2,0,4,1 status=QUOTA_REACHED layouts=1/1 complete=True time=00:00:27
[RETURN id=19456 rank=05706] left=4,3,3,2,4,0,1 status=QUOTA_REACHED layouts=1/1 complete=True time=00:00:19
[RETURN id=19374 rank=05689] left=4,3,2,4,3,1,0 status=QUOTA_REACHED layouts=1/1 complete=True time=00:00:56
[RETURN id=19364 rank=05685] left=4,3,2,4,0,3,1 status=TIMEOUT layouts=0/1 complete=False time=00:01:00
[RETURN id=19366 rank=05686] left=4,3,2,4,1,0,3 status=TIMEOUT layouts=0/1 complete=False time=00:01:00
[RETURN id=19396 rank=05692] left=4,3,3,0,2,1,4 status=TIMEOUT layouts=0/1 complete=False time=00:01:00
[RETURN id=19416 rank=05697] left=4,3,3,1,0,4,2 status=QUOTA_REACHED layouts=1/1 complete=True time=00:00:57
[RETURN id=19428 rank=05699] left=4,3,3,1,2,4,0 status=QUOTA_REACHED layouts=1/1 complete=True time=00:00:52
[RETURN id=19480 rank=05711] left=4,3,3,4,1,2,0 status=QUOTA_REACHED layouts=1/1 complete=True time=00:00:21
[RETURN id=19414 rank=05696] left=4,3,3,1,0,2,4 status=TIMEOUT layouts=0/1 complete=False time=00:01:00
[GLOBAL] [##############--------------] done=1784/3505 (50.90%) covered=1784 layouts=1784 running=14/14 remaining=1721 elapsed=02:17:00 rate=9.67 sig/min ETA=02:57:57
[COVERAGE] selected_mass(global)=47.579% covered_mass(global contribution)=28.714%
[LONGEST] id=19444 rank=5704 left=4,3,3,2,1,0,4 elapsed=00:00:44
[RETURN id=19518 rank=05721] left=4,3,4,1,0,3,2 status=QUOTA_REACHED layouts=1/1 complete=True time=00:00:19
[RETURN id=19530 rank=05724] left=4,3,4,1,3,0,2 status=QUOTA_REACHED layouts=1/1 complete=True time=00:00:16
[RETURN id=19476 rank=05709] left=4,3,3,4,0,2,1 status=QUOTA_REACHED layouts=1/1 complete=True time=00:00:50
[RETURN id=19444 rank=05704] left=4,3,3,2,1,0,4 status=TIMEOUT layouts=0/1 complete=False time=00:01:00
[RETURN id=19448 rank=05705] left=4,3,3,2,1,4,0 status=TIMEOUT layouts=0/1 complete=False time=00:01:00
[RETURN id=19478 rank=05710] left=4,3,3,4,1,0,2 status=TIMEOUT layouts=0/1 complete=False time=00:01:00
[RETURN id=19504 rank=05717] left=4,3,4,0,2,3,1 status=QUOTA_REACHED layouts=1/1 complete=True time=00:00:42
[RETURN id=19552 rank=05732] left=4,3,4,3,0,1,2 status=QUOTA_REACHED layouts=1/1 complete=True time=00:00:18
[RETURN id=19526 rank=05722] left=4,3,4,1,2,0,3 status=QUOTA_REACHED layouts=1/1 complete=True time=00:00:39
[GLOBAL] [##############--------------] done=1790/3505 (51.07%) covered=1790 layouts=1790 running=14/14 remaining=1715 elapsed=02:17:30 rate=9.68 sig/min ETA=02:57:10
[COVERAGE] selected_mass(global)=47.579% covered_mass(global contribution)=28.730%
[LONGEST] id=19498 rank=5715 left=4,3,4,0,1,3,2 elapsed=00:00:58
[RETURN id=19498 rank=05715] left=4,3,4,0,1,3,2 status=TIMEOUT layouts=0/1 complete=False time=00:01:00
[RETURN id=19502 rank=05716] left=4,3,4,0,2,1,3 status=TIMEOUT layouts=0/1 complete=False time=00:01:00
[RETURN id=19508 rank=05719] left=4,3,4,0,3,2,1 status=TIMEOUT layouts=0/1 complete=False time=00:01:00
[RETURN id=19694 rank=05742] left=4,4,0,2,3,1,3 status=QUOTA_REACHED layouts=1/1 complete=True time=00:00:31
[RETURN id=19532 rank=05725] left=4,3,4,1,3,2,0 status=TIMEOUT layouts=0/1 complete=False time=00:01:00
[RETURN id=19660 rank=05738] left=4,4,0,1,2,3,3 status=QUOTA_REACHED layouts=1/1 complete=True time=00:00:44
[RETURN id=19544 rank=05729] left=4,3,4,2,1,3,0 status=TIMEOUT layouts=0/1 complete=False time=00:01:00
[RETURN id=19548 rank=05730] left=4,3,4,2,3,0,1 status=QUOTA_REACHED layouts=1/1 complete=True time=00:01:00
[GLOBAL] [##############--------------] done=1793/3505 (51.16%) covered=1793 layouts=1793 running=14/14 remaining=1712 elapsed=02:18:00 rate=9.67 sig/min ETA=02:57:06
[COVERAGE] selected_mass(global)=47.579% covered_mass(global contribution)=28.739%
[LONGEST] id=19666 rank=5740 left=4,4,0,1,3,3,2 elapsed=00:00:48
[RETURN id=19822 rank=05753] left=4,4,1,2,0,3,3 status=QUOTA_REACHED layouts=1/1 complete=True time=00:00:39
[RETURN id=19666 rank=05740] left=4,4,0,1,3,3,2 status=TIMEOUT layouts=0/1 complete=False time=00:01:00
[RETURN id=20002 rank=05774] left=4,4,3,0,1,2,3 status=QUOTA_REACHED layouts=1/1 complete=True time=00:00:18
[RETURN id=19712 rank=05744] left=4,4,0,3,1,2,3 status=QUOTA_REACHED layouts=1/1 complete=True time=00:00:52
[RETURN id=19860 rank=05760] left=4,4,1,3,3,0,2 status=QUOTA_REACHED layouts=1/1 complete=True time=00:00:29
[RETURN id=19696 rank=05743] left=4,4,0,2,3,3,1 status=TIMEOUT layouts=0/1 complete=False time=00:01:00
[RETURN id=19722 rank=05748] left=4,4,0,3,3,1,2 status=TIMEOUT layouts=0/1 complete=False time=00:01:00
[RETURN id=19780 rank=05751] left=4,4,1,0,3,2,3 status=TIMEOUT layouts=0/1 complete=False time=00:01:00
[GLOBAL] [##############--------------] done=1797/3505 (51.27%) covered=1797 layouts=1797 running=14/14 remaining=1708 elapsed=02:18:30 rate=9.66 sig/min ETA=02:56:48
[COVERAGE] selected_mass(global)=47.579% covered_mass(global contribution)=28.750%
[LONGEST] id=19836 rank=5754 left=4,4,1,2,3,0,3 elapsed=00:00:56
[RETURN id=19862 rank=05761] left=4,4,1,3,3,2,0 status=QUOTA_REACHED layouts=1/1 complete=True time=00:00:39
[RETURN id=19836 rank=05754] left=4,4,1,2,3,0,3 status=TIMEOUT layouts=0/1 complete=False time=00:01:00
[RETURN id=19848 rank=05757] left=4,4,1,3,0,3,2 status=TIMEOUT layouts=0/1 complete=False time=00:01:00
[RETURN id=19920 rank=05765] left=4,4,2,1,0,3,3 status=QUOTA_REACHED layouts=1/1 complete=True time=00:00:46
[RETURN id=20046 rank=05788] left=4,4,3,2,1,0,3 status=QUOTA_REACHED layouts=1/1 complete=True time=00:00:23
[RETURN id=20058 rank=05793] left=4,4,3,3,0,2,1 status=QUOTA_REACHED layouts=1/1 complete=True time=00:00:16
[RETURN id=19856 rank=05758] left=4,4,1,3,2,0,3 status=TIMEOUT layouts=0/1 complete=False time=00:01:00
[RETURN id=19976 rank=05772] left=4,4,2,3,3,0,1 status=TIMEOUT layouts=0/1 complete=False time=00:01:00
[GLOBAL] [##############--------------] done=1801/3505 (51.38%) covered=1801 layouts=1801 running=14/14 remaining=1704 elapsed=02:19:00 rate=9.65 sig/min ETA=02:56:30
[COVERAGE] selected_mass(global)=47.579% covered_mass(global contribution)=28.761%
[LONGEST] id=20012 rank=5778 left=4,4,3,0,3,1,2 elapsed=00:00:51
[RETURN id=20022 rank=05780] left=4,4,3,1,0,2,3 status=QUOTA_REACHED layouts=1/1 complete=True time=00:00:55
[RETURN id=20062 rank=05795] left=4,4,3,3,1,2,0 status=QUOTA_REACHED layouts=1/1 complete=True time=00:00:35
[RETURN id=20448 rank=05806] left=4,5,2,2,1,2,1 status=QUOTA_REACHED layouts=1/1 complete=True time=00:00:28
[RETURN id=20012 rank=05778] left=4,4,3,0,3,1,2 status=TIMEOUT layouts=0/1 complete=False time=00:01:00
[RETURN id=20356 rank=05801] left=4,5,1,2,2,2,1 status=QUOTA_REACHED layouts=1/1 complete=True time=00:00:31
[RETURN id=20034 rank=05783] left=4,4,3,1,2,3,0 status=TIMEOUT layouts=0/1 complete=False time=00:01:00
[RETURN id=20042 rank=05786] left=4,4,3,2,0,1,3 status=TIMEOUT layouts=0/1 complete=False time=00:01:00
[RETURN id=20054 rank=05791] left=4,4,3,2,3,1,0 status=TIMEOUT layouts=0/1 complete=False time=00:01:00
[RETURN id=20060 rank=05794] left=4,4,3,3,1,0,2 status=TIMEOUT layouts=0/1 complete=False time=00:01:00
[GLOBAL] [##############--------------] done=1805/3505 (51.50%) covered=1805 layouts=1805 running=14/14 remaining=1700 elapsed=02:19:30 rate=9.65 sig/min ETA=02:56:11
[COVERAGE] selected_mass(global)=47.579% covered_mass(global contribution)=28.772%
[LONGEST] id=20064 rank=5797 left=4,4,3,3,2,1,0 elapsed=00:00:56
[RETURN id=21538 rank=05808] left=5,1,1,1,3,3,3 status=QUOTA_REACHED layouts=1/1 complete=True time=00:00:47
[RETURN id=20064 rank=05797] left=4,4,3,3,2,1,0 status=TIMEOUT layouts=0/1 complete=False time=00:01:00
[RETURN id=21768 rank=05826] left=5,1,2,4,2,1,2 status=QUOTA_REACHED layouts=1/1 complete=True time=00:00:28
[RETURN id=20432 rank=05803] left=4,5,2,1,2,1,2 status=TIMEOUT layouts=0/1 complete=False time=00:01:00
[RETURN id=21726 rank=05824] left=5,1,2,2,4,2,1 status=QUOTA_REACHED layouts=1/1 complete=True time=00:00:35
[RETURN id=21562 rank=05810] left=5,1,1,2,2,4,2 status=QUOTA_REACHED layouts=1/1 complete=True time=00:00:50
[RETURN id=21560 rank=05809] left=5,1,1,2,2,2,4 status=TIMEOUT layouts=0/1 complete=False time=00:01:00
[GLOBAL] [##############--------------] done=1809/3505 (51.61%) covered=1809 layouts=1809 running=14/14 remaining=1696 elapsed=02:20:00 rate=9.64 sig/min ETA=02:55:53
[COVERAGE] selected_mass(global)=47.579% covered_mass(global contribution)=28.783%
[LONGEST] id=21572 rank=5811 left=5,1,1,2,4,2,2 elapsed=00:00:51
[RETURN id=22424 rank=05852] left=5,2,2,1,2,1,4 status=QUOTA_REACHED layouts=1/1 complete=True time=00:00:13
[RETURN id=21714 rank=05821] left=5,1,2,2,2,1,4 status=TIMEOUT layouts=0/1 complete=False time=00:01:00
[RETURN id=21764 rank=05825] left=5,1,2,4,1,2,2 status=QUOTA_REACHED layouts=1/1 complete=True time=00:00:59
[RETURN id=21572 rank=05811] left=5,1,1,2,4,2,2 status=TIMEOUT layouts=0/1 complete=False time=00:01:00
[RETURN id=21878 rank=05831] left=5,1,3,3,1,1,3 status=TIMEOUT layouts=0/1 complete=False time=00:01:00
[RETURN id=21880 rank=05832] left=5,1,3,3,1,3,1 status=TIMEOUT layouts=0/1 complete=False time=00:01:00
[RETURN id=22306 rank=05842] left=5,2,1,2,1,4,2 status=QUOTA_REACHED layouts=1/1 complete=True time=00:00:39
[RETURN id=21982 rank=05837] left=5,1,4,2,2,2,1 status=TIMEOUT layouts=0/1 complete=False time=00:01:00
[RETURN id=22450 rank=05857] left=5,2,2,2,1,4,1 status=QUOTA_REACHED layouts=1/1 complete=True time=00:00:13
[RETURN id=22282 rank=05839] left=5,2,1,1,2,4,2 status=QUOTA_REACHED layouts=1/1 complete=True time=00:00:52
[RETURN id=22292 rank=05840] left=5,2,1,1,4,2,2 status=QUOTA_REACHED layouts=1/1 complete=True time=00:00:53
[GLOBAL] [##############--------------] done=1815/3505 (51.78%) covered=1815 layouts=1815 running=14/14 remaining=1690 elapsed=02:20:30 rate=9.65 sig/min ETA=02:55:07
[COVERAGE] selected_mass(global)=47.579% covered_mass(global contribution)=28.799%
[LONGEST] id=22280 rank=5838 left=5,2,1,1,2,2,4 elapsed=00:01:00
[RETURN id=22280 rank=05838] left=5,2,1,1,2,2,4 status=TIMEOUT layouts=0/1 complete=False time=00:01:00
[RETURN id=22320 rank=05845] left=5,2,1,2,4,1,2 status=QUOTA_REACHED layouts=1/1 complete=True time=00:00:47
[RETURN id=23482 rank=05881] left=5,4,1,2,2,2,1 status=QUOTA_REACHED layouts=1/1 complete=True time=00:00:11
[RETURN id=23574 rank=05886] left=5,4,2,2,1,2,1 status=QUOTA_REACHED layouts=1/1 complete=True time=00:00:05
[RETURN id=22304 rank=05841] left=5,2,1,2,1,2,4 status=TIMEOUT layouts=0/1 complete=False time=00:01:00
[RETURN id=22364 rank=05849] left=5,2,1,4,2,2,1 status=TIMEOUT layouts=0/1 complete=False time=00:01:00
[RETURN id=22654 rank=05864] left=5,2,4,1,2,2,1 status=QUOTA_REACHED layouts=1/1 complete=True time=00:00:41
[GLOBAL] [##############--------------] done=1819/3505 (51.90%) covered=1819 layouts=1819 running=14/14 remaining=1686 elapsed=02:21:00 rate=9.65 sig/min ETA=02:54:48
[COVERAGE] selected_mass(global)=47.579% covered_mass(global contribution)=28.810%
[LONGEST] id=22436 rank=5855 left=5,2,2,1,4,2,1 elapsed=00:00:59
[RETURN id=22436 rank=05855] left=5,2,2,1,4,2,1 status=TIMEOUT layouts=0/1 complete=False time=00:01:00
[RETURN id=01130 rank=05891] left=0,2,2,3,2,3,5 status=QUOTA_REACHED layouts=1/1 complete=True time=00:00:27
[RETURN id=01230 rank=05901] left=0,2,3,2,2,5,3 status=QUOTA_REACHED layouts=1/1 complete=True time=00:00:06
[RETURN id=22462 rank=05858] left=5,2,2,2,4,1,1 status=TIMEOUT layouts=0/1 complete=False time=00:01:00
[RETURN id=01136 rank=05894] left=0,2,2,3,3,5,2 status=QUOTA_REACHED layouts=1/1 complete=True time=00:00:31
[RETURN id=22668 rank=05865] left=5,2,4,2,1,1,2 status=TIMEOUT layouts=0/1 complete=False time=00:01:00
[RETURN id=22672 rank=05867] left=5,2,4,2,2,1,1 status=TIMEOUT layouts=0/1 complete=False time=00:01:00
[RETURN id=01182 rank=05897] left=0,2,2,5,2,3,3 status=QUOTA_REACHED layouts=1/1 complete=True time=00:00:31
[RETURN id=23162 rank=05876] left=5,3,3,1,3,1,1 status=QUOTA_REACHED layouts=1/1 complete=True time=00:00:57
[RETURN id=22978 rank=05871] left=5,3,1,3,1,1,3 status=TIMEOUT layouts=0/1 complete=False time=00:01:00
[RETURN id=22980 rank=05872] left=5,3,1,3,1,3,1 status=TIMEOUT layouts=0/1 complete=False time=00:01:00
[RETURN id=23554 rank=05882] left=5,4,2,1,1,2,2 status=TIMEOUT layouts=0/1 complete=False time=00:01:00
[GLOBAL] [##############--------------] done=1824/3505 (52.04%) covered=1824 layouts=1824 running=14/14 remaining=1681 elapsed=02:21:30 rate=9.65 sig/min ETA=02:54:16
[COVERAGE] selected_mass(global)=47.579% covered_mass(global contribution)=28.822%
[LONGEST] id=23558 rank=5883 left=5,4,2,1,2,1,2 elapsed=00:00:59
[RETURN id=23558 rank=05883] left=5,4,2,1,2,1,2 status=QUOTA_REACHED layouts=1/1 complete=True time=00:00:58
[RETURN id=01132 rank=05892] left=0,2,2,3,2,5,3 status=TIMEOUT layouts=0/1 complete=False time=00:01:00
[RETURN id=01904 rank=05927] left=0,3,2,5,2,2,3 status=QUOTA_REACHED layouts=1/1 complete=True time=00:00:20
[RETURN id=01188 rank=05899] left=0,2,2,5,3,3,2 status=TIMEOUT layouts=0/1 complete=False time=00:01:00
[RETURN id=01550 rank=05916] left=0,2,5,3,2,3,2 status=QUOTA_REACHED layouts=1/1 complete=True time=00:00:38
[GLOBAL] [##############--------------] done=1827/3505 (52.13%) covered=1827 layouts=1827 running=14/14 remaining=1678 elapsed=02:22:00 rate=9.63 sig/min ETA=02:54:11
[COVERAGE] selected_mass(global)=47.579% covered_mass(global contribution)=28.829%
[LONGEST] id=1228 rank=5900 left=0,2,3,2,2,3,5 elapsed=00:00:58
[RETURN id=01228 rank=05900] left=0,2,3,2,2,3,5 status=TIMEOUT layouts=0/1 complete=False time=00:01:00
[RETURN id=01242 rank=05904] left=0,2,3,2,5,2,3 status=TIMEOUT layouts=0/1 complete=False time=00:01:00
[RETURN id=01234 rank=05903] left=0,2,3,2,3,5,2 status=TIMEOUT layouts=0/1 complete=False time=00:01:00
[RETURN id=01838 rank=05923] left=0,3,2,2,5,3,2 status=QUOTA_REACHED layouts=1/1 complete=True time=00:00:49
[RETURN id=01254 rank=05907] left=0,2,3,3,2,5,2 status=QUOTA_REACHED layouts=1/1 complete=True time=00:01:00
[RETURN id=01310 rank=05910] left=0,2,3,5,2,3,2 status=TIMEOUT layouts=0/1 complete=False time=00:01:00
[RETURN id=01268 rank=05908] left=0,2,3,3,5,2,2 status=TIMEOUT layouts=0/1 complete=False time=00:01:00
[RETURN id=02048 rank=05933] left=0,3,3,5,2,2,2 status=QUOTA_REACHED layouts=1/1 complete=True time=00:00:28
[RETURN id=01520 rank=05912] left=0,2,5,2,2,3,3 status=TIMEOUT layouts=0/1 complete=False time=00:01:00
[RETURN id=01826 rank=05920] left=0,3,2,2,3,2,5 status=TIMEOUT layouts=0/1 complete=False time=00:01:00
[RETURN id=02298 rank=05937] left=0,3,5,3,2,2,2 status=QUOTA_REACHED layouts=1/1 complete=True time=00:00:31
[RETURN id=01846 rank=05924] left=0,3,2,3,2,2,5 status=TIMEOUT layouts=0/1 complete=False time=00:01:00
[GLOBAL] [##############--------------] done=1831/3505 (52.24%) covered=1831 layouts=1831 running=14/14 remaining=1674 elapsed=02:22:30 rate=9.63 sig/min ETA=02:53:52
[COVERAGE] selected_mass(global)=47.579% covered_mass(global contribution)=28.838%
[LONGEST] id=1964 rank=5931 left=0,3,3,2,2,5,2 elapsed=00:00:50
[RETURN id=01964 rank=05931] left=0,3,3,2,2,5,2 status=QUOTA_REACHED layouts=1/1 complete=True time=00:00:50
[RETURN id=03600 rank=05944] left=0,5,3,2,2,2,3 status=QUOTA_REACHED layouts=1/1 complete=True time=00:00:27
[RETURN id=03476 rank=05942] left=0,5,2,3,2,3,2 status=QUOTA_REACHED layouts=1/1 complete=True time=00:00:34
[RETURN id=08282 rank=05948] left=2,0,2,2,3,3,5 status=QUOTA_REACHED layouts=1/1 complete=True time=00:00:36
[RETURN id=08692 rank=05973] left=2,0,5,2,3,2,3 status=QUOTA_REACHED layouts=1/1 complete=True time=00:00:06
[GLOBAL] [##############--------------] done=1836/3505 (52.38%) covered=1836 layouts=1836 running=14/14 remaining=1669 elapsed=02:23:00 rate=9.63 sig/min ETA=02:53:20
[COVERAGE] selected_mass(global)=47.579% covered_mass(global contribution)=28.849%
[LONGEST] id=3446 rank=5938 left=0,5,2,2,2,3,3 elapsed=00:01:00
[RETURN id=03446 rank=05938] left=0,5,2,2,2,3,3 status=TIMEOUT layouts=0/1 complete=False time=00:01:00
[RETURN id=08398 rank=05962] left=2,0,3,2,3,2,5 status=QUOTA_REACHED layouts=1/1 complete=True time=00:00:37
[RETURN id=03452 rank=05940] left=0,5,2,2,3,3,2 status=TIMEOUT layouts=0/1 complete=False time=00:01:00
[RETURN id=03606 rank=05946] left=0,5,3,2,3,2,2 status=TIMEOUT layouts=0/1 complete=False time=00:01:00
[RETURN id=08354 rank=05958] left=2,0,2,5,3,2,3 status=QUOTA_REACHED layouts=1/1 complete=True time=00:00:56
[RETURN id=08300 rank=05953] left=2,0,2,3,3,2,5 status=QUOTA_REACHED layouts=1/1 complete=True time=00:00:59
[RETURN id=08284 rank=05949] left=2,0,2,2,3,5,3 status=TIMEOUT layouts=0/1 complete=False time=00:01:00
[RETURN id=08476 rank=05969] left=2,0,3,5,2,2,3 status=QUOTA_REACHED layouts=1/1 complete=True time=00:00:50
[RETURN id=08410 rank=05965] left=2,0,3,2,5,3,2 status=QUOTA_REACHED layouts=1/1 complete=True time=00:00:56
[RETURN id=08312 rank=05956] left=2,0,2,3,5,3,2 status=TIMEOUT layouts=0/1 complete=False time=00:01:00
[RETURN id=08482 rank=05971] left=2,0,3,5,3,2,2 status=QUOTA_REACHED layouts=1/1 complete=True time=00:00:43
[RETURN id=08418 rank=05966] left=2,0,3,3,2,2,5 status=QUOTA_REACHED layouts=1/1 complete=True time=00:00:59
[GLOBAL] [##############--------------] done=1843/3505 (52.58%) covered=1843 layouts=1843 running=14/14 remaining=1662 elapsed=02:23:30 rate=9.64 sig/min ETA=02:52:20
[COVERAGE] selected_mass(global)=47.579% covered_mass(global contribution)=28.864%
[LONGEST] id=9532 rank=5978 left=2,2,0,2,3,3,5 elapsed=00:00:39
[RETURN id=09534 rank=05979] left=2,2,0,2,3,5,3 status=QUOTA_REACHED layouts=1/1 complete=True time=00:00:53
[RETURN id=09930 rank=06009] left=2,2,3,2,0,5,3 status=QUOTA_REACHED layouts=1/1 complete=True time=00:00:26
[RETURN id=09532 rank=05978] left=2,2,0,2,3,3,5 status=TIMEOUT layouts=0/1 complete=False time=00:01:00
[GLOBAL] [##############--------------] done=1845/3505 (52.64%) covered=1845 layouts=1845 running=14/14 remaining=1660 elapsed=02:24:00 rate=9.62 sig/min ETA=02:52:28
[COVERAGE] selected_mass(global)=47.579% covered_mass(global contribution)=28.869%
[LONGEST] id=9550 rank=5983 left=2,2,0,3,3,2,5 elapsed=00:01:00
[RETURN id=09550 rank=05983] left=2,2,0,3,3,2,5 status=TIMEOUT layouts=0/1 complete=False time=00:01:00
[RETURN id=09562 rank=05986] left=2,2,0,3,5,3,2 status=TIMEOUT layouts=0/1 complete=False time=00:01:00
[RETURN id=09876 rank=06001] left=2,2,2,5,3,3,0 status=QUOTA_REACHED layouts=1/1 complete=True time=00:00:43
[RETURN id=09604 rank=05988] left=2,2,0,5,3,2,3 status=TIMEOUT layouts=0/1 complete=False time=00:01:00
[RETURN id=09754 rank=05992] left=2,2,2,0,5,3,3 status=TIMEOUT layouts=0/1 complete=False time=00:01:00
[RETURN id=09820 rank=05996] left=2,2,2,3,3,5,0 status=TIMEOUT layouts=0/1 complete=False time=00:01:00
[RETURN id=09888 rank=06004] left=2,2,3,0,3,2,5 status=TIMEOUT layouts=0/1 complete=False time=00:01:00
[RETURN id=09900 rank=06007] left=2,2,3,0,5,3,2 status=TIMEOUT layouts=0/1 complete=False time=00:01:00
[RETURN id=09940 rank=06010] left=2,2,3,2,3,0,5 status=TIMEOUT layouts=0/1 complete=False time=00:01:00
[RETURN id=09958 rank=06015] left=2,2,3,3,0,5,2 status=TIMEOUT layouts=0/1 complete=False time=00:01:00
[RETURN id=10022 rank=06024] left=2,2,3,5,3,0,2 status=QUOTA_REACHED layouts=1/1 complete=True time=00:00:33
[GLOBAL] [##############--------------] done=1847/3505 (52.70%) covered=1847 layouts=1847 running=14/14 remaining=1658 elapsed=02:24:30 rate=9.61 sig/min ETA=02:52:37
[COVERAGE] selected_mass(global)=47.579% covered_mass(global contribution)=28.873%
[LONGEST] id=9964 rank=6016 left=2,2,3,3,2,0,5 elapsed=00:01:01
[RETURN id=09964 rank=06016] left=2,2,3,3,2,0,5 status=TIMEOUT layouts=0/1 complete=False time=00:01:00
[RETURN id=10344 rank=06044] left=2,3,0,3,2,2,5 status=QUOTA_REACHED layouts=1/1 complete=True time=00:00:16
[RETURN id=10634 rank=06063] left=2,3,2,3,0,5,2 status=QUOTA_REACHED layouts=1/1 complete=True time=00:00:09
[RETURN id=10182 rank=06027] left=2,2,5,0,3,2,3 status=QUOTA_REACHED layouts=1/1 complete=True time=00:00:38
[RETURN id=10224 rank=06029] left=2,2,5,2,0,3,3 status=QUOTA_REACHED layouts=1/1 complete=True time=00:00:40
[RETURN id=10018 rank=06022] left=2,2,3,5,2,0,3 status=QUOTA_REACHED layouts=1/1 complete=True time=00:00:55
[RETURN id=10010 rank=06021] left=2,2,3,5,0,3,2 status=TIMEOUT layouts=0/1 complete=False time=00:01:00
[RETURN id=10630 rank=06061] left=2,3,2,2,5,3,0 status=QUOTA_REACHED layouts=1/1 complete=True time=00:00:23
[GLOBAL] [##############--------------] done=1853/3505 (52.87%) covered=1853 layouts=1853 running=14/14 remaining=1652 elapsed=02:25:00 rate=9.61 sig/min ETA=02:51:50
[COVERAGE] selected_mass(global)=47.579% covered_mass(global contribution)=28.886%
[LONGEST] id=10262 rank=6036 left=2,2,5,3,3,0,2 elapsed=00:00:57
[RETURN id=10262 rank=06036] left=2,2,5,3,3,0,2 status=TIMEOUT layouts=0/1 complete=False time=00:01:00
[RETURN id=10324 rank=06040] left=2,3,0,2,3,2,5 status=TIMEOUT layouts=0/1 complete=False time=00:01:00
[RETURN id=10576 rank=06055] left=2,3,2,0,5,3,2 status=QUOTA_REACHED layouts=1/1 complete=True time=00:00:51
[RETURN id=10336 rank=06043] left=2,3,0,2,5,3,2 status=TIMEOUT layouts=0/1 complete=False time=00:01:00
[RETURN id=10726 rank=06076] left=2,3,3,0,5,2,2 status=QUOTA_REACHED layouts=1/1 complete=True time=00:00:35
[RETURN id=10402 rank=06047] left=2,3,0,5,2,2,3 status=TIMEOUT layouts=0/1 complete=False time=00:01:00
[RETURN id=10606 rank=06057] left=2,3,2,2,0,5,3 status=TIMEOUT layouts=0/1 complete=False time=00:01:00
[RETURN id=10616 rank=06058] left=2,3,2,2,3,0,5 status=TIMEOUT layouts=0/1 complete=False time=00:01:00
[RETURN id=10838 rank=06084] left=2,3,3,5,2,0,2 status=QUOTA_REACHED layouts=1/1 complete=True time=00:00:22
[GLOBAL] [##############--------------] done=1856/3505 (52.95%) covered=1856 layouts=1856 running=14/14 remaining=1649 elapsed=02:25:30 rate=9.60 sig/min ETA=02:51:45
[COVERAGE] selected_mass(global)=47.579% covered_mass(global contribution)=28.893%
[LONGEST] id=10640 rank=6064 left=2,3,2,3,2,0,5 elapsed=00:00:54
[RETURN id=10770 rank=06080] left=2,3,3,2,2,5,0 status=QUOTA_REACHED layouts=1/1 complete=True time=00:00:42
[RETURN id=10640 rank=06064] left=2,3,2,3,2,0,5 status=TIMEOUT layouts=0/1 complete=False time=00:01:00
[RETURN id=10980 rank=06086] left=2,3,5,0,2,2,3 status=QUOTA_REACHED layouts=1/1 complete=True time=00:00:24
[RETURN id=10700 rank=06073] left=2,3,2,5,3,2,0 status=TIMEOUT layouts=0/1 complete=False time=00:01:00
[RETURN id=10694 rank=06070] left=2,3,2,5,2,0,3 status=TIMEOUT layouts=0/1 complete=False time=00:01:00
[RETURN id=10712 rank=06075] left=2,3,3,0,2,5,2 status=TIMEOUT layouts=0/1 complete=False time=00:01:00
[RETURN id=11868 rank=06099] left=2,5,0,2,3,2,3 status=QUOTA_REACHED layouts=1/1 complete=True time=00:00:14
[RETURN id=10756 rank=06077] left=2,3,3,2,0,2,5 status=TIMEOUT layouts=0/1 complete=False time=00:01:00
[GLOBAL] [##############--------------] done=1859/3505 (53.04%) covered=1859 layouts=1859 running=14/14 remaining=1646 elapsed=02:26:00 rate=9.59 sig/min ETA=02:51:39
[COVERAGE] selected_mass(global)=47.579% covered_mass(global contribution)=28.899%
[LONGEST] id=10780 rank=6081 left=2,3,3,2,5,0,2 elapsed=00:00:57
[RETURN id=11044 rank=06095] left=2,3,5,3,0,2,2 status=QUOTA_REACHED layouts=1/1 complete=True time=00:00:33
[RETURN id=10780 rank=06081] left=2,3,3,2,5,0,2 status=QUOTA_REACHED layouts=1/1 complete=True time=00:01:00
[RETURN id=12176 rank=06111] left=2,5,2,3,0,3,2 status=QUOTA_REACHED layouts=1/1 complete=True time=00:00:28
[RETURN id=10986 rank=06088] left=2,3,5,0,3,2,2 status=TIMEOUT layouts=0/1 complete=False time=00:01:00
[RETURN id=11024 rank=06090] left=2,3,5,2,0,3,2 status=QUOTA_REACHED layouts=1/1 complete=True time=00:00:56
[RETURN id=11032 rank=06091] left=2,3,5,2,2,0,3 status=TIMEOUT layouts=0/1 complete=False time=00:01:00
[RETURN id=11038 rank=06094] left=2,3,5,2,3,2,0 status=QUOTA_REACHED layouts=1/1 complete=True time=00:00:56
[RETURN id=11036 rank=06093] left=2,3,5,2,3,0,2 status=TIMEOUT layouts=0/1 complete=False time=00:01:00
[GLOBAL] [##############--------------] done=1864/3505 (53.18%) covered=1864 layouts=1864 running=14/14 remaining=1641 elapsed=02:26:30 rate=9.59 sig/min ETA=02:51:07
[COVERAGE] selected_mass(global)=47.579% covered_mass(global contribution)=28.910%
[LONGEST] id=11898 rank=6103 left=2,5,0,3,3,2,2 elapsed=00:00:53
[RETURN id=12188 rank=06114] left=2,5,2,3,3,0,2 status=QUOTA_REACHED layouts=1/1 complete=True time=00:00:45
[RETURN id=11898 rank=06103] left=2,5,0,3,3,2,2 status=TIMEOUT layouts=0/1 complete=False time=00:01:00
[RETURN id=12108 rank=06105] left=2,5,2,0,3,2,3 status=TIMEOUT layouts=0/1 complete=False time=00:01:00
[RETURN id=12150 rank=06107] left=2,5,2,2,0,3,3 status=TIMEOUT layouts=0/1 complete=False time=00:01:00
[RETURN id=12164 rank=06108] left=2,5,2,2,3,0,3 status=TIMEOUT layouts=0/1 complete=False time=00:01:00
[RETURN id=12190 rank=06115] left=2,5,2,3,3,2,0 status=TIMEOUT layouts=0/1 complete=False time=00:01:00
[RETURN id=12686 rank=06133] left=3,0,2,2,5,3,2 status=QUOTA_REACHED layouts=1/1 complete=True time=00:00:31
[GLOBAL] [##############--------------] done=1866/3505 (53.24%) covered=1866 layouts=1866 running=14/14 remaining=1639 elapsed=02:27:00 rate=9.57 sig/min ETA=02:51:14
[COVERAGE] selected_mass(global)=47.579% covered_mass(global contribution)=28.915%
[LONGEST] id=12230 rank=6116 left=2,5,3,0,2,2,3 elapsed=00:00:57
[RETURN id=12230 rank=06116] left=2,5,3,0,2,2,3 status=TIMEOUT layouts=0/1 complete=False time=00:01:00
[RETURN id=12236 rank=06118] left=2,5,3,0,3,2,2 status=TIMEOUT layouts=0/1 complete=False time=00:01:00
[RETURN id=13118 rank=06145] left=3,0,5,2,2,3,2 status=QUOTA_REACHED layouts=1/1 complete=True time=00:00:17
[RETURN id=12694 rank=06134] left=3,0,2,3,2,2,5 status=QUOTA_REACHED layouts=1/1 complete=True time=00:00:38
[RETURN id=12274 rank=06120] left=2,5,3,2,0,3,2 status=TIMEOUT layouts=0/1 complete=False time=00:01:00
[RETURN id=12286 rank=06123] left=2,5,3,2,3,0,2 status=TIMEOUT layouts=0/1 complete=False time=00:01:00
[RETURN id=14002 rank=06148] left=3,2,0,2,2,3,5 status=QUOTA_REACHED layouts=1/1 complete=True time=00:00:13
[RETURN id=12288 rank=06124] left=2,5,3,2,3,2,0 status=TIMEOUT layouts=0/1 complete=False time=00:01:00
[RETURN id=14008 rank=06151] left=3,2,0,2,3,5,2 status=QUOTA_REACHED layouts=1/1 complete=True time=00:00:14
[RETURN id=12826 rank=06142] left=3,0,3,2,5,2,2 status=QUOTA_REACHED layouts=1/1 complete=True time=00:00:40
[RETURN id=12294 rank=06125] left=2,5,3,3,0,2,2 status=TIMEOUT layouts=0/1 complete=False time=00:01:00
[RETURN id=12674 rank=06130] left=3,0,2,2,3,2,5 status=TIMEOUT layouts=0/1 complete=False time=00:01:00
[RETURN id=14028 rank=06155] left=3,2,0,3,2,5,2 status=QUOTA_REACHED layouts=1/1 complete=True time=00:00:15
[GLOBAL] [##############--------------] done=1872/3505 (53.41%) covered=1872 layouts=1872 running=14/14 remaining=1633 elapsed=02:27:30 rate=9.58 sig/min ETA=02:50:28
[COVERAGE] selected_mass(global)=47.579% covered_mass(global contribution)=28.928%
[LONGEST] id=12752 rank=6137 left=3,0,2,5,2,2,3 elapsed=00:00:51
[RETURN id=12752 rank=06137] left=3,0,2,5,2,2,3 status=TIMEOUT layouts=0/1 complete=False time=00:01:00
[RETURN id=12758 rank=06139] left=3,0,2,5,3,2,2 status=TIMEOUT layouts=0/1 complete=False time=00:01:00
[RETURN id=12896 rank=06143] left=3,0,3,5,2,2,2 status=TIMEOUT layouts=0/1 complete=False time=00:01:00
[RETURN id=14016 rank=06152] left=3,2,0,2,5,2,3 status=QUOTA_REACHED layouts=1/1 complete=True time=00:00:37
[RETURN id=14366 rank=06178] left=3,2,2,5,0,2,3 status=QUOTA_REACHED layouts=1/1 complete=True time=00:00:07
[RETURN id=14336 rank=06176] left=3,2,2,3,5,0,2 status=QUOTA_REACHED layouts=1/1 complete=True time=00:00:14
[RETURN id=13146 rank=06147] left=3,0,5,3,2,2,2 status=TIMEOUT layouts=0/1 complete=False time=00:01:00
[GLOBAL] [##############--------------] done=1875/3505 (53.50%) covered=1875 layouts=1875 running=14/14 remaining=1630 elapsed=02:28:00 rate=9.57 sig/min ETA=02:50:22
[COVERAGE] selected_mass(global)=47.579% covered_mass(global contribution)=28.935%
[LONGEST] id=14004 rank=6149 left=3,2,0,2,2,5,3 elapsed=00:00:55
[RETURN id=14004 rank=06149] left=3,2,0,2,2,5,3 status=TIMEOUT layouts=0/1 complete=False time=00:01:00
[RETURN id=14446 rank=06189] left=3,2,3,2,2,0,5 status=QUOTA_REACHED layouts=1/1 complete=True time=00:00:06
[RETURN id=14042 rank=06156] left=3,2,0,3,5,2,2 status=TIMEOUT layouts=0/1 complete=False time=00:01:00
[RETURN id=14084 rank=06158] left=3,2,0,5,2,3,2 status=TIMEOUT layouts=0/1 complete=False time=00:01:00
[RETURN id=14244 rank=06161] left=3,2,2,0,2,5,3 status=TIMEOUT layouts=0/1 complete=False time=00:01:00
[RETURN id=14242 rank=06160] left=3,2,2,0,2,3,5 status=TIMEOUT layouts=0/1 complete=False time=00:01:00
[RETURN id=14248 rank=06163] left=3,2,2,0,3,5,2 status=TIMEOUT layouts=0/1 complete=False time=00:01:00
[RETURN id=14302 rank=06169] left=3,2,2,2,3,5,0 status=TIMEOUT layouts=0/1 complete=False time=00:01:00
[RETURN id=14308 rank=06170] left=3,2,2,2,5,0,3 status=TIMEOUT layouts=0/1 complete=False time=00:01:00
[RETURN id=14312 rank=06172] left=3,2,2,3,0,2,5 status=TIMEOUT layouts=0/1 complete=False time=00:01:00
[GLOBAL] [##############--------------] done=1876/3505 (53.52%) covered=1876 layouts=1876 running=14/14 remaining=1629 elapsed=02:28:30 rate=9.54 sig/min ETA=02:50:43
[COVERAGE] selected_mass(global)=47.579% covered_mass(global contribution)=28.937%
[LONGEST] id=14326 rank=6175 left=3,2,2,3,2,5,0 elapsed=00:00:50
[RETURN id=14716 rank=06202] left=3,2,5,2,2,3,0 status=QUOTA_REACHED layouts=1/1 complete=True time=00:00:15
[RETURN id=14326 rank=06175] left=3,2,2,3,2,5,0 status=TIMEOUT layouts=0/1 complete=False time=00:01:00
[RETURN id=14812 rank=06210] left=3,3,0,2,5,2,2 status=QUOTA_REACHED layouts=1/1 complete=True time=00:00:20
[RETURN id=14662 rank=06197] left=3,2,5,0,2,3,2 status=QUOTA_REACHED layouts=1/1 complete=True time=00:00:39
[RETURN id=14390 rank=06184] left=3,2,3,0,2,2,5 status=QUOTA_REACHED layouts=1/1 complete=True time=00:00:58
[RETURN id=14378 rank=06181] left=3,2,2,5,2,3,0 status=TIMEOUT layouts=0/1 complete=False time=00:01:00
[RETURN id=14440 rank=06188] left=3,2,3,2,0,5,2 status=QUOTA_REACHED layouts=1/1 complete=True time=00:00:55
[RETURN id=15174 rank=06222] left=3,3,2,5,2,0,2 status=QUOTA_REACHED layouts=1/1 complete=True time=00:00:17
[GLOBAL] [###############-------------] done=1882/3505 (53.69%) covered=1882 layouts=1882 running=14/14 remaining=1623 elapsed=02:29:00 rate=9.55 sig/min ETA=02:49:57
[COVERAGE] selected_mass(global)=47.579% covered_mass(global contribution)=28.950%
[LONGEST] id=14704 rank=6199 left=3,2,5,2,0,2,3 elapsed=00:00:53
[RETURN id=14882 rank=06211] left=3,3,0,5,2,2,2 status=QUOTA_REACHED layouts=1/1 complete=True time=00:00:40
[RETURN id=14704 rank=06199] left=3,2,5,2,0,2,3 status=TIMEOUT layouts=0/1 complete=False time=00:01:00
[RETURN id=15062 rank=06214] left=3,3,2,0,5,2,2 status=QUOTA_REACHED layouts=1/1 complete=True time=00:00:54
[RETURN id=14734 rank=06207] left=3,2,5,3,2,2,0 status=TIMEOUT layouts=0/1 complete=False time=00:01:00
[RETURN id=14798 rank=06209] left=3,3,0,2,2,5,2 status=TIMEOUT layouts=0/1 complete=False time=00:01:00
[RETURN id=15048 rank=06213] left=3,3,2,0,2,5,2 status=QUOTA_REACHED layouts=1/1 complete=True time=00:00:56
[RETURN id=15092 rank=06215] left=3,3,2,2,0,2,5 status=TIMEOUT layouts=0/1 complete=False time=00:01:00
[GLOBAL] [###############-------------] done=1885/3505 (53.78%) covered=1885 layouts=1885 running=14/14 remaining=1620 elapsed=02:29:30 rate=9.54 sig/min ETA=02:49:50
[COVERAGE] selected_mass(global)=47.579% covered_mass(global contribution)=28.957%
[LONGEST] id=15118 rank=6220 left=3,3,2,2,5,2,0 elapsed=00:00:55
[RETURN id=16422 rank=06234] left=3,5,2,0,3,2,2 status=QUOTA_REACHED layouts=1/1 complete=True time=00:00:29
[RETURN id=15118 rank=06220] left=3,3,2,2,5,2,0 status=TIMEOUT layouts=0/1 complete=False time=00:01:00
[RETURN id=16566 rank=06247] left=3,5,3,2,2,2,0 status=QUOTA_REACHED layouts=1/1 complete=True time=00:00:09
[RETURN id=15422 rank=06224] left=3,3,5,0,2,2,2 status=TIMEOUT layouts=0/1 complete=False time=00:01:00
[RETURN id=15464 rank=06226] left=3,3,5,2,2,0,2 status=TIMEOUT layouts=0/1 complete=False time=00:01:00
[RETURN id=16564 rank=06246] left=3,5,3,2,2,0,2 status=QUOTA_REACHED layouts=1/1 complete=True time=00:00:19
[RETURN id=15466 rank=06227] left=3,3,5,2,2,2,0 status=TIMEOUT layouts=0/1 complete=False time=00:01:00
[RETURN id=16204 rank=06229] left=3,5,0,2,2,3,2 status=TIMEOUT layouts=0/1 complete=False time=00:01:00
[RETURN id=16522 rank=06244] left=3,5,3,0,2,2,2 status=QUOTA_REACHED layouts=1/1 complete=True time=00:00:28
[RETURN id=16232 rank=06231] left=3,5,0,3,2,2,2 status=TIMEOUT layouts=0/1 complete=False time=00:01:00
[RETURN id=22162 rank=06260] left=5,2,0,2,3,3,2 status=QUOTA_REACHED layouts=1/1 complete=True time=00:00:04
[RETURN id=16460 rank=06236] left=3,5,2,2,0,3,2 status=QUOTA_REACHED layouts=1/1 complete=True time=00:00:49
[RETURN id=16416 rank=06232] left=3,5,2,0,2,2,3 status=TIMEOUT layouts=0/1 complete=False time=00:01:00
[GLOBAL] [###############-------------] done=1891/3505 (53.95%) covered=1891 layouts=1891 running=14/14 remaining=1614 elapsed=02:30:00 rate=9.55 sig/min ETA=02:49:04
[COVERAGE] selected_mass(global)=47.579% covered_mass(global contribution)=28.970%
[LONGEST] id=16468 rank=6237 left=3,5,2,2,2,0,3 elapsed=00:00:39
[RETURN id=20936 rank=06252] left=5,0,2,3,2,3,2 status=QUOTA_REACHED layouts=1/1 complete=True time=00:00:20
[RETURN id=22468 rank=06270] left=5,2,2,3,0,2,3 status=QUOTA_REACHED layouts=1/1 complete=True time=00:00:11
[RETURN id=22480 rank=06273] left=5,2,2,3,2,3,0 status=QUOTA_REACHED layouts=1/1 complete=True time=00:00:12
[RETURN id=20906 rank=06248] left=5,0,2,2,2,3,3 status=QUOTA_REACHED layouts=1/1 complete=True time=00:00:35
[RETURN id=22460 rank=06269] left=5,2,2,2,3,3,0 status=QUOTA_REACHED layouts=1/1 complete=True time=00:00:21
[RETURN id=16468 rank=06237] left=3,5,2,2,2,0,3 status=TIMEOUT layouts=0/1 complete=False time=00:01:00
[RETURN id=16474 rank=06240] left=3,5,2,2,3,2,0 status=TIMEOUT layouts=0/1 complete=False time=00:01:00
[RETURN id=16472 rank=06239] left=3,5,2,2,3,0,2 status=TIMEOUT layouts=0/1 complete=False time=00:01:00
[RETURN id=22594 rank=06286] left=5,2,3,3,2,0,2 status=QUOTA_REACHED layouts=1/1 complete=True time=00:00:18
[GLOBAL] [###############-------------] done=1897/3505 (54.12%) covered=1897 layouts=1897 running=14/14 remaining=1608 elapsed=02:30:30 rate=9.55 sig/min ETA=02:48:18
[COVERAGE] selected_mass(global)=47.579% covered_mass(global contribution)=28.983%
[LONGEST] id=21060 rank=6254 left=5,0,3,2,2,2,3 elapsed=00:00:46
[RETURN id=23034 rank=06294] left=5,3,2,0,3,2,2 status=QUOTA_REACHED layouts=1/1 complete=True time=00:00:14
[RETURN id=23028 rank=06292] left=5,3,2,0,2,2,3 status=QUOTA_REACHED layouts=1/1 complete=True time=00:00:26
[RETURN id=21060 rank=06254] left=5,0,3,2,2,2,3 status=TIMEOUT layouts=0/1 complete=False time=00:01:00
[RETURN id=21066 rank=06256] left=5,0,3,2,3,2,2 status=TIMEOUT layouts=0/1 complete=False time=00:01:00
[RETURN id=22156 rank=06258] left=5,2,0,2,2,3,3 status=TIMEOUT layouts=0/1 complete=False time=00:01:00
[RETURN id=22396 rank=06264] left=5,2,2,0,2,3,3 status=TIMEOUT layouts=0/1 complete=False time=00:01:00
[RETURN id=22402 rank=06266] left=5,2,2,0,3,3,2 status=TIMEOUT layouts=0/1 complete=False time=00:01:00
[RETURN id=00524 rank=06308] left=0,1,2,2,4,4,4 status=QUOTA_REACHED layouts=1/1 complete=True time=00:00:05
[RETURN id=23086 rank=06300] left=5,3,2,2,3,2,0 status=QUOTA_REACHED layouts=1/1 complete=True time=00:00:34
[GLOBAL] [###############-------------] done=1901/3505 (54.24%) covered=1901 layouts=1901 running=14/14 remaining=1604 elapsed=02:31:00 rate=9.55 sig/min ETA=02:47:58
[COVERAGE] selected_mass(global)=47.579% covered_mass(global contribution)=28.991%
[LONGEST] id=22524 rank=6277 left=5,2,3,0,2,3,2 elapsed=00:01:00
[RETURN id=00558 rank=06311] left=0,1,2,4,4,4,2 status=QUOTA_REACHED layouts=1/1 complete=True time=00:00:08
[RETURN id=22524 rank=06277] left=5,2,3,0,2,3,2 status=TIMEOUT layouts=0/1 complete=False time=00:01:00
[RETURN id=22578 rank=06282] left=5,2,3,2,2,3,0 status=TIMEOUT layouts=0/1 complete=False time=00:01:00
[RETURN id=23072 rank=06296] left=5,3,2,2,0,3,2 status=QUOTA_REACHED layouts=1/1 complete=True time=00:00:42
[RETURN id=00786 rank=06317] left=0,1,4,4,4,2,2 status=QUOTA_REACHED layouts=1/1 complete=True time=00:00:09
[RETURN id=22816 rank=06289] left=5,3,0,2,2,3,2 status=TIMEOUT layouts=0/1 complete=False time=00:01:00
[RETURN id=22844 rank=06291] left=5,3,0,3,2,2,2 status=TIMEOUT layouts=0/1 complete=False time=00:01:00
[RETURN id=01344 rank=06326] left=0,2,4,1,2,4,4 status=QUOTA_REACHED layouts=1/1 complete=True time=00:00:12
[RETURN id=23080 rank=06297] left=5,3,2,2,2,0,3 status=TIMEOUT layouts=0/1 complete=False time=00:01:00
[RETURN id=01364 rank=06329] left=0,2,4,2,1,4,4 status=QUOTA_REACHED layouts=1/1 complete=True time=00:00:19
[GLOBAL] [###############-------------] done=1906/3505 (54.38%) covered=1906 layouts=1906 running=14/14 remaining=1599 elapsed=02:31:30 rate=9.55 sig/min ETA=02:47:25
[COVERAGE] selected_mass(global)=47.579% covered_mass(global contribution)=28.999%
[LONGEST] id=23092 rank=6301 left=5,3,2,3,0,2,2 elapsed=00:00:53
[RETURN id=01434 rank=06336] left=0,2,4,4,4,1,2 status=QUOTA_REACHED layouts=1/1 complete=True time=00:00:18
[RETURN id=00774 rank=06315] left=0,1,4,4,2,2,4 status=QUOTA_REACHED layouts=1/1 complete=True time=00:00:36
[RETURN id=01106 rank=06322] left=0,2,2,1,4,4,4 status=QUOTA_REACHED layouts=1/1 complete=True time=00:00:32
[RETURN id=01166 rank=06325] left=0,2,2,4,4,4,1 status=QUOTA_REACHED layouts=1/1 complete=True time=00:00:35
[RETURN id=02594 rank=06344] left=0,4,2,1,2,4,4 status=QUOTA_REACHED layouts=1/1 complete=True time=00:00:14
[RETURN id=23092 rank=06301] left=5,3,2,3,0,2,2 status=TIMEOUT layouts=0/1 complete=False time=00:01:00
[RETURN id=23134 rank=06304] left=5,3,3,0,2,2,2 status=TIMEOUT layouts=0/1 complete=False time=00:01:00
[RETURN id=23178 rank=06307] left=5,3,3,2,2,2,0 status=QUOTA_REACHED layouts=1/1 complete=True time=00:00:52
[RETURN id=23176 rank=06306] left=5,3,3,2,2,0,2 status=TIMEOUT layouts=0/1 complete=False time=00:01:00
[RETURN id=02906 rank=06358] left=0,4,4,1,4,2,2 status=QUOTA_REACHED layouts=1/1 complete=True time=00:00:10
[RETURN id=00556 rank=06310] left=0,1,2,4,4,2,4 status=TIMEOUT layouts=0/1 complete=False time=00:01:00
[RETURN id=01420 rank=06333] left=0,2,4,4,1,4,2 status=QUOTA_REACHED layouts=1/1 complete=True time=00:00:45
[GLOBAL] [###############-------------] done=1914/3505 (54.61%) covered=1914 layouts=1914 running=14/14 remaining=1591 elapsed=02:32:00 rate=9.57 sig/min ETA=02:46:13
[COVERAGE] selected_mass(global)=47.579% covered_mass(global contribution)=29.011%
[LONGEST] id=1376 rank=6330 left=0,2,4,2,4,1,4 elapsed=00:00:51
[RETURN id=01376 rank=06330] left=0,2,4,2,4,1,4 status=TIMEOUT layouts=0/1 complete=False time=00:01:00
[RETURN id=02670 rank=06351] left=0,4,2,4,1,4,2 status=QUOTA_REACHED layouts=1/1 complete=True time=00:00:39
[RETURN id=02896 rank=06357] left=0,4,4,1,2,4,2 status=QUOTA_REACHED layouts=1/1 complete=True time=00:00:36
[RETURN id=02488 rank=06340] left=0,4,1,2,4,4,2 status=TIMEOUT layouts=0/1 complete=False time=00:01:00
[RETURN id=04210 rank=06372] left=1,0,4,2,2,4,4 status=QUOTA_REACHED layouts=1/1 complete=True time=00:00:06
[RETURN id=02614 rank=06347] left=0,4,2,2,1,4,4 status=TIMEOUT layouts=0/1 complete=False time=00:01:00
[GLOBAL] [###############-------------] done=1917/3505 (54.69%) covered=1917 layouts=1917 running=14/14 remaining=1588 elapsed=02:32:30 rate=9.56 sig/min ETA=02:46:06
[COVERAGE] selected_mass(global)=47.579% covered_mass(global contribution)=29.015%
[LONGEST] id=2668 rank=6350 left=0,4,2,4,1,2,4 elapsed=00:00:58
[RETURN id=02668 rank=06350] left=0,4,2,4,1,2,4 status=TIMEOUT layouts=0/1 complete=False time=00:01:00
[RETURN id=04272 rank=06377] left=1,0,4,4,4,2,2 status=QUOTA_REACHED layouts=1/1 complete=True time=00:00:17
[RETURN id=02676 rank=06353] left=0,4,2,4,2,4,1 status=TIMEOUT layouts=0/1 complete=False time=00:01:00
[RETURN id=02684 rank=06354] left=0,4,2,4,4,1,2 status=TIMEOUT layouts=0/1 complete=False time=00:01:00
[RETURN id=02894 rank=06356] left=0,4,4,1,2,2,4 status=TIMEOUT layouts=0/1 complete=False time=00:01:00
[RETURN id=04262 rank=06376] left=1,0,4,4,2,4,2 status=QUOTA_REACHED layouts=1/1 complete=True time=00:00:23
[RETURN id=04512 rank=06378] left=1,1,1,2,3,4,5 status=QUOTA_REACHED layouts=1/1 complete=True time=00:00:21
[RETURN id=02918 rank=06359] left=0,4,4,2,1,2,4 status=TIMEOUT layouts=0/1 complete=False time=00:01:00
[RETURN id=02920 rank=06360] left=0,4,4,2,1,4,2 status=TIMEOUT layouts=0/1 complete=False time=00:01:00
[RETURN id=02926 rank=06362] left=0,4,4,2,2,4,1 status=TIMEOUT layouts=0/1 complete=False time=00:01:00
[RETURN id=02934 rank=06363] left=0,4,4,2,4,1,2 status=TIMEOUT layouts=0/1 complete=False time=00:01:00
[RETURN id=04514 rank=06380] left=1,1,1,2,4,3,5 status=QUOTA_REACHED layouts=1/1 complete=True time=00:00:31
[RETURN id=04010 rank=06368] left=1,0,2,2,4,4,4 status=TIMEOUT layouts=0/1 complete=False time=00:01:00
[GLOBAL] [###############-------------] done=1921/3505 (54.81%) covered=1921 layouts=1921 running=14/14 remaining=1584 elapsed=02:33:00 rate=9.56 sig/min ETA=02:45:46
[COVERAGE] selected_mass(global)=47.579% covered_mass(global contribution)=29.020%
[LONGEST] id=4042 rank=6370 left=1,0,2,4,4,2,4 elapsed=00:00:50
[RETURN id=04530 rank=06387] left=1,1,1,3,4,5,2 status=QUOTA_REACHED layouts=1/1 complete=True time=00:00:25
[RETURN id=04554 rank=06395] left=1,1,1,4,5,3,2 status=QUOTA_REACHED layouts=1/1 complete=True time=00:00:26
[RETURN id=04516 rank=06381] left=1,1,1,2,4,5,3 status=QUOTA_REACHED layouts=1/1 complete=True time=00:00:35
[RETURN id=04042 rank=06370] left=1,0,2,4,4,2,4 status=TIMEOUT layouts=0/1 complete=False time=00:01:00
[RETURN id=04518 rank=06382] left=1,1,1,2,5,3,4 status=QUOTA_REACHED layouts=1/1 complete=True time=00:00:45
[RETURN id=04678 rank=06424] left=1,1,2,5,4,1,3 status=QUOTA_REACHED layouts=1/1 complete=True time=00:00:10
[RETURN id=04564 rank=06397] left=1,1,1,5,2,4,3 status=QUOTA_REACHED layouts=1/1 complete=True time=00:00:37
[RETURN id=04638 rank=06415] left=1,1,2,4,1,5,3 status=QUOTA_REACHED layouts=1/1 complete=True time=00:00:20
[GLOBAL] [###############-------------] done=1928/3505 (55.01%) covered=1928 layouts=1928 running=14/14 remaining=1577 elapsed=02:33:30 rate=9.57 sig/min ETA=02:44:47
[COVERAGE] selected_mass(global)=47.579% covered_mass(global contribution)=29.030%
[LONGEST] id=4522 rank=6384 left=1,1,1,3,2,4,5 elapsed=00:00:55
[RETURN id=04596 rank=06407] left=1,1,2,1,5,4,3 status=QUOTA_REACHED layouts=1/1 complete=True time=00:00:43
[RETURN id=04522 rank=06384] left=1,1,1,3,2,4,5 status=TIMEOUT layouts=0/1 complete=False time=00:01:00
[RETURN id=04590 rank=06403] left=1,1,2,1,3,5,4 status=QUOTA_REACHED layouts=1/1 complete=True time=00:00:45
[RETURN id=04532 rank=06388] left=1,1,1,3,5,2,4 status=TIMEOUT layouts=0/1 complete=False time=00:01:00
[RETURN id=04542 rank=06392] left=1,1,1,4,3,2,5 status=TIMEOUT layouts=0/1 complete=False time=00:01:00
[RETURN id=04702 rank=06428] left=1,1,3,1,4,2,5 status=QUOTA_REACHED layouts=1/1 complete=True time=00:00:22
[RETURN id=04574 rank=06401] left=1,1,1,5,4,3,2 status=TIMEOUT layouts=0/1 complete=False time=00:01:00
[RETURN id=04632 rank=06413] left=1,1,2,3,5,4,1 status=TIMEOUT layouts=0/1 complete=False time=00:01:00
[RETURN id=04636 rank=06414] left=1,1,2,4,1,3,5 status=TIMEOUT layouts=0/1 complete=False time=00:01:00
[GLOBAL] [###############-------------] done=1931/3505 (55.09%) covered=1931 layouts=1931 running=14/14 remaining=1574 elapsed=02:34:00 rate=9.56 sig/min ETA=02:44:40
[COVERAGE] selected_mass(global)=47.579% covered_mass(global contribution)=29.034%
[LONGEST] id=4664 rank=6421 left=1,1,2,5,1,4,3 elapsed=00:00:51
[RETURN id=04664 rank=06421] left=1,1,2,5,1,4,3 status=TIMEOUT layouts=0/1 complete=False time=00:01:00
[RETURN id=04672 rank=06422] left=1,1,2,5,3,1,4 status=TIMEOUT layouts=0/1 complete=False time=00:01:00
[RETURN id=04806 rank=06449] left=1,1,3,5,4,2,1 status=QUOTA_REACHED layouts=1/1 complete=True time=00:00:29
[RETURN id=04680 rank=06425] left=1,1,2,5,4,3,1 status=TIMEOUT layouts=0/1 complete=False time=00:01:00
[RETURN id=04868 rank=06460] left=1,1,4,2,5,1,3 status=QUOTA_REACHED layouts=1/1 complete=True time=00:00:22
[RETURN id=04698 rank=06427] left=1,1,3,1,2,5,4 status=TIMEOUT layouts=0/1 complete=False time=00:01:00
[RETURN id=04878 rank=06463] left=1,1,4,3,1,5,2 status=QUOTA_REACHED layouts=1/1 complete=True time=00:00:13
[RETURN id=04712 rank=06432] left=1,1,3,2,1,4,5 status=TIMEOUT layouts=0/1 complete=False time=00:01:00
[GLOBAL] [###############-------------] done=1934/3505 (55.18%) covered=1934 layouts=1934 running=14/14 remaining=1571 elapsed=02:34:30 rate=9.55 sig/min ETA=02:44:33
[COVERAGE] selected_mass(global)=47.579% covered_mass(global contribution)=29.038%
[LONGEST] id=4764 rank=6440 left=1,1,3,4,2,1,5 elapsed=00:00:55
[RETURN id=04856 rank=06458] left=1,1,4,2,3,1,5 status=QUOTA_REACHED layouts=1/1 complete=True time=00:00:43
[RETURN id=04896 rank=06466] left=1,1,4,3,5,1,2 status=QUOTA_REACHED layouts=1/1 complete=True time=00:00:21
[RETURN id=04764 rank=06440] left=1,1,3,4,2,1,5 status=TIMEOUT layouts=0/1 complete=False time=00:01:00
[RETURN id=04768 rank=06441] left=1,1,3,4,2,5,1 status=TIMEOUT layouts=0/1 complete=False time=00:01:00
[RETURN id=04794 rank=06446] left=1,1,3,5,2,1,4 status=TIMEOUT layouts=0/1 complete=False time=00:01:00
[RETURN id=04832 rank=06452] left=1,1,4,1,3,2,5 status=TIMEOUT layouts=0/1 complete=False time=00:01:00
[RETURN id=04870 rank=06461] left=1,1,4,2,5,3,1 status=QUOTA_REACHED layouts=1/1 complete=True time=00:00:34
[RETURN id=04844 rank=06455] left=1,1,4,1,5,3,2 status=TIMEOUT layouts=0/1 complete=False time=00:01:00
[RETURN id=04978 rank=06474] left=1,1,5,1,2,3,4 status=QUOTA_REACHED layouts=1/1 complete=True time=00:00:29
[RETURN id=04860 rank=06459] left=1,1,4,2,3,5,1 status=TIMEOUT layouts=0/1 complete=False time=00:01:00
[GLOBAL] [###############-------------] done=1938/3505 (55.29%) covered=1938 layouts=1938 running=14/14 remaining=1567 elapsed=02:35:00 rate=9.54 sig/min ETA=02:44:13
[COVERAGE] selected_mass(global)=47.579% covered_mass(global contribution)=29.044%
[LONGEST] id=4934 rank=6469 left=1,1,4,5,1,3,2 elapsed=00:00:39
[RETURN id=04940 rank=06471] left=1,1,4,5,2,3,1 status=QUOTA_REACHED layouts=1/1 complete=True time=00:00:45
[RETURN id=05068 rank=06496] left=1,1,5,4,3,1,2 status=QUOTA_REACHED layouts=1/1 complete=True time=00:00:27
[RETURN id=05046 rank=06491] left=1,1,5,3,4,2,1 status=QUOTA_REACHED layouts=1/1 complete=True time=00:00:37
[RETURN id=04982 rank=06476] left=1,1,5,1,3,2,4 status=QUOTA_REACHED layouts=1/1 complete=True time=00:00:48
[RETURN id=05184 rank=06502] left=1,2,1,1,3,4,5 status=QUOTA_REACHED layouts=1/1 complete=True time=00:00:25
[RETURN id=04934 rank=06469] left=1,1,4,5,1,3,2 status=TIMEOUT layouts=0/1 complete=False time=00:01:00
[RETURN id=04938 rank=06470] left=1,1,4,5,2,1,3 status=TIMEOUT layouts=0/1 complete=False time=00:01:00
[RETURN id=05222 rank=06511] left=1,2,1,3,4,5,1 status=QUOTA_REACHED layouts=1/1 complete=True time=00:00:08
[GLOBAL] [###############-------------] done=1944/3505 (55.46%) covered=1944 layouts=1944 running=14/14 remaining=1561 elapsed=02:35:30 rate=9.55 sig/min ETA=02:43:28
[COVERAGE] selected_mass(global)=47.579% covered_mass(global contribution)=29.052%
[LONGEST] id=4984 rank=6477 left=1,1,5,1,3,4,2 elapsed=00:00:57
[RETURN id=04984 rank=06477] left=1,1,5,1,3,4,2 status=TIMEOUT layouts=0/1 complete=False time=00:01:00
[RETURN id=05002 rank=06481] left=1,1,5,2,1,4,3 status=TIMEOUT layouts=0/1 complete=False time=00:01:00
[RETURN id=05224 rank=06512] left=1,2,1,3,5,1,4 status=QUOTA_REACHED layouts=1/1 complete=True time=00:00:14
[RETURN id=05058 rank=06492] left=1,1,5,4,1,2,3 status=QUOTA_REACHED layouts=1/1 complete=True time=00:00:52
[RETURN id=05016 rank=06484] left=1,1,5,2,4,1,3 status=TIMEOUT layouts=0/1 complete=False time=00:01:00
[RETURN id=05018 rank=06485] left=1,1,5,2,4,3,1 status=TIMEOUT layouts=0/1 complete=False time=00:01:00
[RETURN id=05186 rank=06504] left=1,2,1,1,4,3,5 status=QUOTA_REACHED layouts=1/1 complete=True time=00:00:46
[RETURN id=05110 rank=06498] left=1,2,0,2,4,4,4 status=TIMEOUT layouts=0/1 complete=False time=00:01:00
[RETURN id=05440 rank=06535] left=1,2,3,1,5,4,1 status=QUOTA_REACHED layouts=1/1 complete=True time=00:00:11
[RETURN id=05188 rank=06505] left=1,2,1,1,4,5,3 status=QUOTA_REACHED layouts=1/1 complete=True time=00:00:47
[GLOBAL] [###############-------------] done=1949/3505 (55.61%) covered=1949 layouts=1949 running=14/14 remaining=1556 elapsed=02:36:00 rate=9.55 sig/min ETA=02:42:55
[COVERAGE] selected_mass(global)=47.579% covered_mass(global contribution)=29.059%
[LONGEST] id=5210 rank=6509 left=1,2,1,3,1,5,4 elapsed=00:00:47
[RETURN id=05530 rank=06540] left=1,2,3,5,1,4,1 status=QUOTA_REACHED layouts=1/1 complete=True time=00:00:14
[RETURN id=05542 rank=06541] left=1,2,3,5,4,1,1 status=QUOTA_REACHED layouts=1/1 complete=True time=00:00:13
[RETURN id=05502 rank=06537] left=1,2,3,4,1,5,1 status=QUOTA_REACHED layouts=1/1 complete=True time=00:00:24
[RETURN id=05252 rank=06519] left=1,2,1,4,5,3,1 status=QUOTA_REACHED layouts=1/1 complete=True time=00:00:34
[RETURN id=05422 rank=06530] left=1,2,3,1,1,4,5 status=QUOTA_REACHED layouts=1/1 complete=True time=00:00:38
[RETURN id=05210 rank=06509] left=1,2,1,3,1,5,4 status=TIMEOUT layouts=0/1 complete=False time=00:01:00
[RETURN id=05218 rank=06510] left=1,2,1,3,4,1,5 status=TIMEOUT layouts=0/1 complete=False time=00:01:00
[RETURN id=05242 rank=06517] left=1,2,1,4,3,5,1 status=QUOTA_REACHED layouts=1/1 complete=True time=00:00:53
[RETURN id=05238 rank=06516] left=1,2,1,4,3,1,5 status=TIMEOUT layouts=0/1 complete=False time=00:01:00
[RETURN id=05610 rank=06552] left=1,2,4,2,4,0,4 status=QUOTA_REACHED layouts=1/1 complete=True time=00:00:09
[RETURN id=05668 rank=06562] left=1,2,4,4,4,2,0 status=QUOTA_REACHED layouts=1/1 complete=True time=00:00:06
[RETURN id=05250 rank=06518] left=1,2,1,4,5,1,3 status=TIMEOUT layouts=0/1 complete=False time=00:01:00
[RETURN id=05550 rank=06542] left=1,2,4,0,2,4,4 status=QUOTA_REACHED layouts=1/1 complete=True time=00:00:33
[GLOBAL] [###############-------------] done=1958/3505 (55.86%) covered=1958 layouts=1958 running=14/14 remaining=1547 elapsed=02:36:30 rate=9.58 sig/min ETA=02:41:31
[COVERAGE] selected_mass(global)=47.579% covered_mass(global contribution)=29.071%
[LONGEST] id=5258 rank=6520 left=1,2,1,5,1,3,4 elapsed=00:00:56
[RETURN id=05270 rank=06523] left=1,2,1,5,3,4,1 status=TIMEOUT layouts=0/1 complete=False time=00:01:00
[RETURN id=05258 rank=06520] left=1,2,1,5,1,3,4 status=TIMEOUT layouts=0/1 complete=False time=00:01:00
[RETURN id=05576 rank=06547] left=1,2,4,1,3,1,5 status=QUOTA_REACHED layouts=1/1 complete=True time=00:00:35
[RETURN id=05738 rank=06571] left=1,2,5,1,4,3,1 status=QUOTA_REACHED layouts=1/1 complete=True time=00:00:09
[RETURN id=05498 rank=06536] left=1,2,3,4,1,1,5 status=TIMEOUT layouts=0/1 complete=False time=00:01:00
[RETURN id=05792 rank=06574] left=1,2,5,3,4,1,1 status=QUOTA_REACHED layouts=1/1 complete=True time=00:00:06
[RETURN id=05680 rank=06564] left=1,2,4,5,1,3,1 status=QUOTA_REACHED layouts=1/1 complete=True time=00:00:19
[RETURN id=05580 rank=06548] left=1,2,4,1,3,5,1 status=QUOTA_REACHED layouts=1/1 complete=True time=00:00:49
[RETURN id=05588 rank=06549] left=1,2,4,1,5,1,3 status=QUOTA_REACHED layouts=1/1 complete=True time=00:00:46
[GLOBAL] [###############-------------] done=1964/3505 (56.03%) covered=1964 layouts=1964 running=14/14 remaining=1541 elapsed=02:37:00 rate=9.59 sig/min ETA=02:40:45
[COVERAGE] selected_mass(global)=47.579% covered_mass(global contribution)=29.080%
[LONGEST] id=5590 rank=6550 left=1,2,4,1,5,3,1 elapsed=00:00:51
[RETURN id=05780 rank=06573] left=1,2,5,3,1,4,1 status=QUOTA_REACHED layouts=1/1 complete=True time=00:00:34
[RETURN id=05590 rank=06550] left=1,2,4,1,5,3,1 status=TIMEOUT layouts=0/1 complete=False time=00:01:00
[RETURN id=06018 rank=06593] left=1,3,1,4,2,5,1 status=QUOTA_REACHED layouts=1/1 complete=True time=00:00:17
[RETURN id=05614 rank=06553] left=1,2,4,2,4,4,0 status=TIMEOUT layouts=0/1 complete=False time=00:01:00
[RETURN id=05666 rank=06561] left=1,2,4,4,4,0,2 status=TIMEOUT layouts=0/1 complete=False time=00:01:00
[RETURN id=06056 rank=06601] left=1,3,1,5,4,2,1 status=QUOTA_REACHED layouts=1/1 complete=True time=00:00:06
[RETURN id=05722 rank=06567] left=1,2,5,1,1,4,3 status=TIMEOUT layouts=0/1 complete=False time=00:01:00
[RETURN id=05736 rank=06570] left=1,2,5,1,4,1,3 status=TIMEOUT layouts=0/1 complete=False time=00:01:00
[GLOBAL] [###############-------------] done=1967/3505 (56.12%) covered=1967 layouts=1967 running=14/14 remaining=1538 elapsed=02:37:30 rate=9.57 sig/min ETA=02:40:38
[COVERAGE] selected_mass(global)=47.579% covered_mass(global contribution)=29.084%
[LONGEST] id=5812 rank=6577 left=1,2,5,4,3,1,1 elapsed=00:00:55
[RETURN id=06010 rank=06590] left=1,3,1,4,1,2,5 status=QUOTA_REACHED layouts=1/1 complete=True time=00:00:49
[RETURN id=05812 rank=06577] left=1,2,5,4,3,1,1 status=TIMEOUT layouts=0/1 complete=False time=00:01:00
[RETURN id=05948 rank=06579] left=1,3,1,1,2,5,4 status=TIMEOUT layouts=0/1 complete=False time=00:01:00
[RETURN id=05952 rank=06580] left=1,3,1,1,4,2,5 status=TIMEOUT layouts=0/1 complete=False time=00:01:00
[RETURN id=05962 rank=06584] left=1,3,1,2,1,4,5 status=TIMEOUT layouts=0/1 complete=False time=00:01:00
[RETURN id=06090 rank=06605] left=1,3,2,1,4,5,1 status=QUOTA_REACHED layouts=1/1 complete=True time=00:00:21
[RETURN id=05980 rank=06589] left=1,3,1,2,5,4,1 status=TIMEOUT layouts=0/1 complete=False time=00:01:00
[RETURN id=06014 rank=06592] left=1,3,1,4,2,1,5 status=TIMEOUT layouts=0/1 complete=False time=00:01:00
[GLOBAL] [###############-------------] done=1969/3505 (56.18%) covered=1969 layouts=1969 running=14/14 remaining=1536 elapsed=02:38:00 rate=9.56 sig/min ETA=02:40:43
[COVERAGE] selected_mass(global)=47.579% covered_mass(global contribution)=29.086%
[LONGEST] id=6032 rank=6595 left=1,3,1,4,5,2,1 elapsed=00:00:56
[RETURN id=06078 rank=06603] left=1,3,2,1,1,5,4 status=QUOTA_REACHED layouts=1/1 complete=True time=00:00:46
[RETURN id=06182 rank=06611] left=1,3,2,5,1,1,4 status=QUOTA_REACHED layouts=1/1 complete=True time=00:00:32
[RETURN id=06032 rank=06595] left=1,3,1,4,5,2,1 status=TIMEOUT layouts=0/1 complete=False time=00:01:00
[RETURN id=06478 rank=06623] left=1,3,4,5,1,1,2 status=QUOTA_REACHED layouts=1/1 complete=True time=00:00:27
[RETURN id=06174 rank=06610] left=1,3,2,4,5,1,1 status=QUOTA_REACHED layouts=1/1 complete=True time=00:00:44
[RETURN id=06044 rank=06598] left=1,3,1,5,2,1,4 status=TIMEOUT layouts=0/1 complete=False time=00:01:00
[RETURN id=06086 rank=06604] left=1,3,2,1,4,1,5 status=TIMEOUT layouts=0/1 complete=False time=00:01:00
[RETURN id=06092 rank=06606] left=1,3,2,1,5,1,4 status=TIMEOUT layouts=0/1 complete=False time=00:01:00
[RETURN id=06594 rank=06636] left=1,3,5,4,1,2,1 status=QUOTA_REACHED layouts=1/1 complete=True time=00:00:22
[RETURN id=06482 rank=06625] left=1,3,4,5,2,1,1 status=QUOTA_REACHED layouts=1/1 complete=True time=00:00:45
[GLOBAL] [###############-------------] done=1975/3505 (56.35%) covered=1975 layouts=1975 running=14/14 remaining=1530 elapsed=02:38:30 rate=9.56 sig/min ETA=02:39:58
[COVERAGE] selected_mass(global)=47.579% covered_mass(global contribution)=29.095%
[LONGEST] id=6378 rank=6615 left=1,3,4,1,1,5,2 elapsed=00:00:54
[RETURN id=06562 rank=06634] left=1,3,5,2,4,1,1 status=QUOTA_REACHED layouts=1/1 complete=True time=00:00:30
[RETURN id=06770 rank=06649] left=1,4,1,1,5,3,2 status=QUOTA_REACHED layouts=1/1 complete=True time=00:00:25
[RETURN id=06378 rank=06615] left=1,3,4,1,1,5,2 status=TIMEOUT layouts=0/1 complete=False time=00:01:00
[RETURN id=06396 rank=06618] left=1,3,4,1,5,1,2 status=TIMEOUT layouts=0/1 complete=False time=00:01:00
[RETURN id=06424 rank=06622] left=1,3,4,2,5,1,1 status=TIMEOUT layouts=0/1 complete=False time=00:01:00
[RETURN id=06536 rank=06631] left=1,3,5,1,4,2,1 status=TIMEOUT layouts=0/1 complete=False time=00:01:00
[RETURN id=06786 rank=06653] left=1,4,1,2,3,5,1 status=QUOTA_REACHED layouts=1/1 complete=True time=00:00:17
[RETURN id=06550 rank=06633] left=1,3,5,2,1,4,1 status=TIMEOUT layouts=0/1 complete=False time=00:01:00
[RETURN id=06796 rank=06655] left=1,4,1,2,5,3,1 status=QUOTA_REACHED layouts=1/1 complete=True time=00:00:30
[GLOBAL] [###############-------------] done=1979/3505 (56.46%) covered=1979 layouts=1979 running=14/14 remaining=1526 elapsed=02:39:00 rate=9.56 sig/min ETA=02:39:38
[COVERAGE] selected_mass(global)=47.579% covered_mass(global contribution)=29.100%
[LONGEST] id=6648 rank=6639 left=1,4,0,2,4,2,4 elapsed=00:00:56
[RETURN id=06804 rank=06657] left=1,4,1,3,1,5,2 status=QUOTA_REACHED layouts=1/1 complete=True time=00:00:33
[RETURN id=06924 rank=06677] left=1,4,2,2,0,4,4 status=QUOTA_REACHED layouts=1/1 complete=True time=00:00:04
[RETURN id=06648 rank=06639] left=1,4,0,2,4,2,4 status=TIMEOUT layouts=0/1 complete=False time=00:01:00
[RETURN id=06866 rank=06665] left=1,4,1,5,2,3,1 status=QUOTA_REACHED layouts=1/1 complete=True time=00:00:30
[RETURN id=06650 rank=06640] left=1,4,0,2,4,4,2 status=TIMEOUT layouts=0/1 complete=False time=00:01:00
[RETURN id=06758 rank=06646] left=1,4,1,1,3,2,5 status=TIMEOUT layouts=0/1 complete=False time=00:01:00
[RETURN id=06782 rank=06652] left=1,4,1,2,3,1,5 status=TIMEOUT layouts=0/1 complete=False time=00:01:00
[RETURN id=06958 rank=06681] left=1,4,2,3,1,5,1 status=QUOTA_REACHED layouts=1/1 complete=True time=00:00:20
[RETURN id=06890 rank=06670] left=1,4,2,0,4,4,2 status=QUOTA_REACHED layouts=1/1 complete=True time=00:00:41
[RETURN id=06980 rank=06684] left=1,4,2,4,0,4,2 status=QUOTA_REACHED layouts=1/1 complete=True time=00:00:15
[GLOBAL] [###############-------------] done=1985/3505 (56.63%) covered=1985 layouts=1985 running=14/14 remaining=1520 elapsed=02:39:30 rate=9.57 sig/min ETA=02:38:53
[COVERAGE] selected_mass(global)=47.579% covered_mass(global contribution)=29.109%
[LONGEST] id=6860 rank=6663 left=1,4,1,5,1,3,2 elapsed=00:00:56
[RETURN id=06860 rank=06663] left=1,4,1,5,1,3,2 status=TIMEOUT layouts=0/1 complete=False time=00:01:00
[RETURN id=06954 rank=06680] left=1,4,2,3,1,1,5 status=QUOTA_REACHED layouts=1/1 complete=True time=00:00:34
[RETURN id=07072 rank=06696] left=1,4,3,1,5,1,2 status=QUOTA_REACHED layouts=1/1 complete=True time=00:00:13
[RETURN id=06864 rank=06664] left=1,4,1,5,2,1,3 status=TIMEOUT layouts=0/1 complete=False time=00:01:00
[RETURN id=06870 rank=06667] left=1,4,1,5,3,2,1 status=TIMEOUT layouts=0/1 complete=False time=00:01:00
[RETURN id=06888 rank=06669] left=1,4,2,0,4,2,4 status=TIMEOUT layouts=0/1 complete=False time=00:01:00
[RETURN id=06900 rank=06671] left=1,4,2,1,1,3,5 status=TIMEOUT layouts=0/1 complete=False time=00:01:00
[RETURN id=06902 rank=06672] left=1,4,2,1,1,5,3 status=TIMEOUT layouts=0/1 complete=False time=00:01:00
[GLOBAL] [###############-------------] done=1987/3505 (56.69%) covered=1987 layouts=1987 running=14/14 remaining=1518 elapsed=02:40:00 rate=9.55 sig/min ETA=02:38:57
[COVERAGE] selected_mass(global)=47.579% covered_mass(global contribution)=29.111%
[LONGEST] id=6978 rank=6683 left=1,4,2,4,0,2,4 elapsed=00:00:55
[RETURN id=06978 rank=06683] left=1,4,2,4,0,2,4 status=TIMEOUT layouts=0/1 complete=False time=00:01:00
[RETURN id=07054 rank=06693] left=1,4,3,1,1,5,2 status=QUOTA_REACHED layouts=1/1 complete=True time=00:00:43
[RETURN id=07018 rank=06691] left=1,4,2,5,3,1,1 status=QUOTA_REACHED layouts=1/1 complete=True time=00:00:47
[RETURN id=06988 rank=06685] left=1,4,2,4,2,0,4 status=TIMEOUT layouts=0/1 complete=False time=00:01:00
[RETURN id=07232 rank=06710] left=1,4,4,2,2,4,0 status=QUOTA_REACHED layouts=1/1 complete=True time=00:00:32
[RETURN id=06992 rank=06686] left=1,4,2,4,2,4,0 status=TIMEOUT layouts=0/1 complete=False time=00:01:00
[RETURN id=07274 rank=06715] left=1,4,4,4,2,2,0 status=QUOTA_REACHED layouts=1/1 complete=True time=00:00:19
[RETURN id=07100 rank=06700] left=1,4,3,2,5,1,1 status=TIMEOUT layouts=0/1 complete=False time=00:01:00
[GLOBAL] [###############-------------] done=1991/3505 (56.80%) covered=1991 layouts=1991 running=14/14 remaining=1514 elapsed=02:40:30 rate=9.55 sig/min ETA=02:38:37
[COVERAGE] selected_mass(global)=47.579% covered_mass(global contribution)=29.117%
[LONGEST] id=7154 rank=6701 left=1,4,3,5,1,1,2 elapsed=00:00:56
[RETURN id=07158 rank=06703] left=1,4,3,5,2,1,1 status=QUOTA_REACHED layouts=1/1 complete=True time=00:00:59
[RETURN id=07154 rank=06701] left=1,4,3,5,1,1,2 status=TIMEOUT layouts=0/1 complete=False time=00:01:00
[RETURN id=07218 rank=06707] left=1,4,4,2,0,2,4 status=TIMEOUT layouts=0/1 complete=False time=00:01:00
[RETURN id=07220 rank=06708] left=1,4,4,2,0,4,2 status=TIMEOUT layouts=0/1 complete=False time=00:01:00
[RETURN id=07228 rank=06709] left=1,4,4,2,2,0,4 status=TIMEOUT layouts=0/1 complete=False time=00:01:00
[RETURN id=07582 rank=06734] left=1,5,1,2,1,3,4 status=QUOTA_REACHED layouts=1/1 complete=True time=00:00:24
[RETURN id=07272 rank=06714] left=1,4,4,4,2,0,2 status=TIMEOUT layouts=0/1 complete=False time=00:01:00
[RETURN id=07356 rank=06724] left=1,4,5,2,3,1,1 status=QUOTA_REACHED layouts=1/1 complete=True time=00:00:38
[RETURN id=07618 rank=06743] left=1,5,1,3,2,4,1 status=QUOTA_REACHED layouts=1/1 complete=True time=00:00:13
[GLOBAL] [###############-------------] done=1995/3505 (56.92%) covered=1995 layouts=1995 running=14/14 remaining=1510 elapsed=02:41:00 rate=9.54 sig/min ETA=02:38:17
[COVERAGE] selected_mass(global)=47.579% covered_mass(global contribution)=29.122%
[LONGEST] id=7322 rank=6716 left=1,4,5,1,1,2,3 elapsed=00:00:54
[RETURN id=07322 rank=06716] left=1,4,5,1,1,2,3 status=QUOTA_REACHED layouts=1/1 complete=True time=00:00:54
[RETURN id=07332 rank=06720] left=1,4,5,1,3,1,2 status=TIMEOUT layouts=0/1 complete=False time=00:01:00
[RETURN id=07560 rank=06729] left=1,5,1,1,2,4,3 status=QUOTA_REACHED layouts=1/1 complete=True time=00:00:55
[RETURN id=07368 rank=06726] left=1,4,5,3,1,2,1 status=TIMEOUT layouts=0/1 complete=False time=00:01:00
[RETURN id=07570 rank=06733] left=1,5,1,1,4,3,2 status=TIMEOUT layouts=0/1 complete=False time=00:01:00
[RETURN id=07626 rank=06744] left=1,5,1,3,4,1,2 status=QUOTA_REACHED layouts=1/1 complete=True time=00:00:37
[RETURN id=07594 rank=06737] left=1,5,1,2,3,4,1 status=QUOTA_REACHED layouts=1/1 complete=True time=00:00:50
[GLOBAL] [###############-------------] done=1999/3505 (57.03%) covered=1999 layouts=1999 running=14/14 remaining=1506 elapsed=02:41:30 rate=9.54 sig/min ETA=02:37:56
[COVERAGE] selected_mass(global)=47.579% covered_mass(global contribution)=29.128%
[LONGEST] id=7610 rank=6740 left=1,5,1,3,1,2,4 elapsed=00:00:55
[RETURN id=07610 rank=06740] left=1,5,1,3,1,2,4 status=TIMEOUT layouts=0/1 complete=False time=00:01:00
[RETURN id=07612 rank=06741] left=1,5,1,3,1,4,2 status=TIMEOUT layouts=0/1 complete=False time=00:01:00
[RETURN id=07708 rank=06753] left=1,5,2,1,1,4,3 status=QUOTA_REACHED layouts=1/1 complete=True time=00:00:52
[RETURN id=07644 rank=06748] left=1,5,1,4,2,1,3 status=TIMEOUT layouts=0/1 complete=False time=00:01:00
[RETURN id=07640 rank=06747] left=1,5,1,4,1,3,2 status=TIMEOUT layouts=0/1 complete=False time=00:01:00
[RETURN id=07650 rank=06751] left=1,5,1,4,3,2,1 status=QUOTA_REACHED layouts=1/1 complete=True time=00:00:59
[RETURN id=07716 rank=06754] left=1,5,2,1,3,1,4 status=TIMEOUT layouts=0/1 complete=False time=00:01:00
[RETURN id=07858 rank=06767] left=1,5,3,1,2,4,1 status=QUOTA_REACHED layouts=1/1 complete=True time=00:00:21
[GLOBAL] [###############-------------] done=2002/3505 (57.12%) covered=2002 layouts=2002 running=14/14 remaining=1503 elapsed=02:42:00 rate=9.52 sig/min ETA=02:37:48
[COVERAGE] selected_mass(global)=47.579% covered_mass(global contribution)=29.132%
[LONGEST] id=7722 rank=6756 left=1,5,2,1,4,1,3 elapsed=00:01:00
[RETURN id=07722 rank=06756] left=1,5,2,1,4,1,3 status=TIMEOUT layouts=0/1 complete=False time=00:01:00
[RETURN id=07866 rank=06768] left=1,5,3,1,4,1,2 status=QUOTA_REACHED layouts=1/1 complete=True time=00:00:28
[RETURN id=07724 rank=06757] left=1,5,2,1,4,3,1 status=TIMEOUT layouts=0/1 complete=False time=00:01:00
[RETURN id=07766 rank=06759] left=1,5,2,3,1,4,1 status=TIMEOUT layouts=0/1 complete=False time=00:01:00
[RETURN id=07778 rank=06760] left=1,5,2,3,4,1,1 status=TIMEOUT layouts=0/1 complete=False time=00:01:00
[RETURN id=07850 rank=06764] left=1,5,3,1,1,2,4 status=QUOTA_REACHED layouts=1/1 complete=True time=00:00:56
[RETURN id=07798 rank=06763] left=1,5,2,4,3,1,1 status=TIMEOUT layouts=0/1 complete=False time=00:01:00
[RETURN id=07852 rank=06765] left=1,5,3,1,1,4,2 status=TIMEOUT layouts=0/1 complete=False time=00:01:00
[RETURN id=07878 rank=06770] left=1,5,3,2,1,1,4 status=QUOTA_REACHED layouts=1/1 complete=True time=00:00:42
[RETURN id=07988 rank=06781] left=1,5,4,1,3,2,1 status=QUOTA_REACHED layouts=1/1 complete=True time=00:00:28
[GLOBAL] [################------------] done=2006/3505 (57.23%) covered=2006 layouts=2006 running=14/14 remaining=1499 elapsed=02:42:30 rate=9.52 sig/min ETA=02:37:28
[COVERAGE] selected_mass(global)=47.579% covered_mass(global contribution)=29.137%
[LONGEST] id=7924 rank=6773 left=1,5,3,4,1,1,2 elapsed=00:00:50
[RETURN id=07982 rank=06778] left=1,5,4,1,2,1,3 status=QUOTA_REACHED layouts=1/1 complete=True time=00:00:38
[RETURN id=08230 rank=06791] left=2,0,1,4,4,4,2 status=QUOTA_REACHED layouts=1/1 complete=True time=00:00:21
[RETURN id=07924 rank=06773] left=1,5,3,4,1,1,2 status=TIMEOUT layouts=0/1 complete=False time=00:01:00
[RETURN id=07928 rank=06775] left=1,5,3,4,2,1,1 status=TIMEOUT layouts=0/1 complete=False time=00:01:00
[RETURN id=08546 rank=06801] left=2,0,4,2,4,4,1 status=QUOTA_REACHED layouts=1/1 complete=True time=00:00:11
[RETURN id=08004 rank=06783] left=1,5,4,2,1,3,1 status=QUOTA_REACHED layouts=1/1 complete=True time=00:00:35
[RETURN id=07978 rank=06777] left=1,5,4,1,1,3,2 status=TIMEOUT layouts=0/1 complete=False time=00:01:00
[RETURN id=08228 rank=06790] left=2,0,1,4,4,2,4 status=QUOTA_REACHED layouts=1/1 complete=True time=00:00:34
[RETURN id=07984 rank=06779] left=1,5,4,1,2,3,1 status=TIMEOUT layouts=0/1 complete=False time=00:01:00
[GLOBAL] [################------------] done=2011/3505 (57.38%) covered=2011 layouts=2011 running=14/14 remaining=1494 elapsed=02:43:00 rate=9.52 sig/min ETA=02:36:55
[COVERAGE] selected_mass(global)=47.579% covered_mass(global contribution)=29.144%
[LONGEST] id=8002 rank=6782 left=1,5,4,2,1,1,3 elapsed=00:00:55
[RETURN id=08318 rank=06793] left=2,0,2,4,1,4,4 status=QUOTA_REACHED layouts=1/1 complete=True time=00:00:40
[RETURN id=08002 rank=06782] left=1,5,4,2,1,1,3 status=TIMEOUT layouts=0/1 complete=False time=00:01:00
[RETURN id=08908 rank=06823] left=2,1,1,3,5,4,1 status=QUOTA_REACHED layouts=1/1 complete=True time=00:00:26
[RETURN id=08022 rank=06785] left=1,5,4,3,1,1,2 status=TIMEOUT layouts=0/1 complete=False time=00:01:00
[RETURN id=08026 rank=06787] left=1,5,4,3,2,1,1 status=TIMEOUT layouts=0/1 complete=False time=00:01:00
[RETURN id=08196 rank=06788] left=2,0,1,2,4,4,4 status=TIMEOUT layouts=0/1 complete=False time=00:01:00
[RETURN id=08966 rank=06836] left=2,1,2,0,4,4,4 status=QUOTA_REACHED layouts=1/1 complete=True time=00:00:18
[RETURN id=08940 rank=06831] left=2,1,1,5,1,4,3 status=QUOTA_REACHED layouts=1/1 complete=True time=00:00:34
[GLOBAL] [################------------] done=2015/3505 (57.49%) covered=2015 layouts=2015 running=14/14 remaining=1490 elapsed=02:43:30 rate=9.52 sig/min ETA=02:36:34
[COVERAGE] selected_mass(global)=47.579% covered_mass(global contribution)=29.150%
[LONGEST] id=8816 rank=6809 left=2,1,0,4,2,4,4 elapsed=00:01:00
[RETURN id=08816 rank=06809] left=2,1,0,4,2,4,4 status=TIMEOUT layouts=0/1 complete=False time=00:01:00
[RETURN id=08956 rank=06835] left=2,1,1,5,4,3,1 status=QUOTA_REACHED layouts=1/1 complete=True time=00:00:45
[RETURN id=08866 rank=06813] left=2,1,1,1,3,5,4 status=TIMEOUT layouts=0/1 complete=False time=00:01:00
[RETURN id=08914 rank=06825] left=2,1,1,4,1,5,3 status=TIMEOUT layouts=0/1 complete=False time=00:01:00
[RETURN id=08912 rank=06824] left=2,1,1,4,1,3,5 status=TIMEOUT layouts=0/1 complete=False time=00:01:00
[RETURN id=09238 rank=06853] left=2,1,4,0,4,2,4 status=QUOTA_REACHED layouts=1/1 complete=True time=00:00:27
[RETURN id=08948 rank=06832] left=2,1,1,5,3,1,4 status=TIMEOUT layouts=0/1 complete=False time=00:01:00
[RETURN id=09200 rank=06848] left=2,1,3,4,5,1,1 status=QUOTA_REACHED layouts=1/1 complete=True time=00:00:39
[RETURN id=09328 rank=06867] left=2,1,4,4,0,2,4 status=QUOTA_REACHED layouts=1/1 complete=True time=00:00:07
[RETURN id=09304 rank=06864] left=2,1,4,3,1,1,5 status=QUOTA_REACHED layouts=1/1 complete=True time=00:00:19
[GLOBAL] [################------------] done=2020/3505 (57.63%) covered=2020 layouts=2020 running=14/14 remaining=1485 elapsed=02:44:00 rate=9.52 sig/min ETA=02:36:01
[COVERAGE] selected_mass(global)=47.579% covered_mass(global contribution)=29.157%
[LONGEST] id=9104 rank=6841 left=2,1,3,1,1,5,4 elapsed=00:00:58
[RETURN id=09104 rank=06841] left=2,1,3,1,1,5,4 status=TIMEOUT layouts=0/1 complete=False time=00:01:00
[RETURN id=09330 rank=06868] left=2,1,4,4,0,4,2 status=QUOTA_REACHED layouts=1/1 complete=True time=00:00:20
[RETURN id=09112 rank=06842] left=2,1,3,1,4,1,5 status=TIMEOUT layouts=0/1 complete=False time=00:01:00
[RETURN id=09116 rank=06843] left=2,1,3,1,4,5,1 status=TIMEOUT layouts=0/1 complete=False time=00:01:00
[RETURN id=09338 rank=06869] left=2,1,4,4,2,0,4 status=QUOTA_REACHED layouts=1/1 complete=True time=00:00:27
[RETURN id=09486 rank=06886] left=2,1,5,4,1,3,1 status=QUOTA_REACHED layouts=1/1 complete=True time=00:00:09
[RETURN id=09240 rank=06854] left=2,1,4,0,4,4,2 status=TIMEOUT layouts=0/1 complete=False time=00:01:00
[RETURN id=09250 rank=06855] left=2,1,4,1,1,3,5 status=TIMEOUT layouts=0/1 complete=False time=00:01:00
[RETURN id=09252 rank=06856] left=2,1,4,1,1,5,3 status=TIMEOUT layouts=0/1 complete=False time=00:01:00
[RETURN id=09580 rank=06890] left=2,2,0,4,4,1,4 status=QUOTA_REACHED layouts=1/1 complete=True time=00:00:15
[RETURN id=09402 rank=06876] left=2,1,5,1,1,3,4 status=QUOTA_REACHED layouts=1/1 complete=True time=00:00:31
[RETURN id=10054 rank=06899] left=2,2,4,1,0,4,4 status=QUOTA_REACHED layouts=1/1 complete=True time=00:00:14
[GLOBAL] [################------------] done=2026/3505 (57.80%) covered=2026 layouts=2026 running=14/14 remaining=1479 elapsed=02:44:30 rate=9.53 sig/min ETA=02:35:16
[COVERAGE] selected_mass(global)=47.579% covered_mass(global contribution)=29.165%
[LONGEST] id=9274 rank=6861 left=2,1,4,2,0,4,4 elapsed=00:00:59
[RETURN id=09274 rank=06861] left=2,1,4,2,0,4,4 status=TIMEOUT layouts=0/1 complete=False time=00:01:00
[RETURN id=09342 rank=06870] left=2,1,4,4,2,4,0 status=QUOTA_REACHED layouts=1/1 complete=True time=00:00:45
[RETURN id=10136 rank=06903] left=2,2,4,4,0,4,1 status=QUOTA_REACHED layouts=1/1 complete=True time=00:00:18
[RETURN id=10046 rank=06898] left=2,2,4,0,4,4,1 status=QUOTA_REACHED layouts=1/1 complete=True time=00:00:31
[RETURN id=09308 rank=06865] left=2,1,4,3,1,5,1 status=TIMEOUT layouts=0/1 complete=False time=00:01:00
[RETURN id=10142 rank=06905] left=2,2,4,4,1,4,0 status=QUOTA_REACHED layouts=1/1 complete=True time=00:00:26
[RETURN id=09368 rank=06875] left=2,1,4,5,3,1,1 status=TIMEOUT layouts=0/1 complete=False time=00:01:00
[RETURN id=09484 rank=06885] left=2,1,5,4,1,1,3 status=TIMEOUT layouts=0/1 complete=False time=00:01:00
[GLOBAL] [################------------] done=2030/3505 (57.92%) covered=2030 layouts=2030 running=14/14 remaining=1475 elapsed=02:45:00 rate=9.52 sig/min ETA=02:34:55
[COVERAGE] selected_mass(global)=47.579% covered_mass(global contribution)=29.171%
[LONGEST] id=9568 rank=6889 left=2,2,0,4,1,4,4 elapsed=00:00:57
[RETURN id=09568 rank=06889] left=2,2,0,4,1,4,4 status=TIMEOUT layouts=0/1 complete=False time=00:01:00
[RETURN id=11092 rank=06928] left=2,4,0,1,2,4,4 status=QUOTA_REACHED layouts=1/1 complete=True time=00:00:20
[RETURN id=09710 rank=06895] left=2,2,1,4,4,4,0 status=TIMEOUT layouts=0/1 complete=False time=00:01:00
[RETURN id=10514 rank=06915] left=2,3,1,4,1,5,1 status=QUOTA_REACHED layouts=1/1 complete=True time=00:00:47
[RETURN id=10434 rank=06908] left=2,3,1,1,1,4,5 status=TIMEOUT layouts=0/1 complete=False time=00:01:00
[RETURN id=10452 rank=06913] left=2,3,1,1,5,4,1 status=TIMEOUT layouts=0/1 complete=False time=00:01:00
[RETURN id=10510 rank=06914] left=2,3,1,4,1,1,5 status=TIMEOUT layouts=0/1 complete=False time=00:01:00
[RETURN id=11168 rank=06935] left=2,4,0,4,1,4,2 status=QUOTA_REACHED layouts=1/1 complete=True time=00:00:19
[GLOBAL] [################------------] done=2033/3505 (58.00%) covered=2033 layouts=2033 running=14/14 remaining=1472 elapsed=02:45:30 rate=9.51 sig/min ETA=02:34:47
[COVERAGE] selected_mass(global)=47.579% covered_mass(global contribution)=29.175%
[LONGEST] id=10542 rank=6918 left=2,3,1,5,1,4,1 elapsed=00:00:58
[RETURN id=10542 rank=06918] left=2,3,1,5,1,4,1 status=TIMEOUT layouts=0/1 complete=False time=00:01:00
[RETURN id=11224 rank=06941] left=2,4,1,0,4,2,4 status=QUOTA_REACHED layouts=1/1 complete=True time=00:00:13
[RETURN id=10554 rank=06919] left=2,3,1,5,4,1,1 status=TIMEOUT layouts=0/1 complete=False time=00:01:00
[RETURN id=11166 rank=06934] left=2,4,0,4,1,2,4 status=QUOTA_REACHED layouts=1/1 complete=True time=00:00:30
[RETURN id=10896 rank=06922] left=2,3,4,1,5,1,1 status=TIMEOUT layouts=0/1 complete=False time=00:01:00
[RETURN id=11124 rank=06932] left=2,4,0,2,4,1,4 status=QUOTA_REACHED layouts=1/1 complete=True time=00:00:40
[RETURN id=11174 rank=06937] left=2,4,0,4,2,4,1 status=QUOTA_REACHED layouts=1/1 complete=True time=00:00:33
[RETURN id=10964 rank=06923] left=2,3,4,5,1,1,1 status=TIMEOUT layouts=0/1 complete=False time=00:01:00
[RETURN id=11062 rank=06927] left=2,3,5,4,1,1,1 status=TIMEOUT layouts=0/1 complete=False time=00:01:00
[RETURN id=11112 rank=06931] left=2,4,0,2,1,4,4 status=TIMEOUT layouts=0/1 complete=False time=00:01:00
[RETURN id=11324 rank=06957] left=2,4,1,4,2,0,4 status=QUOTA_REACHED layouts=1/1 complete=True time=00:00:16
[GLOBAL] [################------------] done=2038/3505 (58.15%) covered=2038 layouts=2038 running=14/14 remaining=1467 elapsed=02:46:00 rate=9.51 sig/min ETA=02:34:14
[COVERAGE] selected_mass(global)=47.579% covered_mass(global contribution)=29.182%
[LONGEST] id=11182 rank=6938 left=2,4,0,4,4,1,2 elapsed=00:00:45
[RETURN id=11260 rank=06949] left=2,4,1,2,0,4,4 status=QUOTA_REACHED layouts=1/1 complete=True time=00:00:38
[RETURN id=11182 rank=06938] left=2,4,0,4,4,1,2 status=TIMEOUT layouts=0/1 complete=False time=00:01:00
[RETURN id=11226 rank=06942] left=2,4,1,0,4,4,2 status=QUOTA_REACHED layouts=1/1 complete=True time=00:00:53
[RETURN id=11236 rank=06943] left=2,4,1,1,1,3,5 status=TIMEOUT layouts=0/1 complete=False time=00:01:00
[RETURN id=11238 rank=06944] left=2,4,1,1,1,5,3 status=TIMEOUT layouts=0/1 complete=False time=00:01:00
[GLOBAL] [################------------] done=2040/3505 (58.20%) covered=2040 layouts=2040 running=14/14 remaining=1465 elapsed=02:46:30 rate=9.50 sig/min ETA=02:34:17
[COVERAGE] selected_mass(global)=47.579% covered_mass(global contribution)=29.184%
[LONGEST] id=11290 rank=6952 left=2,4,1,3,1,1,5 elapsed=00:00:57
[RETURN id=11290 rank=06952] left=2,4,1,3,1,1,5 status=TIMEOUT layouts=0/1 complete=False time=00:01:00
[RETURN id=11314 rank=06955] left=2,4,1,4,0,2,4 status=TIMEOUT layouts=0/1 complete=False time=00:01:00
[RETURN id=11294 rank=06953] left=2,4,1,3,1,5,1 status=TIMEOUT layouts=0/1 complete=False time=00:01:00
[RETURN id=11316 rank=06956] left=2,4,1,4,0,4,2 status=TIMEOUT layouts=0/1 complete=False time=00:01:00
[RETURN id=11328 rank=06958] left=2,4,1,4,2,4,0 status=TIMEOUT layouts=0/1 complete=False time=00:01:00
[RETURN id=11354 rank=06963] left=2,4,1,5,3,1,1 status=TIMEOUT layouts=0/1 complete=False time=00:01:00
[RETURN id=11362 rank=06964] left=2,4,2,0,1,4,4 status=TIMEOUT layouts=0/1 complete=False time=00:01:00
[RETURN id=11406 rank=06969] left=2,4,2,1,4,4,0 status=QUOTA_REACHED layouts=1/1 complete=True time=00:00:34
[RETURN id=11374 rank=06965] left=2,4,2,0,4,1,4 status=QUOTA_REACHED layouts=1/1 complete=True time=00:00:53
[RETURN id=11482 rank=06975] left=2,4,2,4,4,1,0 status=QUOTA_REACHED layouts=1/1 complete=True time=00:00:31
[RETURN id=11402 rank=06968] left=2,4,2,1,4,0,4 status=TIMEOUT layouts=0/1 complete=False time=00:01:00
[GLOBAL] [################------------] done=2043/3505 (58.29%) covered=2043 layouts=2043 running=13/14 remaining=1462 elapsed=02:47:00 rate=9.48 sig/min ETA=02:34:08
[COVERAGE] selected_mass(global)=47.579% covered_mass(global contribution)=29.188%
[LONGEST] id=11464 rank=6970 left=2,4,2,4,0,1,4 elapsed=00:00:45
[RETURN id=11662 rank=06988] left=2,4,4,1,2,0,4 status=QUOTA_REACHED layouts=1/1 complete=True time=00:00:19
[RETURN id=11530 rank=06976] left=2,4,3,1,1,1,5 status=QUOTA_REACHED layouts=1/1 complete=True time=00:00:40
[RETURN id=11534 rank=06977] left=2,4,3,1,1,5,1 status=QUOTA_REACHED layouts=1/1 complete=True time=00:00:41
[RETURN id=11682 rank=06994] left=2,4,4,2,1,0,4 status=QUOTA_REACHED layouts=1/1 complete=True time=00:00:21
[RETURN id=11464 rank=06970] left=2,4,2,4,0,1,4 status=TIMEOUT layouts=0/1 complete=False time=00:01:00
[RETURN id=11686 rank=06995] left=2,4,4,2,1,4,0 status=QUOTA_REACHED layouts=1/1 complete=True time=00:00:33
[GLOBAL] [################------------] done=2048/3505 (58.43%) covered=2048 layouts=2048 running=7/14 remaining=1457 elapsed=02:47:30 rate=9.49 sig/min ETA=02:33:35
[COVERAGE] selected_mass(global)=47.579% covered_mass(global contribution)=29.195%
[LONGEST] id=11634 rank=6982 left=2,4,4,0,2,1,4 elapsed=00:00:56
[RETURN id=11654 rank=06987] left=2,4,4,1,0,4,2 status=QUOTA_REACHED layouts=1/1 complete=True time=00:00:54
[RETURN id=11634 rank=06982] left=2,4,4,0,2,1,4 status=TIMEOUT layouts=0/1 complete=False time=00:01:00
[RETURN id=11646 rank=06985] left=2,4,4,0,4,2,1 status=TIMEOUT layouts=0/1 complete=False time=00:01:00
[RETURN id=11652 rank=06986] left=2,4,4,1,0,2,4 status=TIMEOUT layouts=0/1 complete=False time=00:01:00
[RETURN id=11716 rank=07000] left=2,4,4,4,1,0,2 status=QUOTA_REACHED layouts=1/1 complete=True time=00:00:55
[RETURN id=11666 rank=06989] left=2,4,4,1,2,4,0 status=TIMEOUT layouts=0/1 complete=False time=00:01:00
[RETURN id=11680 rank=06993] left=2,4,4,2,0,4,1 status=TIMEOUT layouts=0/1 complete=False time=00:01:00
[GLOBAL] [################------------] done=2050/3505 (58.49%) covered=2050 layouts=2050 running=0/14 remaining=1455 elapsed=02:47:46 rate=9.48 sig/min ETA=02:33:25
[COVERAGE] selected_mass(global)=47.579% covered_mass(global contribution)=29.198%
[SCAN] 运行结束，做一次最终磁盘校正……

===== V5.1 汇总 =====
[GLOBAL] [################------------] done=2050/3505 (58.49%) covered=2050 layouts=2050 running=0/14 remaining=1455 elapsed=02:47:46 rate=9.48 sig/min ETA=02:33:25
[COVERAGE] selected_mass(global)=47.579% covered_mass(global contribution)=29.198%
status_counts={'QUOTA_REACHED': 2050, 'TIMEOUT': 1455}
library : /home/zhl/SingleArmTetris/SingleArmTetris/src/tools/找最优解/layouts_260_v5_shard0/library_shard00of02.jsonl (2050 layouts)
progress: /home/zhl/SingleArmTetris/SingleArmTetris/src/tools/找最优解/layouts_260_v5_shard0/progress_shard00of02.json
summary : /home/zhl/SingleArmTetris/SingleArmTetris/src/tools/找最优解/layouts_260_v5_shard0/summary_shard00of02.json
errors=0
仍有 timeout/未完成 signature；可增大 --task-time 后使用 --resume 继续。
