V5.1：V5求解逻辑 + 内存增量进度统计；运行中不再全目录扫描。
候选 placement 数量：2021
理论左右 signature：24017（sum(left)=17）
top-N 在 shard 前理论概率覆盖：80.004%
当前 shard：1267 signatures, shard=0/2
每 signature 目标布局数 K=3; 外层 jobs=14; CP workers=1
单 signature 本次时间：60s; heartbeat=30s
[SCAN] 启动时扫描已有结果……
启动前：done=0/1267, covered=741, layouts=741, pending=1267
[GLOBAL] [----------------------------] done=0/1267 (0.00%) covered=741 layouts=741 running=0/14 remaining=1267 elapsed=00:00:00 rate=0.00 sig/min ETA=?
[COVERAGE] selected_mass(global)=39.926% covered_mass(global contribution)=24.726%
[GLOBAL] [----------------------------] done=0/1267 (0.00%) covered=741 layouts=741 running=14/14 remaining=1267 elapsed=00:00:30 rate=0.00 sig/min ETA=?
[COVERAGE] selected_mass(global)=39.926% covered_mass(global contribution)=24.726%
[LONGEST] id=9812 rank=2 left=2,2,2,3,2,3,3 elapsed=00:00:30
[RETURN id=09812 rank=00002] left=2,2,2,3,2,3,3 status=QUOTA_REACHED layouts=3/3 complete=True time=00:00:34
[RETURN id=14324 rank=00025] left=3,2,2,3,2,3,2 status=QUOTA_REACHED layouts=3/3 complete=True time=00:00:53
[GLOBAL] [----------------------------] done=2/1267 (0.16%) covered=741 layouts=745 running=14/14 remaining=1265 elapsed=00:01:00 rate=2.00 sig/min ETA=10:32:30
[COVERAGE] selected_mass(global)=39.926% covered_mass(global contribution)=24.726%
[LONGEST] id=9818 rank=4 left=2,2,2,3,3,3,2 elapsed=00:01:00
[RETURN id=09966 rank=00008] left=2,2,3,3,2,2,3 status=TIMEOUT layouts=2/3 complete=False time=00:01:00
[RETURN id=10642 rank=00014] left=2,3,2,3,2,2,3 status=TIMEOUT layouts=2/3 complete=False time=00:01:00
[RETURN id=09942 rank=00006] left=2,2,3,2,3,2,3 status=TIMEOUT layouts=0/3 complete=False time=00:01:00
[RETURN id=14300 rank=00023] left=3,2,2,2,3,3,2 status=TIMEOUT layouts=1/3 complete=False time=00:01:00
[RETURN id=10618 rank=00012] left=2,3,2,2,3,2,3 status=TIMEOUT layouts=2/3 complete=False time=00:01:00
[RETURN id=10648 rank=00016] left=2,3,2,3,3,2,2 status=TIMEOUT layouts=1/3 complete=False time=00:01:00
[RETURN id=14448 rank=00027] left=3,2,3,2,2,2,3 status=TIMEOUT layouts=2/3 complete=False time=00:01:00
[RETURN id=10768 rank=00018] left=2,3,3,2,2,3,2 status=TIMEOUT layouts=2/3 complete=False time=00:01:00
[RETURN id=09972 rank=00010] left=2,2,3,3,3,2,2 status=TIMEOUT layouts=2/3 complete=False time=00:01:00
[RETURN id=09818 rank=00004] left=2,2,2,3,3,3,2 status=TIMEOUT layouts=2/3 complete=False time=00:01:00
[RETURN id=14294 rank=00021] left=3,2,2,2,2,3,3 status=TIMEOUT layouts=1/3 complete=False time=00:01:00
[RETURN id=10796 rank=00020] left=2,3,3,3,2,2,2 status=TIMEOUT layouts=2/3 complete=False time=00:01:00
[GLOBAL] [----------------------------] done=2/1267 (0.16%) covered=742 layouts=754 running=14/14 remaining=1265 elapsed=00:01:30 rate=1.33 sig/min ETA=15:48:45
[COVERAGE] selected_mass(global)=39.926% covered_mass(global contribution)=24.946%
[LONGEST] id=14454 rank=29 left=3,2,3,2,3,2,2 elapsed=00:00:56
[RETURN id=14454 rank=00029] left=3,2,3,2,3,2,2 status=TIMEOUT layouts=1/3 complete=False time=00:01:00
[RETURN id=05476 rank=00038] left=1,2,3,3,2,3,3 status=QUOTA_REACHED layouts=3/3 complete=True time=00:00:39
[RETURN id=09162 rank=00054] left=2,1,3,3,3,2,3 status=QUOTA_REACHED layouts=3/3 complete=True time=00:00:51
[RETURN id=15104 rank=00032] left=3,3,2,2,2,3,2 status=TIMEOUT layouts=0/3 complete=False time=00:01:00
[GLOBAL] [----------------------------] done=4/1267 (0.32%) covered=743 layouts=759 running=14/14 remaining=1263 elapsed=00:02:00 rate=2.00 sig/min ETA=10:31:30
[COVERAGE] selected_mass(global)=39.926% covered_mass(global contribution)=25.166%
[LONGEST] id=15132 rank=34 left=3,3,2,3,2,2,2 elapsed=00:00:59
[RETURN id=15132 rank=00034] left=3,3,2,3,2,2,2 status=TIMEOUT layouts=2/3 complete=False time=00:01:00
[RETURN id=05338 rank=00036] left=1,2,2,3,3,3,3 status=TIMEOUT layouts=1/3 complete=False time=00:01:00
[RETURN id=05482 rank=00040] left=1,2,3,3,3,3,2 status=TIMEOUT layouts=2/3 complete=False time=00:01:00
[RETURN id=09134 rank=00052] left=2,1,3,2,3,3,3 status=QUOTA_REACHED layouts=3/3 complete=True time=00:00:59
[RETURN id=06256 rank=00045] left=1,3,3,2,2,3,3 status=TIMEOUT layouts=2/3 complete=False time=00:01:00
[RETURN id=06108 rank=00041] left=1,3,2,2,3,3,3 status=TIMEOUT layouts=1/3 complete=False time=00:01:00
[RETURN id=06286 rank=00049] left=1,3,3,3,2,3,2 status=TIMEOUT layouts=0/3 complete=False time=00:01:00
[RETURN id=06136 rank=00043] left=1,3,2,3,3,2,3 status=TIMEOUT layouts=1/3 complete=False time=00:01:00
[RETURN id=06262 rank=00047] left=1,3,3,2,3,3,2 status=TIMEOUT layouts=1/3 complete=False time=00:01:00
[RETURN id=09674 rank=00056] left=2,2,1,3,3,3,3 status=TIMEOUT layouts=2/3 complete=False time=00:01:00
[RETURN id=09784 rank=00057] left=2,2,2,2,2,3,4 status=QUOTA_REACHED layouts=3/3 complete=True time=00:00:50
[GLOBAL] [----------------------------] done=6/1267 (0.47%) covered=744 layouts=768 running=14/14 remaining=1261 elapsed=00:02:30 rate=2.40 sig/min ETA=08:45:25
[COVERAGE] selected_mass(global)=39.926% covered_mass(global contribution)=25.276%
[LONGEST] id=9788 rank=59 left=2,2,2,2,3,2,4 elapsed=00:00:50
[RETURN id=09788 rank=00059] left=2,2,2,2,3,2,4 status=TIMEOUT layouts=0/3 complete=False time=00:01:00
[RETURN id=09790 rank=00060] left=2,2,2,2,3,4,2 status=TIMEOUT layouts=0/3 complete=False time=00:01:00
[RETURN id=09794 rank=00061] left=2,2,2,2,4,2,3 status=TIMEOUT layouts=0/3 complete=False time=00:01:00
[GLOBAL] [----------------------------] done=6/1267 (0.47%) covered=744 layouts=768 running=14/14 remaining=1261 elapsed=00:03:00 rate=2.00 sig/min ETA=10:30:30
[COVERAGE] selected_mass(global)=39.926% covered_mass(global contribution)=25.276%
[LONGEST] id=9842 rank=67 left=2,2,2,4,2,3,2 elapsed=00:00:59
[RETURN id=09842 rank=00067] left=2,2,2,4,2,3,2 status=TIMEOUT layouts=1/3 complete=False time=00:01:00
[RETURN id=09914 rank=00069] left=2,2,3,1,3,3,3 status=TIMEOUT layouts=1/3 complete=False time=00:01:00
[RETURN id=09936 rank=00070] left=2,2,3,2,2,2,4 status=TIMEOUT layouts=2/3 complete=False time=00:01:00
[RETURN id=09948 rank=00072] left=2,2,3,2,4,2,2 status=TIMEOUT layouts=1/3 complete=False time=00:01:00
[RETURN id=09938 rank=00071] left=2,2,3,2,2,4,2 status=TIMEOUT layouts=1/3 complete=False time=00:01:00
[RETURN id=10092 rank=00078] left=2,2,4,2,2,3,2 status=TIMEOUT layouts=0/3 complete=False time=00:01:00
[RETURN id=10488 rank=00082] left=2,3,1,3,2,3,3 status=TIMEOUT layouts=1/3 complete=False time=00:01:00
[RETURN id=10494 rank=00084] left=2,3,1,3,3,3,2 status=TIMEOUT layouts=2/3 complete=False time=00:01:00
[RETURN id=10120 rank=00080] left=2,2,4,3,2,2,2 status=TIMEOUT layouts=1/3 complete=False time=00:01:00
[RETURN id=10590 rank=00085] left=2,3,2,1,3,3,3 status=TIMEOUT layouts=2/3 complete=False time=00:01:00
[RETURN id=10612 rank=00086] left=2,3,2,2,2,2,4 status=TIMEOUT layouts=1/3 complete=False time=00:01:00
[GLOBAL] [----------------------------] done=6/1267 (0.47%) covered=747 layouts=774 running=14/14 remaining=1261 elapsed=00:03:30 rate=1.71 sig/min ETA=12:15:35
[COVERAGE] selected_mass(global)=39.926% covered_mass(global contribution)=25.607%
[LONGEST] id=10614 rank=87 left=2,3,2,2,2,4,2 elapsed=00:00:49
[RETURN id=10614 rank=00087] left=2,3,2,2,2,4,2 status=TIMEOUT layouts=2/3 complete=False time=00:01:00
[RETURN id=10624 rank=00088] left=2,3,2,2,4,2,2 status=TIMEOUT layouts=2/3 complete=False time=00:01:00
[RETURN id=10738 rank=00093] left=2,3,3,1,2,3,3 status=TIMEOUT layouts=0/3 complete=False time=00:01:00
[GLOBAL] [----------------------------] done=6/1267 (0.47%) covered=747 layouts=776 running=14/14 remaining=1261 elapsed=00:04:00 rate=1.50 sig/min ETA=14:00:40
[COVERAGE] selected_mass(global)=39.926% covered_mass(global contribution)=25.607%
[LONGEST] id=10744 rank=95 left=2,3,3,1,3,3,2 elapsed=00:00:58
[RETURN id=10772 rank=00097] left=2,3,3,2,3,1,3 status=TIMEOUT layouts=1/3 complete=False time=00:01:00
[RETURN id=10744 rank=00095] left=2,3,3,1,3,3,2 status=TIMEOUT layouts=2/3 complete=False time=00:01:00
[RETURN id=10762 rank=00096] left=2,3,3,2,1,3,3 status=TIMEOUT layouts=1/3 complete=False time=00:01:00
[RETURN id=10774 rank=00098] left=2,3,3,2,3,3,1 status=TIMEOUT layouts=1/3 complete=False time=00:01:00
[RETURN id=10790 rank=00099] left=2,3,3,3,1,2,3 status=TIMEOUT layouts=1/3 complete=False time=00:01:00
[RETURN id=10800 rank=00103] left=2,3,3,3,3,1,2 status=TIMEOUT layouts=1/3 complete=False time=00:01:00
[RETURN id=11422 rank=00106] left=2,4,2,2,2,2,3 status=TIMEOUT layouts=0/3 complete=False time=00:01:00
[RETURN id=13470 rank=00111] left=3,1,2,2,3,3,3 status=TIMEOUT layouts=1/3 complete=False time=00:01:00
[RETURN id=11428 rank=00108] left=2,4,2,2,3,2,2 status=TIMEOUT layouts=2/3 complete=False time=00:01:00
[RETURN id=11566 rank=00110] left=2,4,3,2,2,2,2 status=TIMEOUT layouts=0/3 complete=False time=00:01:00
[RETURN id=13498 rank=00113] left=3,1,2,3,3,2,3 status=TIMEOUT layouts=1/3 complete=False time=00:01:00
[GLOBAL] [----------------------------] done=6/1267 (0.47%) covered=750 layouts=781 running=14/14 remaining=1261 elapsed=00:04:30 rate=1.33 sig/min ETA=15:45:45
[COVERAGE] selected_mass(global)=39.926% covered_mass(global contribution)=25.938%
[LONGEST] id=13618 rank=115 left=3,1,3,2,2,3,3 elapsed=00:00:48
[RETURN id=13618 rank=00115] left=3,1,3,2,2,3,3 status=TIMEOUT layouts=2/3 complete=False time=00:01:00
[RETURN id=13624 rank=00117] left=3,1,3,2,3,3,2 status=QUOTA_REACHED layouts=3/3 complete=True time=00:00:57
[RETURN id=13648 rank=00119] left=3,1,3,3,2,3,2 status=TIMEOUT layouts=2/3 complete=False time=00:01:00
[GLOBAL] [----------------------------] done=7/1267 (0.55%) covered=750 layouts=785 running=14/14 remaining=1260 elapsed=00:05:00 rate=1.40 sig/min ETA=15:00:00
[COVERAGE] selected_mass(global)=39.926% covered_mass(global contribution)=25.938%
[LONGEST] id=14146 rank=121 left=3,2,1,2,3,3,3 elapsed=00:00:58
[RETURN id=14174 rank=00123] left=3,2,1,3,3,2,3 status=TIMEOUT layouts=1/3 complete=False time=00:01:00
[RETURN id=14146 rank=00121] left=3,2,1,2,3,3,3 status=TIMEOUT layouts=1/3 complete=False time=00:01:00
[RETURN id=14318 rank=00129] left=3,2,2,3,1,3,3 status=TIMEOUT layouts=1/3 complete=False time=00:01:00
[RETURN id=14328 rank=00130] left=3,2,2,3,3,1,3 status=TIMEOUT layouts=1/3 complete=False time=00:01:00
[RETURN id=14424 rank=00134] left=3,2,3,1,3,2,3 status=TIMEOUT layouts=2/3 complete=False time=00:01:00
[RETURN id=14330 rank=00131] left=3,2,2,3,3,3,1 status=TIMEOUT layouts=0/3 complete=False time=00:01:00
[RETURN id=14352 rank=00132] left=3,2,2,4,2,2,2 status=TIMEOUT layouts=1/3 complete=False time=00:01:00
[RETURN id=14472 rank=00140] left=3,2,3,3,1,3,2 status=TIMEOUT layouts=1/3 complete=False time=00:01:00
[RETURN id=14476 rank=00141] left=3,2,3,3,2,1,3 status=TIMEOUT layouts=1/3 complete=False time=00:01:00
[RETURN id=14478 rank=00142] left=3,2,3,3,2,3,1 status=TIMEOUT layouts=2/3 complete=False time=00:01:00
[RETURN id=14482 rank=00144] left=3,2,3,3,3,2,1 status=TIMEOUT layouts=1/3 complete=False time=00:01:00
[GLOBAL] [----------------------------] done=7/1267 (0.55%) covered=753 layouts=790 running=14/14 remaining=1260 elapsed=00:05:30 rate=1.27 sig/min ETA=16:30:00
[COVERAGE] selected_mass(global)=39.926% covered_mass(global contribution)=26.268%
[LONGEST] id=14592 rank=145 left=3,2,4,2,2,2,2 elapsed=00:00:47
[RETURN id=14592 rank=00145] left=3,2,4,2,2,2,2 status=TIMEOUT layouts=0/3 complete=False time=00:01:00
[RETURN id=14954 rank=00147] left=3,3,1,2,3,2,3 status=TIMEOUT layouts=2/3 complete=False time=00:01:00
[RETURN id=14978 rank=00149] left=3,3,1,3,2,2,3 status=TIMEOUT layouts=2/3 complete=False time=00:01:00
[GLOBAL] [----------------------------] done=7/1267 (0.55%) covered=753 layouts=792 running=14/14 remaining=1260 elapsed=00:06:00 rate=1.17 sig/min ETA=18:00:00
[COVERAGE] selected_mass(global)=39.926% covered_mass(global contribution)=26.268%
[LONGEST] id=14984 rank=151 left=3,3,1,3,3,2,2 elapsed=00:00:57
[RETURN id=15074 rank=00152] left=3,3,2,1,2,3,3 status=TIMEOUT layouts=1/3 complete=False time=00:01:00
[RETURN id=15080 rank=00154] left=3,3,2,1,3,3,2 status=QUOTA_REACHED layouts=3/3 complete=True time=00:00:59
[RETURN id=14984 rank=00151] left=3,3,1,3,3,2,2 status=TIMEOUT layouts=2/3 complete=False time=00:01:00
[RETURN id=15108 rank=00156] left=3,3,2,2,3,1,3 status=TIMEOUT layouts=0/3 complete=False time=00:01:00
[RETURN id=15098 rank=00155] left=3,3,2,2,1,3,3 status=TIMEOUT layouts=1/3 complete=False time=00:01:00
[RETURN id=15110 rank=00157] left=3,3,2,2,3,3,1 status=TIMEOUT layouts=1/3 complete=False time=00:01:00
[RETURN id=15126 rank=00158] left=3,3,2,3,1,2,3 status=TIMEOUT layouts=2/3 complete=False time=00:01:00
[RETURN id=15224 rank=00166] left=3,3,3,1,3,2,2 status=TIMEOUT layouts=2/3 complete=False time=00:01:00
[RETURN id=15136 rank=00162] left=3,3,2,3,3,1,2 status=TIMEOUT layouts=1/3 complete=False time=00:01:00
[RETURN id=15218 rank=00164] left=3,3,3,1,2,2,3 status=TIMEOUT layouts=1/3 complete=False time=00:01:00
[RETURN id=15242 rank=00168] left=3,3,3,2,1,3,2 status=QUOTA_REACHED layouts=3/3 complete=True time=00:00:47
[GLOBAL] [----------------------------] done=9/1267 (0.71%) covered=754 layouts=800 running=14/14 remaining=1258 elapsed=00:06:30 rate=1.38 sig/min ETA=15:08:33
[COVERAGE] selected_mass(global)=39.926% covered_mass(global contribution)=26.378%
[LONGEST] id=15246 rank=169 left=3,3,3,2,2,1,3 elapsed=00:00:47
[RETURN id=15246 rank=00169] left=3,3,3,2,2,1,3 status=TIMEOUT layouts=1/3 complete=False time=00:01:00
[RETURN id=18590 rank=00178] left=4,2,2,2,2,3,2 status=QUOTA_REACHED layouts=3/3 complete=True time=00:00:47
[RETURN id=15248 rank=00170] left=3,3,3,2,2,3,1 status=TIMEOUT layouts=2/3 complete=False time=00:01:00
[RETURN id=15252 rank=00172] left=3,3,3,2,3,2,1 status=TIMEOUT layouts=2/3 complete=False time=00:01:00
[GLOBAL] [----------------------------] done=10/1267 (0.79%) covered=755 layouts=805 running=14/14 remaining=1257 elapsed=00:07:00 rate=1.43 sig/min ETA=14:39:54
[COVERAGE] selected_mass(global)=39.926% covered_mass(global contribution)=26.489%
[LONGEST] id=15272 rank=175 left=3,3,3,3,2,2,1 elapsed=00:00:56
[RETURN id=15272 rank=00175] left=3,3,3,3,2,2,1 status=TIMEOUT layouts=2/3 complete=False time=00:01:00
[RETURN id=15842 rank=00176] left=3,4,2,2,2,2,2 status=TIMEOUT layouts=0/3 complete=False time=00:01:00
[RETURN id=18618 rank=00180] left=4,2,2,3,2,2,2 status=TIMEOUT layouts=2/3 complete=False time=00:01:00
[RETURN id=19328 rank=00182] left=4,3,2,2,2,2,2 status=TIMEOUT layouts=1/3 complete=False time=00:01:00
[RETURN id=05314 rank=00185] left=1,2,2,2,3,4,3 status=TIMEOUT layouts=1/3 complete=False time=00:01:00
[RETURN id=05334 rank=00188] left=1,2,2,3,2,4,3 status=TIMEOUT layouts=1/3 complete=False time=00:01:00
[RETURN id=05318 rank=00186] left=1,2,2,2,4,3,3 status=TIMEOUT layouts=1/3 complete=False time=00:01:00
[RETURN id=05344 rank=00192] left=1,2,2,3,4,3,2 status=TIMEOUT layouts=0/3 complete=False time=00:01:00
[RETURN id=05366 rank=00194] left=1,2,2,4,3,2,3 status=TIMEOUT layouts=0/3 complete=False time=00:01:00
[RETURN id=05448 rank=00196] left=1,2,3,2,2,3,4 status=TIMEOUT layouts=2/3 complete=False time=00:01:00
[GLOBAL] [----------------------------] done=10/1267 (0.79%) covered=757 layouts=810 running=14/14 remaining=1257 elapsed=00:07:30 rate=1.33 sig/min ETA=15:42:45
[COVERAGE] selected_mass(global)=39.926% covered_mass(global contribution)=26.654%
[LONGEST] id=5452 rank=198 left=1,2,3,2,3,2,4 elapsed=00:00:46
[RETURN id=05506 rank=00206] left=1,2,3,4,2,3,2 status=QUOTA_REACHED layouts=3/3 complete=True time=00:00:40
[RETURN id=05452 rank=00198] left=1,2,3,2,3,2,4 status=QUOTA_REACHED layouts=3/3 complete=True time=00:00:58
[RETURN id=05454 rank=00199] left=1,2,3,2,3,4,2 status=TIMEOUT layouts=0/3 complete=False time=00:01:00
[RETURN id=05458 rank=00200] left=1,2,3,2,4,2,3 status=TIMEOUT layouts=1/3 complete=False time=00:01:00
[GLOBAL] [----------------------------] done=12/1267 (0.95%) covered=757 layouts=814 running=14/14 remaining=1255 elapsed=00:08:00 rate=1.50 sig/min ETA=13:56:40
[COVERAGE] selected_mass(global)=39.926% covered_mass(global contribution)=26.654%
[LONGEST] id=5606 rank=209 left=1,2,4,2,3,2,3 elapsed=00:00:56
[RETURN id=05606 rank=00209] left=1,2,4,2,3,2,3 status=TIMEOUT layouts=2/3 complete=False time=00:01:00
[RETURN id=05630 rank=00211] left=1,2,4,3,2,2,3 status=TIMEOUT layouts=1/3 complete=False time=00:01:00
[RETURN id=05636 rank=00213] left=1,2,4,3,3,2,2 status=TIMEOUT layouts=0/3 complete=False time=00:01:00
[RETURN id=06104 rank=00216] left=1,3,2,2,2,4,3 status=TIMEOUT layouts=1/3 complete=False time=00:01:00
[RETURN id=06130 rank=00221] left=1,3,2,3,2,2,4 status=TIMEOUT layouts=0/3 complete=False time=00:01:00
[RETURN id=06114 rank=00220] left=1,3,2,2,4,3,2 status=TIMEOUT layouts=0/3 complete=False time=00:01:00
[RETURN id=06132 rank=00222] left=1,3,2,3,2,4,2 status=TIMEOUT layouts=2/3 complete=False time=00:01:00
[RETURN id=06142 rank=00223] left=1,3,2,3,4,2,2 status=TIMEOUT layouts=1/3 complete=False time=00:01:00
[RETURN id=06160 rank=00224] left=1,3,2,4,2,2,3 status=TIMEOUT layouts=2/3 complete=False time=00:01:00
[RETURN id=06166 rank=00226] left=1,3,2,4,3,2,2 status=TIMEOUT layouts=2/3 complete=False time=00:01:00
[GLOBAL] [----------------------------] done=12/1267 (0.95%) covered=760 layouts=821 running=14/14 remaining=1255 elapsed=00:08:30 rate=1.41 sig/min ETA=14:48:58
[COVERAGE] selected_mass(global)=39.926% covered_mass(global contribution)=26.819%
[LONGEST] id=6280 rank=231 left=1,3,3,3,1,3,3 elapsed=00:00:50
[RETURN id=06290 rank=00232] left=1,3,3,3,3,1,3 status=QUOTA_REACHED layouts=3/3 complete=True time=00:00:47
[RETURN id=06280 rank=00231] left=1,3,3,3,1,3,3 status=TIMEOUT layouts=2/3 complete=False time=00:01:00
[RETURN id=06292 rank=00233] left=1,3,3,3,3,3,1 status=TIMEOUT layouts=1/3 complete=False time=00:01:00
[RETURN id=06314 rank=00234] left=1,3,3,4,2,2,2 status=TIMEOUT layouts=2/3 complete=False time=00:01:00
[GLOBAL] [----------------------------] done=13/1267 (1.03%) covered=760 layouts=825 running=14/14 remaining=1254 elapsed=00:09:00 rate=1.44 sig/min ETA=14:28:09
[COVERAGE] selected_mass(global)=39.926% covered_mass(global contribution)=26.819%
[LONGEST] id=6410 rank=235 left=1,3,4,2,2,2,3 elapsed=00:00:55
[RETURN id=06410 rank=00235] left=1,3,4,2,2,2,3 status=TIMEOUT layouts=2/3 complete=False time=00:01:00
[RETURN id=06932 rank=00239] left=1,4,2,2,2,3,3 status=TIMEOUT layouts=1/3 complete=False time=00:01:00
[RETURN id=06416 rank=00237] left=1,3,4,2,3,2,2 status=TIMEOUT layouts=2/3 complete=False time=00:01:00
[RETURN id=06938 rank=00241] left=1,4,2,2,3,3,2 status=TIMEOUT layouts=2/3 complete=False time=00:01:00
[RETURN id=06962 rank=00243] left=1,4,2,3,2,3,2 status=TIMEOUT layouts=0/3 complete=False time=00:01:00
[RETURN id=07086 rank=00245] left=1,4,3,2,2,2,3 status=TIMEOUT layouts=2/3 complete=False time=00:01:00
[RETURN id=07092 rank=00247] left=1,4,3,2,3,2,2 status=TIMEOUT layouts=1/3 complete=False time=00:01:00
[RETURN id=08994 rank=00249] left=2,1,2,2,3,3,4 status=TIMEOUT layouts=0/3 complete=False time=00:01:00
[RETURN id=09014 rank=00252] left=2,1,2,3,2,3,4 status=TIMEOUT layouts=2/3 complete=False time=00:01:00
[RETURN id=09018 rank=00254] left=2,1,2,3,3,2,4 status=TIMEOUT layouts=2/3 complete=False time=00:01:00
[GLOBAL] [----------------------------] done=13/1267 (1.03%) covered=761 layouts=832 running=14/14 remaining=1254 elapsed=00:09:30 rate=1.37 sig/min ETA=15:16:23
[COVERAGE] selected_mass(global)=39.926% covered_mass(global contribution)=26.874%
[LONGEST] id=9020 rank=255 left=2,1,2,3,3,4,2 elapsed=00:00:59
[RETURN id=09024 rank=00256] left=2,1,2,3,4,2,3 status=QUOTA_REACHED layouts=3/3 complete=True time=00:00:49
[RETURN id=09020 rank=00255] left=2,1,2,3,3,4,2 status=TIMEOUT layouts=1/3 complete=False time=00:01:00
[RETURN id=09130 rank=00262] left=2,1,3,2,2,4,3 status=QUOTA_REACHED layouts=3/3 complete=True time=00:00:41
[RETURN id=09186 rank=00270] left=2,1,3,4,2,2,3 status=QUOTA_REACHED layouts=3/3 complete=True time=00:00:39
[RETURN id=09042 rank=00258] left=2,1,2,4,2,3,3 status=TIMEOUT layouts=2/3 complete=False time=00:01:00
[RETURN id=09048 rank=00260] left=2,1,2,4,3,3,2 status=TIMEOUT layouts=0/3 complete=False time=00:01:00
[GLOBAL] [----------------------------] done=16/1267 (1.26%) covered=761 layouts=839 running=14/14 remaining=1251 elapsed=00:10:00 rate=1.60 sig/min ETA=13:01:53
[COVERAGE] selected_mass(global)=39.926% covered_mass(global contribution)=26.874%
[LONGEST] id=9140 rank=266 left=2,1,3,2,4,3,2 elapsed=00:00:53
[RETURN id=09140 rank=00266] left=2,1,3,2,4,3,2 status=TIMEOUT layouts=2/3 complete=False time=00:01:00
[RETURN id=09158 rank=00268] left=2,1,3,3,2,4,2 status=TIMEOUT layouts=1/3 complete=False time=00:01:00
[RETURN id=09156 rank=00267] left=2,1,3,3,2,2,4 status=TIMEOUT layouts=0/3 complete=False time=00:01:00
[RETURN id=09168 rank=00269] left=2,1,3,3,4,2,2 status=TIMEOUT layouts=2/3 complete=False time=00:01:00
[RETURN id=09192 rank=00272] left=2,1,3,4,3,2,2 status=TIMEOUT layouts=2/3 complete=False time=00:01:00
[RETURN id=09282 rank=00273] left=2,1,4,2,2,3,3 status=TIMEOUT layouts=1/3 complete=False time=00:01:00
[RETURN id=09288 rank=00275] left=2,1,4,2,3,3,2 status=TIMEOUT layouts=0/3 complete=False time=00:01:00
[RETURN id=09312 rank=00277] left=2,1,4,3,2,3,2 status=TIMEOUT layouts=1/3 complete=False time=00:01:00
[GLOBAL] [----------------------------] done=16/1267 (1.26%) covered=764 layouts=845 running=14/14 remaining=1251 elapsed=00:10:30 rate=1.52 sig/min ETA=13:40:58
[COVERAGE] selected_mass(global)=39.926% covered_mass(global contribution)=27.040%
[LONGEST] id=9650 rank=280 left=2,2,1,2,3,4,3 elapsed=00:01:00
[RETURN id=09650 rank=00280] left=2,2,1,2,3,4,3 status=TIMEOUT layouts=0/3 complete=False time=00:01:00
[RETURN id=09654 rank=00281] left=2,2,1,2,4,3,3 status=TIMEOUT layouts=2/3 complete=False time=00:01:00
[RETURN id=09670 rank=00283] left=2,2,1,3,2,4,3 status=TIMEOUT layouts=2/3 complete=False time=00:01:00
[RETURN id=09680 rank=00287] left=2,2,1,3,4,3,2 status=TIMEOUT layouts=1/3 complete=False time=00:01:00
[RETURN id=09702 rank=00289] left=2,2,1,4,3,2,3 status=TIMEOUT layouts=0/3 complete=False time=00:01:00
[RETURN id=09764 rank=00291] left=2,2,2,1,3,3,4 status=TIMEOUT layouts=1/3 complete=False time=00:01:00
[GLOBAL] [----------------------------] done=16/1267 (1.26%) covered=765 layouts=848 running=14/14 remaining=1251 elapsed=00:11:00 rate=1.45 sig/min ETA=14:20:04
[COVERAGE] selected_mass(global)=39.926% covered_mass(global contribution)=27.095%
[LONGEST] id=9808 rank=295 left=2,2,2,3,1,4,3 elapsed=00:00:52
[RETURN id=09808 rank=00295] left=2,2,2,3,1,4,3 status=TIMEOUT layouts=0/3 complete=False time=00:01:00
[RETURN id=09816 rank=00296] left=2,2,2,3,3,1,4 status=TIMEOUT layouts=2/3 complete=False time=00:01:00
[RETURN id=09822 rank=00298] left=2,2,2,3,4,1,3 status=TIMEOUT layouts=2/3 complete=False time=00:01:00
[RETURN id=09824 rank=00299] left=2,2,2,3,4,3,1 status=TIMEOUT layouts=2/3 complete=False time=00:01:00
[RETURN id=09836 rank=00300] left=2,2,2,4,1,3,3 status=TIMEOUT layouts=0/3 complete=False time=00:01:00
[RETURN id=09846 rank=00301] left=2,2,2,4,3,1,3 status=TIMEOUT layouts=1/3 complete=False time=00:01:00
[RETURN id=09848 rank=00302] left=2,2,2,4,3,3,1 status=TIMEOUT layouts=1/3 complete=False time=00:01:00
[RETURN id=09910 rank=00304] left=2,2,3,1,2,4,3 status=TIMEOUT layouts=0/3 complete=False time=00:01:00
[GLOBAL] [----------------------------] done=16/1267 (1.26%) covered=766 layouts=852 running=14/14 remaining=1251 elapsed=00:11:30 rate=1.39 sig/min ETA=14:59:09
[COVERAGE] selected_mass(global)=39.926% covered_mass(global contribution)=27.150%
[LONGEST] id=9920 rank=308 left=2,2,3,1,4,3,2 elapsed=00:00:58
[RETURN id=09920 rank=00308] left=2,2,3,1,4,3,2 status=TIMEOUT layouts=0/3 complete=False time=00:01:00
[RETURN id=09932 rank=00309] left=2,2,3,2,1,3,4 status=TIMEOUT layouts=2/3 complete=False time=00:01:00
[RETURN id=09944 rank=00312] left=2,2,3,2,3,4,1 status=TIMEOUT layouts=2/3 complete=False time=00:01:00
[RETURN id=09960 rank=00315] left=2,2,3,3,1,2,4 status=TIMEOUT layouts=1/3 complete=False time=00:01:00
[RETURN id=09990 rank=00322] left=2,2,3,4,1,3,2 status=QUOTA_REACHED layouts=3/3 complete=True time=00:00:46
[RETURN id=09962 rank=00316] left=2,2,3,3,1,4,2 status=TIMEOUT layouts=2/3 complete=False time=00:01:00
[RETURN id=09968 rank=00318] left=2,2,3,3,2,4,1 status=TIMEOUT layouts=0/3 complete=False time=00:01:00
[GLOBAL] [----------------------------] done=17/1267 (1.34%) covered=768 layouts=859 running=14/14 remaining=1250 elapsed=00:12:00 rate=1.42 sig/min ETA=14:42:21
[COVERAGE] selected_mass(global)=39.926% covered_mass(global contribution)=27.260%
[LONGEST] id=9976 rank=319 left=2,2,3,3,4,1,2 elapsed=00:00:52
[RETURN id=09996 rank=00324] left=2,2,3,4,2,3,1 status=QUOTA_REACHED layouts=3/3 complete=True time=00:00:49
[RETURN id=09976 rank=00319] left=2,2,3,3,4,1,2 status=QUOTA_REACHED layouts=3/3 complete=True time=00:00:58
[RETURN id=09994 rank=00323] left=2,2,3,4,2,1,3 status=TIMEOUT layouts=2/3 complete=False time=00:01:00
[RETURN id=10000 rank=00326] left=2,2,3,4,3,2,1 status=TIMEOUT layouts=0/3 complete=False time=00:01:00
[RETURN id=10062 rank=00327] left=2,2,4,1,2,3,3 status=TIMEOUT layouts=1/3 complete=False time=00:01:00
[RETURN id=10068 rank=00329] left=2,2,4,1,3,3,2 status=TIMEOUT layouts=1/3 complete=False time=00:01:00
[RETURN id=10086 rank=00330] left=2,2,4,2,1,3,3 status=TIMEOUT layouts=1/3 complete=False time=00:01:00
[GLOBAL] [----------------------------] done=19/1267 (1.50%) covered=770 layouts=866 running=14/14 remaining=1248 elapsed=00:12:30 rate=1.52 sig/min ETA=13:41:03
[COVERAGE] selected_mass(global)=39.926% covered_mass(global contribution)=27.370%
[LONGEST] id=10096 rank=331 left=2,2,4,2,3,1,3 elapsed=00:00:57
[RETURN id=10096 rank=00331] left=2,2,4,2,3,1,3 status=TIMEOUT layouts=1/3 complete=False time=00:01:00
[RETURN id=10098 rank=00332] left=2,2,4,2,3,3,1 status=TIMEOUT layouts=2/3 complete=False time=00:01:00
[RETURN id=10114 rank=00333] left=2,2,4,3,1,2,3 status=TIMEOUT layouts=1/3 complete=False time=00:01:00
[RETURN id=10124 rank=00337] left=2,2,4,3,3,1,2 status=TIMEOUT layouts=1/3 complete=False time=00:01:00
[RETURN id=10460 rank=00339] left=2,3,1,2,2,3,4 status=TIMEOUT layouts=1/3 complete=False time=00:01:00
[RETURN id=10464 rank=00341] left=2,3,1,2,3,2,4 status=TIMEOUT layouts=0/3 complete=False time=00:01:00
[RETURN id=10466 rank=00342] left=2,3,1,2,3,4,2 status=TIMEOUT layouts=1/3 complete=False time=00:01:00
[GLOBAL] [----------------------------] done=19/1267 (1.50%) covered=771 layouts=868 running=14/14 remaining=1248 elapsed=00:13:00 rate=1.46 sig/min ETA=14:13:54
[COVERAGE] selected_mass(global)=39.926% covered_mass(global contribution)=27.425%
[LONGEST] id=10470 rank=343 left=2,3,1,2,4,2,3 elapsed=00:00:59
[RETURN id=10470 rank=00343] left=2,3,1,2,4,2,3 status=TIMEOUT layouts=1/3 complete=False time=00:01:00
[RETURN id=10518 rank=00349] left=2,3,1,4,2,3,2 status=TIMEOUT layouts=1/3 complete=False time=00:01:00
[RETURN id=10586 rank=00352] left=2,3,2,1,2,4,3 status=TIMEOUT layouts=0/3 complete=False time=00:01:00
[RETURN id=10596 rank=00356] left=2,3,2,1,4,3,2 status=TIMEOUT layouts=2/3 complete=False time=00:01:00
[RETURN id=10608 rank=00357] left=2,3,2,2,1,3,4 status=TIMEOUT layouts=1/3 complete=False time=00:01:00
[RETURN id=10620 rank=00360] left=2,3,2,2,3,4,1 status=TIMEOUT layouts=1/3 complete=False time=00:01:00
[RETURN id=10636 rank=00363] left=2,3,2,3,1,2,4 status=TIMEOUT layouts=2/3 complete=False time=00:01:00
[GLOBAL] [----------------------------] done=19/1267 (1.50%) covered=773 layouts=872 running=14/14 remaining=1248 elapsed=00:13:30 rate=1.41 sig/min ETA=14:46:44
[COVERAGE] selected_mass(global)=39.926% covered_mass(global contribution)=27.535%
[LONGEST] id=10638 rank=364 left=2,3,2,3,1,4,2 elapsed=00:00:56
[RETURN id=10644 rank=00366] left=2,3,2,3,2,4,1 status=TIMEOUT layouts=1/3 complete=False time=00:01:00
[RETURN id=10638 rank=00364] left=2,3,2,3,1,4,2 status=TIMEOUT layouts=2/3 complete=False time=00:01:00
[RETURN id=10652 rank=00367] left=2,3,2,3,4,1,2 status=TIMEOUT layouts=2/3 complete=False time=00:01:00
[RETURN id=10666 rank=00370] left=2,3,2,4,1,3,2 status=TIMEOUT layouts=1/3 complete=False time=00:01:00
[RETURN id=10670 rank=00371] left=2,3,2,4,2,1,3 status=TIMEOUT layouts=1/3 complete=False time=00:01:00
[RETURN id=10672 rank=00372] left=2,3,2,4,2,3,1 status=TIMEOUT layouts=1/3 complete=False time=00:01:00
[RETURN id=10676 rank=00374] left=2,3,2,4,3,2,1 status=TIMEOUT layouts=2/3 complete=False time=00:01:00
[GLOBAL] [----------------------------] done=19/1267 (1.50%) covered=774 layouts=876 running=14/14 remaining=1248 elapsed=00:14:00 rate=1.36 sig/min ETA=15:19:35
[COVERAGE] selected_mass(global)=39.926% covered_mass(global contribution)=27.590%
[LONGEST] id=10766 rank=380 left=2,3,3,2,2,1,4 elapsed=00:00:58
[RETURN id=10766 rank=00380] left=2,3,3,2,2,1,4 status=TIMEOUT layouts=1/3 complete=False time=00:01:00
[RETURN id=10778 rank=00383] left=2,3,3,2,4,2,1 status=TIMEOUT layouts=1/3 complete=False time=00:01:00
[RETURN id=10816 rank=00384] left=2,3,3,4,1,2,2 status=TIMEOUT layouts=1/3 complete=False time=00:01:00
[RETURN id=10882 rank=00387] left=2,3,4,1,2,2,3 status=TIMEOUT layouts=1/3 complete=False time=00:01:00
[RETURN id=10820 rank=00385] left=2,3,3,4,2,1,2 status=TIMEOUT layouts=1/3 complete=False time=00:01:00
[RETURN id=10888 rank=00389] left=2,3,4,1,3,2,2 status=TIMEOUT layouts=1/3 complete=False time=00:01:00
[RETURN id=10906 rank=00391] left=2,3,4,2,1,3,2 status=TIMEOUT layouts=1/3 complete=False time=00:01:00
[GLOBAL] [----------------------------] done=19/1267 (1.50%) covered=778 layouts=880 running=14/14 remaining=1248 elapsed=00:14:30 rate=1.31 sig/min ETA=15:52:25
[COVERAGE] selected_mass(global)=39.926% covered_mass(global contribution)=27.811%
[LONGEST] id=10910 rank=392 left=2,3,4,2,2,1,3 elapsed=00:00:55
[RETURN id=10910 rank=00392] left=2,3,4,2,2,1,3 status=TIMEOUT layouts=2/3 complete=False time=00:01:00
[RETURN id=10912 rank=00393] left=2,3,4,2,2,3,1 status=TIMEOUT layouts=1/3 complete=False time=00:01:00
[RETURN id=10916 rank=00395] left=2,3,4,2,3,2,1 status=TIMEOUT layouts=1/3 complete=False time=00:01:00
[RETURN id=10936 rank=00398] left=2,3,4,3,2,2,1 status=TIMEOUT layouts=1/3 complete=False time=00:01:00
[RETURN id=11268 rank=00399] left=2,4,1,2,2,3,3 status=TIMEOUT layouts=2/3 complete=False time=00:01:00
[GLOBAL] [----------------------------] done=19/1267 (1.50%) covered=779 layouts=883 running=14/14 remaining=1248 elapsed=00:15:00 rate=1.27 sig/min ETA=16:25:16
[COVERAGE] selected_mass(global)=39.926% covered_mass(global contribution)=27.866%
[LONGEST] id=11274 rank=401 left=2,4,1,2,3,3,2 elapsed=00:01:01
[RETURN id=11274 rank=00401] left=2,4,1,2,3,3,2 status=TIMEOUT layouts=0/3 complete=False time=00:01:00
[RETURN id=11298 rank=00403] left=2,4,1,3,2,3,2 status=TIMEOUT layouts=1/3 complete=False time=00:01:00
[RETURN id=11398 rank=00406] left=2,4,2,1,3,2,3 status=TIMEOUT layouts=1/3 complete=False time=00:01:00
[RETURN id=11446 rank=00412] left=2,4,2,3,1,3,2 status=TIMEOUT layouts=0/3 complete=False time=00:01:00
[RETURN id=11450 rank=00413] left=2,4,2,3,2,1,3 status=TIMEOUT layouts=1/3 complete=False time=00:01:00
[RETURN id=11586 rank=00426] left=2,4,3,3,1,2,2 status=QUOTA_REACHED layouts=3/3 complete=True time=00:00:38
[RETURN id=11452 rank=00414] left=2,4,2,3,2,3,1 status=TIMEOUT layouts=1/3 complete=False time=00:01:00
[RETURN id=11456 rank=00416] left=2,4,2,3,3,2,1 status=TIMEOUT layouts=1/3 complete=False time=00:01:00
[RETURN id=11538 rank=00418] left=2,4,3,1,2,3,2 status=TIMEOUT layouts=1/3 complete=False time=00:01:00
[RETURN id=11560 rank=00420] left=2,4,3,2,1,2,3 status=TIMEOUT layouts=1/3 complete=False time=00:01:00
[GLOBAL] [----------------------------] done=20/1267 (1.58%) covered=782 layouts=888 running=14/14 remaining=1247 elapsed=00:15:30 rate=1.29 sig/min ETA=16:06:26
[COVERAGE] selected_mass(global)=39.926% covered_mass(global contribution)=28.031%
[LONGEST] id=11570 rank=424 left=2,4,3,2,3,1,2 elapsed=00:00:54
[RETURN id=11570 rank=00424] left=2,4,3,2,3,1,2 status=TIMEOUT layouts=1/3 complete=False time=00:01:00
[RETURN id=11590 rank=00427] left=2,4,3,3,2,1,2 status=TIMEOUT layouts=2/3 complete=False time=00:01:00
[RETURN id=13466 rank=00431] left=3,1,2,2,2,4,3 status=TIMEOUT layouts=0/3 complete=False time=00:01:00
[RETURN id=13476 rank=00435] left=3,1,2,2,4,3,2 status=TIMEOUT layouts=1/3 complete=False time=00:01:00
[GLOBAL] [----------------------------] done=20/1267 (1.58%) covered=784 layouts=891 running=14/14 remaining=1247 elapsed=00:16:00 rate=1.25 sig/min ETA=16:37:36
[COVERAGE] selected_mass(global)=39.926% covered_mass(global contribution)=28.141%
[LONGEST] id=13492 rank=436 left=3,1,2,3,2,2,4 elapsed=00:01:00
[RETURN id=13492 rank=00436] left=3,1,2,3,2,2,4 status=TIMEOUT layouts=1/3 complete=False time=00:01:00
[RETURN id=13494 rank=00437] left=3,1,2,3,2,4,2 status=TIMEOUT layouts=1/3 complete=False time=00:01:00
[RETURN id=13504 rank=00438] left=3,1,2,3,4,2,2 status=TIMEOUT layouts=1/3 complete=False time=00:01:00
[RETURN id=13522 rank=00439] left=3,1,2,4,2,2,3 status=TIMEOUT layouts=2/3 complete=False time=00:01:00
[RETURN id=13772 rank=00450] left=3,1,4,2,2,2,3 status=QUOTA_REACHED layouts=3/3 complete=True time=00:00:45
[RETURN id=13528 rank=00441] left=3,1,2,4,3,2,2 status=TIMEOUT layouts=1/3 complete=False time=00:01:00
[RETURN id=13642 rank=00446] left=3,1,3,3,1,3,3 status=TIMEOUT layouts=2/3 complete=False time=00:01:00
[RETURN id=13652 rank=00447] left=3,1,3,3,3,1,3 status=TIMEOUT layouts=0/3 complete=False time=00:01:00
[RETURN id=13654 rank=00448] left=3,1,3,3,3,3,1 status=TIMEOUT layouts=2/3 complete=False time=00:01:00
[RETURN id=13676 rank=00449] left=3,1,3,4,2,2,2 status=TIMEOUT layouts=2/3 complete=False time=00:01:00
[GLOBAL] [----------------------------] done=21/1267 (1.66%) covered=784 layouts=897 running=14/14 remaining=1246 elapsed=00:16:30 rate=1.27 sig/min ETA=16:19:00
[COVERAGE] selected_mass(global)=39.926% covered_mass(global contribution)=28.141%
[LONGEST] id=13778 rank=452 left=3,1,4,2,3,2,2 elapsed=00:00:53
[RETURN id=13778 rank=00452] left=3,1,4,2,3,2,2 status=TIMEOUT layouts=1/3 complete=False time=00:01:00
[RETURN id=14142 rank=00455] left=3,2,1,2,2,4,3 status=TIMEOUT layouts=1/3 complete=False time=00:01:00
[RETURN id=14152 rank=00459] left=3,2,1,2,4,3,2 status=TIMEOUT layouts=0/3 complete=False time=00:01:00
[GLOBAL] [----------------------------] done=21/1267 (1.66%) covered=784 layouts=897 running=14/14 remaining=1246 elapsed=00:17:00 rate=1.24 sig/min ETA=16:48:40
[COVERAGE] selected_mass(global)=39.926% covered_mass(global contribution)=28.141%
[LONGEST] id=14168 rank=460 left=3,2,1,3,2,2,4 elapsed=00:01:01
[RETURN id=14168 rank=00460] left=3,2,1,3,2,2,4 status=TIMEOUT layouts=1/3 complete=False time=00:01:00
[RETURN id=14170 rank=00461] left=3,2,1,3,2,4,2 status=TIMEOUT layouts=1/3 complete=False time=00:01:00
[RETURN id=14180 rank=00462] left=3,2,1,3,4,2,2 status=TIMEOUT layouts=1/3 complete=False time=00:01:00
[RETURN id=14198 rank=00463] left=3,2,1,4,2,2,3 status=TIMEOUT layouts=0/3 complete=False time=00:01:00
[RETURN id=14204 rank=00465] left=3,2,1,4,3,2,2 status=TIMEOUT layouts=1/3 complete=False time=00:01:00
[RETURN id=14266 rank=00466] left=3,2,2,1,2,3,4 status=TIMEOUT layouts=1/3 complete=False time=00:01:00
[RETURN id=14270 rank=00468] left=3,2,2,1,3,2,4 status=TIMEOUT layouts=1/3 complete=False time=00:01:00
[RETURN id=14272 rank=00469] left=3,2,2,1,3,4,2 status=TIMEOUT layouts=1/3 complete=False time=00:01:00
[RETURN id=14276 rank=00470] left=3,2,2,1,4,2,3 status=TIMEOUT layouts=0/3 complete=False time=00:01:00
[RETURN id=14290 rank=00473] left=3,2,2,2,1,4,3 status=TIMEOUT layouts=1/3 complete=False time=00:01:00
[RETURN id=14298 rank=00474] left=3,2,2,2,3,1,4 status=TIMEOUT layouts=1/3 complete=False time=00:01:00
[GLOBAL] [----------------------------] done=21/1267 (1.66%) covered=786 layouts=899 running=14/14 remaining=1246 elapsed=00:17:30 rate=1.20 sig/min ETA=17:18:20
[COVERAGE] selected_mass(global)=39.926% covered_mass(global contribution)=28.252%
[LONGEST] id=14304 rank=476 left=3,2,2,2,4,1,3 elapsed=00:00:53
[RETURN id=14304 rank=00476] left=3,2,2,2,4,1,3 status=TIMEOUT layouts=2/3 complete=False time=00:01:00
[RETURN id=14420 rank=00491] left=3,2,3,1,2,4,2 status=QUOTA_REACHED layouts=3/3 complete=True time=00:00:37
[RETURN id=14306 rank=00477] left=3,2,2,2,4,3,1 status=TIMEOUT layouts=1/3 complete=False time=00:01:00
[RETURN id=14322 rank=00480] left=3,2,2,3,2,1,4 status=TIMEOUT layouts=2/3 complete=False time=00:01:00
[GLOBAL] [----------------------------] done=22/1267 (1.74%) covered=787 layouts=904 running=14/14 remaining=1245 elapsed=00:18:00 rate=1.22 sig/min ETA=16:58:38
[COVERAGE] selected_mass(global)=39.926% covered_mass(global contribution)=28.307%
[LONGEST] id=14334 rank=483 left=3,2,2,3,4,2,1 elapsed=00:01:00
[RETURN id=14334 rank=00483] left=3,2,2,3,4,2,1 status=TIMEOUT layouts=2/3 complete=False time=00:01:00
[RETURN id=14346 rank=00484] left=3,2,2,4,1,2,3 status=TIMEOUT layouts=0/3 complete=False time=00:01:00
[RETURN id=14356 rank=00488] left=3,2,2,4,3,1,2 status=TIMEOUT layouts=1/3 complete=False time=00:01:00
[RETURN id=14418 rank=00490] left=3,2,3,1,2,2,4 status=TIMEOUT layouts=1/3 complete=False time=00:01:00
[RETURN id=14430 rank=00492] left=3,2,3,1,4,2,2 status=TIMEOUT layouts=1/3 complete=False time=00:01:00
[RETURN id=14442 rank=00493] left=3,2,3,2,1,2,4 status=TIMEOUT layouts=1/3 complete=False time=00:01:00
[RETURN id=14444 rank=00494] left=3,2,3,2,1,4,2 status=TIMEOUT layouts=2/3 complete=False time=00:01:00
[RETURN id=14458 rank=00497] left=3,2,3,2,4,1,2 status=TIMEOUT layouts=1/3 complete=False time=00:01:00
[RETURN id=14450 rank=00496] left=3,2,3,2,2,4,1 status=TIMEOUT layouts=1/3 complete=False time=00:01:00
[RETURN id=14502 rank=00501] left=3,2,3,4,2,2,1 status=TIMEOUT layouts=2/3 complete=False time=00:01:00
[GLOBAL] [----------------------------] done=22/1267 (1.74%) covered=787 layouts=907 running=14/14 remaining=1245 elapsed=00:18:30 rate=1.19 sig/min ETA=17:26:56
[COVERAGE] selected_mass(global)=39.926% covered_mass(global contribution)=28.307%
[LONGEST] id=14564 rank=503 left=3,2,4,1,2,3,2 elapsed=00:00:52
[RETURN id=14564 rank=00503] left=3,2,4,1,2,3,2 status=TIMEOUT layouts=2/3 complete=False time=00:01:00
[RETURN id=14586 rank=00505] left=3,2,4,2,1,2,3 status=TIMEOUT layouts=1/3 complete=False time=00:01:00
[RETURN id=14596 rank=00509] left=3,2,4,2,3,1,2 status=TIMEOUT layouts=0/3 complete=False time=00:01:00
[RETURN id=14612 rank=00511] left=3,2,4,3,1,2,2 status=TIMEOUT layouts=1/3 complete=False time=00:01:00
[GLOBAL] [----------------------------] done=22/1267 (1.74%) covered=789 layouts=910 running=14/14 remaining=1245 elapsed=00:19:00 rate=1.16 sig/min ETA=17:55:14
[COVERAGE] selected_mass(global)=39.926% covered_mass(global contribution)=28.417%
[LONGEST] id=14616 rank=512 left=3,2,4,3,2,1,2 elapsed=00:00:59
[RETURN id=14616 rank=00512] left=3,2,4,3,2,1,2 status=TIMEOUT layouts=2/3 complete=False time=00:01:00
[RETURN id=14926 rank=00514] left=3,3,1,1,3,3,3 status=TIMEOUT layouts=1/3 complete=False time=00:01:00
[RETURN id=14948 rank=00515] left=3,3,1,2,2,2,4 status=TIMEOUT layouts=0/3 complete=False time=00:01:00
[RETURN id=14950 rank=00516] left=3,3,1,2,2,4,2 status=TIMEOUT layouts=0/3 complete=False time=00:01:00
[RETURN id=14960 rank=00517] left=3,3,1,2,4,2,2 status=TIMEOUT layouts=1/3 complete=False time=00:01:00
[RETURN id=15102 rank=00527] left=3,3,2,2,2,1,4 status=TIMEOUT layouts=1/3 complete=False time=00:01:00
[RETURN id=15114 rank=00530] left=3,3,2,2,4,2,1 status=TIMEOUT layouts=1/3 complete=False time=00:01:00
[RETURN id=15156 rank=00532] left=3,3,2,4,2,1,2 status=TIMEOUT layouts=2/3 complete=False time=00:01:00
[RETURN id=15152 rank=00531] left=3,3,2,4,1,2,2 status=TIMEOUT layouts=1/3 complete=False time=00:01:00
[RETURN id=15266 rank=00537] left=3,3,3,3,1,1,3 status=TIMEOUT layouts=1/3 complete=False time=00:01:00
[GLOBAL] [----------------------------] done=22/1267 (1.74%) covered=793 layouts=916 running=14/14 remaining=1245 elapsed=00:19:30 rate=1.13 sig/min ETA=18:23:31
[COVERAGE] selected_mass(global)=39.926% covered_mass(global contribution)=28.637%
[LONGEST] id=15268 rank=538 left=3,3,3,3,1,3,1 elapsed=00:00:52
[RETURN id=15698 rank=00544] left=3,4,1,2,2,2,3 status=QUOTA_REACHED layouts=3/3 complete=True time=00:00:41
[RETURN id=15268 rank=00538] left=3,3,3,3,1,3,1 status=TIMEOUT layouts=2/3 complete=False time=00:01:00
[RETURN id=15814 rank=00549] left=3,4,2,1,2,3,2 status=QUOTA_REACHED layouts=3/3 complete=True time=00:00:46
[RETURN id=15370 rank=00543] left=3,3,4,2,2,2,1 status=TIMEOUT layouts=0/3 complete=False time=00:01:00
[RETURN id=15704 rank=00546] left=3,4,1,2,3,2,2 status=TIMEOUT layouts=2/3 complete=False time=00:01:00
[GLOBAL] [----------------------------] done=24/1267 (1.89%) covered=793 layouts=922 running=14/14 remaining=1243 elapsed=00:20:00 rate=1.20 sig/min ETA=17:15:50
[COVERAGE] selected_mass(global)=39.926% covered_mass(global contribution)=28.637%
[LONGEST] id=15836 rank=551 left=3,4,2,2,1,2,3 elapsed=00:00:55
[RETURN id=15836 rank=00551] left=3,4,2,2,1,2,3 status=TIMEOUT layouts=2/3 complete=False time=00:01:00
[RETURN id=15846 rank=00555] left=3,4,2,2,3,1,2 status=TIMEOUT layouts=0/3 complete=False time=00:01:00
[RETURN id=15862 rank=00557] left=3,4,2,3,1,2,2 status=TIMEOUT layouts=0/3 complete=False time=00:01:00
[RETURN id=15866 rank=00558] left=3,4,2,3,2,1,2 status=TIMEOUT layouts=1/3 complete=False time=00:01:00
[RETURN id=15940 rank=00560] left=3,4,3,1,2,2,2 status=TIMEOUT layouts=1/3 complete=False time=00:01:00
[RETURN id=15960 rank=00561] left=3,4,3,2,1,2,2 status=TIMEOUT layouts=1/3 complete=False time=00:01:00
[RETURN id=15964 rank=00562] left=3,4,3,2,2,1,2 status=TIMEOUT layouts=1/3 complete=False time=00:01:00
[RETURN id=17780 rank=00564] left=4,1,2,2,2,3,3 status=TIMEOUT layouts=0/3 complete=False time=00:01:00
[RETURN id=17786 rank=00566] left=4,1,2,2,3,3,2 status=TIMEOUT layouts=1/3 complete=False time=00:01:00
[GLOBAL] [----------------------------] done=24/1267 (1.89%) covered=794 layouts=924 running=14/14 remaining=1243 elapsed=00:20:30 rate=1.17 sig/min ETA=17:41:44
[COVERAGE] selected_mass(global)=39.926% covered_mass(global contribution)=28.692%
[LONGEST] id=17810 rank=568 left=4,1,2,3,2,3,2 elapsed=00:00:56
[RETURN id=17810 rank=00568] left=4,1,2,3,2,3,2 status=TIMEOUT layouts=1/3 complete=False time=00:01:00
[RETURN id=17934 rank=00570] left=4,1,3,2,2,2,3 status=TIMEOUT layouts=1/3 complete=False time=00:01:00
[RETURN id=17940 rank=00572] left=4,1,3,2,3,2,2 status=TIMEOUT layouts=1/3 complete=False time=00:01:00
[RETURN id=18440 rank=00575] left=4,2,1,2,3,2,3 status=TIMEOUT layouts=0/3 complete=False time=00:01:00
[RETURN id=18464 rank=00577] left=4,2,1,3,2,2,3 status=TIMEOUT layouts=1/3 complete=False time=00:01:00
[GLOBAL] [----------------------------] done=24/1267 (1.89%) covered=795 layouts=925 running=14/14 remaining=1243 elapsed=00:21:00 rate=1.14 sig/min ETA=18:07:38
[COVERAGE] selected_mass(global)=39.926% covered_mass(global contribution)=28.748%
[LONGEST] id=18470 rank=579 left=4,2,1,3,3,2,2 elapsed=00:00:54
[RETURN id=18470 rank=00579] left=4,2,1,3,3,2,2 status=TIMEOUT layouts=1/3 complete=False time=00:01:00
[RETURN id=18560 rank=00580] left=4,2,2,1,2,3,3 status=TIMEOUT layouts=2/3 complete=False time=00:01:00
[RETURN id=18566 rank=00582] left=4,2,2,1,3,3,2 status=TIMEOUT layouts=0/3 complete=False time=00:01:00
[RETURN id=18584 rank=00583] left=4,2,2,2,1,3,3 status=TIMEOUT layouts=1/3 complete=False time=00:01:00
[RETURN id=18594 rank=00584] left=4,2,2,2,3,1,3 status=TIMEOUT layouts=1/3 complete=False time=00:01:00
[RETURN id=18596 rank=00585] left=4,2,2,2,3,3,1 status=TIMEOUT layouts=1/3 complete=False time=00:01:00
[RETURN id=18612 rank=00586] left=4,2,2,3,1,2,3 status=TIMEOUT layouts=1/3 complete=False time=00:01:00
[RETURN id=18622 rank=00590] left=4,2,2,3,3,1,2 status=TIMEOUT layouts=1/3 complete=False time=00:01:00
[RETURN id=18704 rank=00592] left=4,2,3,1,2,2,3 status=TIMEOUT layouts=1/3 complete=False time=00:01:00
[GLOBAL] [----------------------------] done=24/1267 (1.89%) covered=798 layouts=929 running=14/14 remaining=1243 elapsed=00:21:30 rate=1.12 sig/min ETA=18:33:31
[COVERAGE] selected_mass(global)=39.926% covered_mass(global contribution)=28.913%
[LONGEST] id=18710 rank=594 left=4,2,3,1,3,2,2 elapsed=00:00:55
[RETURN id=18710 rank=00594] left=4,2,3,1,3,2,2 status=TIMEOUT layouts=0/3 complete=False time=00:01:00
[RETURN id=18728 rank=00596] left=4,2,3,2,1,3,2 status=TIMEOUT layouts=2/3 complete=False time=00:01:00
[RETURN id=18732 rank=00597] left=4,2,3,2,2,1,3 status=TIMEOUT layouts=0/3 complete=False time=00:01:00
[RETURN id=18734 rank=00598] left=4,2,3,2,2,3,1 status=TIMEOUT layouts=2/3 complete=False time=00:01:00
[RETURN id=18738 rank=00600] left=4,2,3,2,3,2,1 status=TIMEOUT layouts=1/3 complete=False time=00:01:00
[GLOBAL] [----------------------------] done=24/1267 (1.89%) covered=799 layouts=932 running=14/14 remaining=1243 elapsed=00:22:00 rate=1.09 sig/min ETA=18:59:25
[COVERAGE] selected_mass(global)=39.926% covered_mass(global contribution)=28.968%
[LONGEST] id=18758 rank=603 left=4,2,3,3,2,2,1 elapsed=00:00:54
[RETURN id=18758 rank=00603] left=4,2,3,3,2,2,1 status=TIMEOUT layouts=1/3 complete=False time=00:01:00
[RETURN id=19184 rank=00604] left=4,3,1,2,2,2,3 status=TIMEOUT layouts=1/3 complete=False time=00:01:00
[RETURN id=19190 rank=00606] left=4,3,1,2,3,2,2 status=TIMEOUT layouts=1/3 complete=False time=00:01:00
[RETURN id=19300 rank=00609] left=4,3,2,1,2,3,2 status=TIMEOUT layouts=1/3 complete=False time=00:01:00
[RETURN id=19322 rank=00611] left=4,3,2,2,1,2,3 status=TIMEOUT layouts=2/3 complete=False time=00:01:00
[RETURN id=19332 rank=00615] left=4,3,2,2,3,1,2 status=TIMEOUT layouts=1/3 complete=False time=00:01:00
[RETURN id=19348 rank=00617] left=4,3,2,3,1,2,2 status=TIMEOUT layouts=1/3 complete=False time=00:01:00
[RETURN id=19352 rank=00618] left=4,3,2,3,2,1,2 status=TIMEOUT layouts=1/3 complete=False time=00:01:00
[RETURN id=19426 rank=00620] left=4,3,3,1,2,2,2 status=TIMEOUT layouts=1/3 complete=False time=00:01:00
[GLOBAL] [----------------------------] done=24/1267 (1.89%) covered=800 layouts=934 running=14/14 remaining=1243 elapsed=00:22:30 rate=1.07 sig/min ETA=19:25:19
[COVERAGE] selected_mass(global)=39.926% covered_mass(global contribution)=29.023%
[LONGEST] id=19446 rank=621 left=4,3,3,2,1,2,2 elapsed=00:00:55
[RETURN id=04620 rank=00624] left=1,1,2,3,3,3,4 status=QUOTA_REACHED layouts=3/3 complete=True time=00:00:41
[RETURN id=04718 rank=00628] left=1,1,3,2,3,3,4 status=QUOTA_REACHED layouts=3/3 complete=True time=00:00:42
[RETURN id=19446 rank=00621] left=4,3,3,2,1,2,2 status=TIMEOUT layouts=1/3 complete=False time=00:01:00
[RETURN id=19450 rank=00622] left=4,3,3,2,2,1,2 status=TIMEOUT layouts=2/3 complete=False time=00:01:00
[RETURN id=04738 rank=00631] left=1,1,3,3,2,3,4 status=QUOTA_REACHED layouts=3/3 complete=True time=00:00:46
[GLOBAL] [----------------------------] done=27/1267 (2.13%) covered=802 layouts=943 running=14/14 remaining=1240 elapsed=00:23:00 rate=1.17 sig/min ETA=17:36:18
[COVERAGE] selected_mass(global)=39.926% covered_mass(global contribution)=29.133%
[LONGEST] id=4742 rank=633 left=1,1,3,3,3,2,4 elapsed=00:00:53
[RETURN id=04742 rank=00633] left=1,1,3,3,3,2,4 status=TIMEOUT layouts=2/3 complete=False time=00:01:00
[RETURN id=04744 rank=00634] left=1,1,3,3,3,4,2 status=TIMEOUT layouts=2/3 complete=False time=00:01:00
[RETURN id=04748 rank=00635] left=1,1,3,3,4,2,3 status=TIMEOUT layouts=1/3 complete=False time=00:01:00
[RETURN id=04766 rank=00637] left=1,1,3,4,2,3,3 status=TIMEOUT layouts=1/3 complete=False time=00:01:00
[RETURN id=04772 rank=00639] left=1,1,3,4,3,3,2 status=TIMEOUT layouts=2/3 complete=False time=00:01:00
[RETURN id=04858 rank=00640] left=1,1,4,2,3,3,3 status=TIMEOUT layouts=2/3 complete=False time=00:01:00
[RETURN id=04886 rank=00642] left=1,1,4,3,3,2,3 status=TIMEOUT layouts=2/3 complete=False time=00:01:00
[RETURN id=05220 rank=00646] left=1,2,1,3,4,3,3 status=TIMEOUT layouts=0/3 complete=False time=00:01:00
[RETURN id=05216 rank=00645] left=1,2,1,3,3,4,3 status=TIMEOUT layouts=0/3 complete=False time=00:01:00
[GLOBAL] [----------------------------] done=27/1267 (2.13%) covered=803 layouts=949 running=14/14 remaining=1240 elapsed=00:23:30 rate=1.15 sig/min ETA=17:59:16
[COVERAGE] selected_mass(global)=39.926% covered_mass(global contribution)=29.161%
[LONGEST] id=5240 rank=647 left=1,2,1,4,3,3,3 elapsed=00:00:58
[RETURN id=05240 rank=00647] left=1,2,1,4,3,3,3 status=TIMEOUT layouts=2/3 complete=False time=00:01:00
[RETURN id=05310 rank=00648] left=1,2,2,2,2,4,4 status=TIMEOUT layouts=0/3 complete=False time=00:01:00
[RETURN id=05360 rank=00651] left=1,2,2,4,2,2,4 status=TIMEOUT layouts=2/3 complete=False time=00:01:00
[RETURN id=05362 rank=00652] left=1,2,2,4,2,4,2 status=TIMEOUT layouts=2/3 complete=False time=00:01:00
[RETURN id=05372 rank=00653] left=1,2,2,4,4,2,2 status=TIMEOUT layouts=1/3 complete=False time=00:01:00
[GLOBAL] [----------------------------] done=27/1267 (2.13%) covered=804 layouts=953 running=14/14 remaining=1240 elapsed=00:24:00 rate=1.12 sig/min ETA=18:22:13
[COVERAGE] selected_mass(global)=39.926% covered_mass(global contribution)=29.188%
[LONGEST] id=5428 rank=654 left=1,2,3,1,3,3,4 elapsed=00:00:52
[RETURN id=05472 rank=00658] left=1,2,3,3,1,4,3 status=QUOTA_REACHED layouts=3/3 complete=True time=00:00:58
[RETURN id=05428 rank=00654] left=1,2,3,1,3,3,4 status=TIMEOUT layouts=0/3 complete=False time=00:01:00
[RETURN id=05480 rank=00659] left=1,2,3,3,3,1,4 status=TIMEOUT layouts=1/3 complete=False time=00:01:00
[RETURN id=05486 rank=00661] left=1,2,3,3,4,1,3 status=TIMEOUT layouts=1/3 complete=False time=00:01:00
[RETURN id=05488 rank=00662] left=1,2,3,3,4,3,1 status=TIMEOUT layouts=1/3 complete=False time=00:01:00
[RETURN id=05500 rank=00663] left=1,2,3,4,1,3,3 status=TIMEOUT layouts=2/3 complete=False time=00:01:00
[RETURN id=05510 rank=00664] left=1,2,3,4,3,1,3 status=TIMEOUT layouts=1/3 complete=False time=00:01:00
[RETURN id=05512 rank=00665] left=1,2,3,4,3,3,1 status=TIMEOUT layouts=0/3 complete=False time=00:01:00
[RETURN id=05578 rank=00666] left=1,2,4,1,3,3,3 status=TIMEOUT layouts=1/3 complete=False time=00:01:00
[GLOBAL] [----------------------------] done=28/1267 (2.21%) covered=806 layouts=958 running=14/14 remaining=1239 elapsed=00:24:30 rate=1.14 sig/min ETA=18:04:08
[COVERAGE] selected_mass(global)=39.926% covered_mass(global contribution)=29.243%
[LONGEST] id=5600 rank=667 left=1,2,4,2,2,2,4 elapsed=00:00:57
[RETURN id=05600 rank=00667] left=1,2,4,2,2,2,4 status=TIMEOUT layouts=0/3 complete=False time=00:01:00
[RETURN id=05602 rank=00668] left=1,2,4,2,2,4,2 status=TIMEOUT layouts=2/3 complete=False time=00:01:00
[RETURN id=05612 rank=00669] left=1,2,4,2,4,2,2 status=TIMEOUT layouts=2/3 complete=False time=00:01:00
[RETURN id=05968 rank=00674] left=1,3,1,2,3,3,4 status=TIMEOUT layouts=0/3 complete=False time=00:01:00
[RETURN id=05988 rank=00677] left=1,3,1,3,2,3,4 status=TIMEOUT layouts=2/3 complete=False time=00:01:00
[GLOBAL] [----------------------------] done=28/1267 (2.21%) covered=806 layouts=961 running=14/14 remaining=1239 elapsed=00:25:00 rate=1.12 sig/min ETA=18:26:15
[COVERAGE] selected_mass(global)=39.926% covered_mass(global contribution)=29.243%
[LONGEST] id=5992 rank=679 left=1,3,1,3,3,2,4 elapsed=00:00:52
[RETURN id=05992 rank=00679] left=1,3,1,3,3,2,4 status=TIMEOUT layouts=1/3 complete=False time=00:01:00
[RETURN id=05994 rank=00680] left=1,3,1,3,3,4,2 status=TIMEOUT layouts=2/3 complete=False time=00:01:00
[RETURN id=05998 rank=00681] left=1,3,1,3,4,2,3 status=TIMEOUT layouts=2/3 complete=False time=00:01:00
[RETURN id=06016 rank=00683] left=1,3,1,4,2,3,3 status=TIMEOUT layouts=1/3 complete=False time=00:01:00
[RETURN id=06022 rank=00685] left=1,3,1,4,3,3,2 status=TIMEOUT layouts=2/3 complete=False time=00:01:00
[RETURN id=06088 rank=00688] left=1,3,2,1,4,3,3 status=TIMEOUT layouts=1/3 complete=False time=00:01:00
[RETURN id=06084 rank=00687] left=1,3,2,1,3,4,3 status=TIMEOUT layouts=1/3 complete=False time=00:01:00
[RETURN id=06126 rank=00689] left=1,3,2,3,1,3,4 status=TIMEOUT layouts=1/3 complete=False time=00:01:00
[RETURN id=06138 rank=00692] left=1,3,2,3,3,4,1 status=TIMEOUT layouts=1/3 complete=False time=00:01:00
[GLOBAL] [----------------------------] done=28/1267 (2.21%) covered=806 layouts=964 running=14/14 remaining=1239 elapsed=00:25:30 rate=1.10 sig/min ETA=18:48:23
[COVERAGE] selected_mass(global)=39.926% covered_mass(global contribution)=29.243%
[LONGEST] id=6228 rank=698 left=1,3,3,1,2,3,4 elapsed=00:00:56
[RETURN id=06228 rank=00698] left=1,3,3,1,2,3,4 status=TIMEOUT layouts=1/3 complete=False time=00:01:00
[RETURN id=06232 rank=00700] left=1,3,3,1,3,2,4 status=TIMEOUT layouts=1/3 complete=False time=00:01:00
[RETURN id=06234 rank=00701] left=1,3,3,1,3,4,2 status=TIMEOUT layouts=0/3 complete=False time=00:01:00
[RETURN id=06238 rank=00702] left=1,3,3,1,4,2,3 status=TIMEOUT layouts=1/3 complete=False time=00:01:00
[RETURN id=06252 rank=00705] left=1,3,3,2,1,4,3 status=TIMEOUT layouts=1/3 complete=False time=00:01:00
[GLOBAL] [----------------------------] done=28/1267 (2.21%) covered=807 layouts=965 running=14/14 remaining=1239 elapsed=00:26:00 rate=1.08 sig/min ETA=19:10:30
[COVERAGE] selected_mass(global)=39.926% covered_mass(global contribution)=29.271%
[LONGEST] id=6260 rank=706 left=1,3,3,2,3,1,4 elapsed=00:00:51
[RETURN id=06260 rank=00706] left=1,3,3,2,3,1,4 status=TIMEOUT layouts=0/3 complete=False time=00:01:00
[RETURN id=06266 rank=00708] left=1,3,3,2,4,1,3 status=TIMEOUT layouts=1/3 complete=False time=00:01:00
[RETURN id=06268 rank=00709] left=1,3,3,2,4,3,1 status=TIMEOUT layouts=0/3 complete=False time=00:01:00
[RETURN id=06284 rank=00712] left=1,3,3,3,2,1,4 status=TIMEOUT layouts=0/3 complete=False time=00:01:00
[RETURN id=06296 rank=00715] left=1,3,3,3,4,2,1 status=TIMEOUT layouts=1/3 complete=False time=00:01:00
[RETURN id=06308 rank=00716] left=1,3,3,4,1,2,3 status=TIMEOUT layouts=2/3 complete=False time=00:01:00
[RETURN id=06318 rank=00720] left=1,3,3,4,3,1,2 status=TIMEOUT layouts=1/3 complete=False time=00:01:00
[RETURN id=06434 rank=00729] left=1,3,4,3,1,3,2 status=TIMEOUT layouts=2/3 complete=False time=00:01:00
[RETURN id=06386 rank=00723] left=1,3,4,1,3,2,3 status=TIMEOUT layouts=1/3 complete=False time=00:01:00
[GLOBAL] [----------------------------] done=28/1267 (2.21%) covered=808 layouts=968 running=14/14 remaining=1239 elapsed=00:26:30 rate=1.06 sig/min ETA=19:32:38
[COVERAGE] selected_mass(global)=39.926% covered_mass(global contribution)=29.298%
[LONGEST] id=6438 rank=730 left=1,3,4,3,2,1,3 elapsed=00:00:55
[RETURN id=06438 rank=00730] left=1,3,4,3,2,1,3 status=TIMEOUT layouts=1/3 complete=False time=00:01:00
[RETURN id=06440 rank=00731] left=1,3,4,3,2,3,1 status=TIMEOUT layouts=1/3 complete=False time=00:01:00
[RETURN id=06444 rank=00733] left=1,3,4,3,3,2,1 status=TIMEOUT layouts=1/3 complete=False time=00:01:00
[RETURN id=06784 rank=00734] left=1,4,1,2,3,3,3 status=TIMEOUT layouts=1/3 complete=False time=00:01:00
[RETURN id=06812 rank=00736] left=1,4,1,3,3,2,3 status=TIMEOUT layouts=1/3 complete=False time=00:01:00
[GLOBAL] [----------------------------] done=28/1267 (2.21%) covered=813 layouts=973 running=14/14 remaining=1239 elapsed=00:27:00 rate=1.04 sig/min ETA=19:54:45
[COVERAGE] selected_mass(global)=39.926% covered_mass(global contribution)=29.436%
[LONGEST] id=6956 rank=742 left=1,4,2,3,1,3,3 elapsed=00:00:51
[RETURN id=06956 rank=00742] left=1,4,2,3,1,3,3 status=TIMEOUT layouts=2/3 complete=False time=00:01:00
[RETURN id=06966 rank=00743] left=1,4,2,3,3,1,3 status=TIMEOUT layouts=2/3 complete=False time=00:01:00
[RETURN id=06968 rank=00744] left=1,4,2,3,3,3,1 status=TIMEOUT layouts=2/3 complete=False time=00:01:00
[RETURN id=06990 rank=00745] left=1,4,2,4,2,2,2 status=TIMEOUT layouts=1/3 complete=False time=00:01:00
[RETURN id=07062 rank=00747] left=1,4,3,1,3,2,3 status=TIMEOUT layouts=1/3 complete=False time=00:01:00
[RETURN id=07110 rank=00753] left=1,4,3,3,1,3,2 status=TIMEOUT layouts=2/3 complete=False time=00:01:00
[RETURN id=07114 rank=00754] left=1,4,3,3,2,1,3 status=TIMEOUT layouts=0/3 complete=False time=00:01:00
[RETURN id=07116 rank=00755] left=1,4,3,3,2,3,1 status=TIMEOUT layouts=1/3 complete=False time=00:01:00
[RETURN id=07120 rank=00757] left=1,4,3,3,3,2,1 status=TIMEOUT layouts=2/3 complete=False time=00:01:00
[GLOBAL] [----------------------------] done=28/1267 (2.21%) covered=814 layouts=979 running=14/14 remaining=1239 elapsed=00:27:30 rate=1.02 sig/min ETA=20:16:53
[COVERAGE] selected_mass(global)=39.926% covered_mass(global contribution)=29.464%
[LONGEST] id=7230 rank=758 left=1,4,4,2,2,2,2 elapsed=00:00:54
[RETURN id=07230 rank=00758] left=1,4,4,2,2,2,2 status=TIMEOUT layouts=2/3 complete=False time=00:01:00
[RETURN id=08896 rank=00759] left=2,1,1,3,3,3,4 status=TIMEOUT layouts=1/3 complete=False time=00:01:00
[RETURN id=08998 rank=00764] left=2,1,2,2,4,2,4 status=TIMEOUT layouts=1/3 complete=False time=00:01:00
[RETURN id=09000 rank=00765] left=2,1,2,2,4,4,2 status=TIMEOUT layouts=2/3 complete=False time=00:01:00
[RETURN id=09110 rank=00770] left=2,1,3,1,3,4,3 status=QUOTA_REACHED layouts=3/3 complete=True time=00:00:57
[GLOBAL] [----------------------------] done=29/1267 (2.29%) covered=815 layouts=984 running=14/14 remaining=1238 elapsed=00:28:00 rate=1.04 sig/min ETA=19:55:19
[COVERAGE] selected_mass(global)=39.926% covered_mass(global contribution)=29.491%
[LONGEST] id=9114 rank=771 left=2,1,3,1,4,3,3 elapsed=00:00:50
[RETURN id=09114 rank=00771] left=2,1,3,1,4,3,3 status=TIMEOUT layouts=2/3 complete=False time=00:01:00
[RETURN id=09152 rank=00772] left=2,1,3,3,1,3,4 status=TIMEOUT layouts=2/3 complete=False time=00:01:00
[RETURN id=09708 rank=00794] left=2,2,1,4,4,2,2 status=QUOTA_REACHED layouts=3/3 complete=True time=00:00:35
[RETURN id=09164 rank=00775] left=2,1,3,3,3,4,1 status=TIMEOUT layouts=2/3 complete=False time=00:01:00
[RETURN id=09306 rank=00785] left=2,1,4,3,1,3,3 status=TIMEOUT layouts=2/3 complete=False time=00:01:00
[RETURN id=09316 rank=00786] left=2,1,4,3,3,1,3 status=TIMEOUT layouts=2/3 complete=False time=00:01:00
[RETURN id=09318 rank=00787] left=2,1,4,3,3,3,1 status=TIMEOUT layouts=1/3 complete=False time=00:01:00
[RETURN id=09340 rank=00788] left=2,1,4,4,2,2,2 status=TIMEOUT layouts=2/3 complete=False time=00:01:00
[GLOBAL] [----------------------------] done=30/1267 (2.37%) covered=815 layouts=992 running=14/14 remaining=1237 elapsed=00:28:30 rate=1.05 sig/min ETA=19:35:09
[COVERAGE] selected_mass(global)=39.926% covered_mass(global contribution)=29.491%
[LONGEST] id=9646 rank=789 left=2,2,1,2,2,4,4 elapsed=00:01:01
[RETURN id=09646 rank=00789] left=2,2,1,2,2,4,4 status=TIMEOUT layouts=1/3 complete=False time=00:01:00
[RETURN id=09696 rank=00792] left=2,2,1,4,2,2,4 status=TIMEOUT layouts=1/3 complete=False time=00:01:00
[RETURN id=09698 rank=00793] left=2,2,1,4,2,4,2 status=TIMEOUT layouts=0/3 complete=False time=00:01:00
[RETURN id=09768 rank=00796] left=2,2,2,1,4,2,4 status=TIMEOUT layouts=2/3 complete=False time=00:01:00
[RETURN id=09770 rank=00797] left=2,2,2,1,4,4,2 status=TIMEOUT layouts=1/3 complete=False time=00:01:00
[RETURN id=09796 rank=00800] left=2,2,2,2,4,4,1 status=TIMEOUT layouts=1/3 complete=False time=00:01:00
[GLOBAL] [----------------------------] done=30/1267 (2.37%) covered=818 layouts=996 running=14/14 remaining=1237 elapsed=00:29:00 rate=1.03 sig/min ETA=19:55:46
[COVERAGE] selected_mass(global)=39.926% covered_mass(global contribution)=29.574%
[LONGEST] id=9840 rank=803 left=2,2,2,4,2,1,4 elapsed=00:00:49
[RETURN id=09840 rank=00803] left=2,2,2,4,2,1,4 status=TIMEOUT layouts=2/3 complete=False time=00:01:00
[RETURN id=09852 rank=00806] left=2,2,2,4,4,2,1 status=TIMEOUT layouts=2/3 complete=False time=00:01:00
[RETURN id=10090 rank=00812] left=2,2,4,2,2,1,4 status=TIMEOUT layouts=1/3 complete=False time=00:01:00
[RETURN id=10102 rank=00815] left=2,2,4,2,4,2,1 status=TIMEOUT layouts=1/3 complete=False time=00:01:00
[RETURN id=10140 rank=00816] left=2,2,4,4,1,2,2 status=TIMEOUT layouts=1/3 complete=False time=00:01:00
[RETURN id=10440 rank=00819] left=2,3,1,1,3,3,4 status=TIMEOUT layouts=2/3 complete=False time=00:01:00
[RETURN id=10144 rank=00817] left=2,2,4,4,2,1,2 status=TIMEOUT layouts=0/3 complete=False time=00:01:00
[RETURN id=10484 rank=00823] left=2,3,1,3,1,4,3 status=TIMEOUT layouts=1/3 complete=False time=00:01:00
[GLOBAL] [----------------------------] done=30/1267 (2.37%) covered=823 layouts=1004 running=14/14 remaining=1237 elapsed=00:29:30 rate=1.02 sig/min ETA=20:16:23
[COVERAGE] selected_mass(global)=39.926% covered_mass(global contribution)=29.712%
[LONGEST] id=10492 rank=824 left=2,3,1,3,3,1,4 elapsed=00:01:00
[RETURN id=10498 rank=00826] left=2,3,1,3,4,1,3 status=TIMEOUT layouts=0/3 complete=False time=00:01:00
[RETURN id=10492 rank=00824] left=2,3,1,3,3,1,4 status=TIMEOUT layouts=0/3 complete=False time=00:01:00
[RETURN id=10500 rank=00827] left=2,3,1,3,4,3,1 status=TIMEOUT layouts=0/3 complete=False time=00:01:00
[RETURN id=10512 rank=00828] left=2,3,1,4,1,3,3 status=TIMEOUT layouts=2/3 complete=False time=00:01:00
[RETURN id=10522 rank=00829] left=2,3,1,4,3,1,3 status=TIMEOUT layouts=1/3 complete=False time=00:01:00
[RETURN id=10524 rank=00830] left=2,3,1,4,3,3,1 status=TIMEOUT layouts=1/3 complete=False time=00:01:00
[GLOBAL] [----------------------------] done=30/1267 (2.37%) covered=824 layouts=1006 running=14/14 remaining=1237 elapsed=00:30:00 rate=1.00 sig/min ETA=20:37:00
[COVERAGE] selected_mass(global)=39.926% covered_mass(global contribution)=29.739%
[LONGEST] id=10734 rank=832 left=2,3,3,1,1,4,3 elapsed=00:00:48
[RETURN id=10734 rank=00832] left=2,3,3,1,1,4,3 status=TIMEOUT layouts=2/3 complete=False time=00:01:00
[RETURN id=10742 rank=00833] left=2,3,3,1,3,1,4 status=TIMEOUT layouts=2/3 complete=False time=00:01:00
[RETURN id=10748 rank=00835] left=2,3,3,1,4,1,3 status=TIMEOUT layouts=1/3 complete=False time=00:01:00
[RETURN id=10750 rank=00836] left=2,3,3,1,4,3,1 status=TIMEOUT layouts=0/3 complete=False time=00:01:00
[RETURN id=10792 rank=00838] left=2,3,3,3,1,4,1 status=TIMEOUT layouts=1/3 complete=False time=00:01:00
[RETURN id=10804 rank=00839] left=2,3,3,3,4,1,1 status=TIMEOUT layouts=1/3 complete=False time=00:01:00
[RETURN id=10824 rank=00842] left=2,3,3,4,3,1,1 status=TIMEOUT layouts=1/3 complete=False time=00:01:00
[GLOBAL] [----------------------------] done=30/1267 (2.37%) covered=828 layouts=1012 running=14/14 remaining=1237 elapsed=00:30:30 rate=0.98 sig/min ETA=20:57:37
[COVERAGE] selected_mass(global)=39.926% covered_mass(global contribution)=29.849%
[LONGEST] id=10930 rank=846 left=2,3,4,3,1,1,3 elapsed=00:01:01
[RETURN id=10930 rank=00846] left=2,3,4,3,1,1,3 status=TIMEOUT layouts=1/3 complete=False time=00:01:00
[RETURN id=10932 rank=00847] left=2,3,4,3,1,3,1 status=TIMEOUT layouts=0/3 complete=False time=00:01:00
[RETURN id=11292 rank=00853] left=2,4,1,3,1,3,3 status=TIMEOUT layouts=1/3 complete=False time=00:01:00
[RETURN id=11302 rank=00854] left=2,4,1,3,3,1,3 status=TIMEOUT layouts=0/3 complete=False time=00:01:00
[RETURN id=11304 rank=00855] left=2,4,1,3,3,3,1 status=TIMEOUT layouts=2/3 complete=False time=00:01:00
[RETURN id=11326 rank=00856] left=2,4,1,4,2,2,2 status=TIMEOUT layouts=0/3 complete=False time=00:01:00
[RETURN id=11392 rank=00857] left=2,4,2,1,2,2,4 status=TIMEOUT layouts=0/3 complete=False time=00:01:00
[GLOBAL] [----------------------------] done=30/1267 (2.37%) covered=829 layouts=1014 running=14/14 remaining=1237 elapsed=00:31:00 rate=0.97 sig/min ETA=21:18:14
[COVERAGE] selected_mass(global)=39.926% covered_mass(global contribution)=29.877%
[LONGEST] id=11394 rank=858 left=2,4,2,1,2,4,2 elapsed=00:00:47
[RETURN id=11394 rank=00858] left=2,4,2,1,2,4,2 status=TIMEOUT layouts=0/3 complete=False time=00:01:00
[RETURN id=11404 rank=00859] left=2,4,2,1,4,2,2 status=TIMEOUT layouts=0/3 complete=False time=00:01:00
[RETURN id=11416 rank=00860] left=2,4,2,2,1,2,4 status=TIMEOUT layouts=0/3 complete=False time=00:01:00
[RETURN id=11418 rank=00861] left=2,4,2,2,1,4,2 status=TIMEOUT layouts=1/3 complete=False time=00:01:00
[RETURN id=11424 rank=00863] left=2,4,2,2,2,4,1 status=TIMEOUT layouts=1/3 complete=False time=00:01:00
[RETURN id=11664 rank=00875] left=2,4,4,1,2,2,2 status=QUOTA_REACHED layouts=3/3 complete=True time=00:00:43
[RETURN id=11432 rank=00864] left=2,4,2,2,4,1,2 status=TIMEOUT layouts=1/3 complete=False time=00:01:00
[GLOBAL] [----------------------------] done=31/1267 (2.45%) covered=832 layouts=1019 running=14/14 remaining=1236 elapsed=00:31:30 rate=0.98 sig/min ETA=20:55:56
[COVERAGE] selected_mass(global)=39.926% covered_mass(global contribution)=29.960%
[LONGEST] id=11476 rank=868 left=2,4,2,4,2,2,1 elapsed=00:01:01
[RETURN id=11476 rank=00868] left=2,4,2,4,2,2,1 status=TIMEOUT layouts=1/3 complete=False time=00:01:00
[RETURN id=11532 rank=00869] left=2,4,3,1,1,3,3 status=TIMEOUT layouts=1/3 complete=False time=00:01:00
[RETURN id=11542 rank=00870] left=2,4,3,1,3,1,3 status=TIMEOUT layouts=0/3 complete=False time=00:01:00
[RETURN id=11544 rank=00871] left=2,4,3,1,3,3,1 status=TIMEOUT layouts=0/3 complete=False time=00:01:00
[RETURN id=11594 rank=00874] left=2,4,3,3,3,1,1 status=TIMEOUT layouts=0/3 complete=False time=00:01:00
[RETURN id=11684 rank=00876] left=2,4,4,2,1,2,2 status=TIMEOUT layouts=1/3 complete=False time=00:01:00
[RETURN id=11688 rank=00877] left=2,4,4,2,2,1,2 status=TIMEOUT layouts=1/3 complete=False time=00:01:00
[GLOBAL] [----------------------------] done=31/1267 (2.45%) covered=833 layouts=1020 running=14/14 remaining=1236 elapsed=00:32:00 rate=0.97 sig/min ETA=21:15:52
[COVERAGE] selected_mass(global)=39.926% covered_mass(global contribution)=29.987%
[LONGEST] id=13330 rank=879 left=3,1,1,2,3,3,4 elapsed=00:00:47
[RETURN id=13330 rank=00879] left=3,1,1,2,3,3,4 status=TIMEOUT layouts=1/3 complete=False time=00:01:00
[RETURN id=13350 rank=00882] left=3,1,1,3,2,3,4 status=TIMEOUT layouts=0/3 complete=False time=00:01:00
[RETURN id=13354 rank=00884] left=3,1,1,3,3,2,4 status=TIMEOUT layouts=1/3 complete=False time=00:01:00
[RETURN id=13356 rank=00885] left=3,1,1,3,3,4,2 status=QUOTA_REACHED layouts=3/3 complete=True time=00:00:56
[RETURN id=13360 rank=00886] left=3,1,1,3,4,2,3 status=TIMEOUT layouts=2/3 complete=False time=00:01:00
[RETURN id=13378 rank=00888] left=3,1,1,4,2,3,3 status=TIMEOUT layouts=2/3 complete=False time=00:01:00
[GLOBAL] [----------------------------] done=32/1267 (2.53%) covered=833 layouts=1024 running=14/14 remaining=1235 elapsed=00:32:30 rate=0.98 sig/min ETA=20:54:18
[COVERAGE] selected_mass(global)=39.926% covered_mass(global contribution)=29.987%
[LONGEST] id=13384 rank=890 left=3,1,1,4,3,3,2 elapsed=00:01:01
[RETURN id=13384 rank=00890] left=3,1,1,4,3,3,2 status=TIMEOUT layouts=0/3 complete=False time=00:01:00
[RETURN id=13446 rank=00892] left=3,1,2,1,3,4,3 status=TIMEOUT layouts=1/3 complete=False time=00:01:00
[RETURN id=13450 rank=00893] left=3,1,2,1,4,3,3 status=TIMEOUT layouts=1/3 complete=False time=00:01:00
[RETURN id=13488 rank=00894] left=3,1,2,3,1,3,4 status=TIMEOUT layouts=1/3 complete=False time=00:01:00
[RETURN id=13500 rank=00897] left=3,1,2,3,3,4,1 status=TIMEOUT layouts=1/3 complete=False time=00:01:00
[RETURN id=13590 rank=00903] left=3,1,3,1,2,3,4 status=TIMEOUT layouts=2/3 complete=False time=00:01:00
[RETURN id=13594 rank=00905] left=3,1,3,1,3,2,4 status=TIMEOUT layouts=1/3 complete=False time=00:01:00
[RETURN id=13596 rank=00906] left=3,1,3,1,3,4,2 status=TIMEOUT layouts=1/3 complete=False time=00:01:00
[GLOBAL] [----------------------------] done=32/1267 (2.53%) covered=836 layouts=1028 running=14/14 remaining=1235 elapsed=00:33:00 rate=0.97 sig/min ETA=21:13:36
[COVERAGE] selected_mass(global)=39.926% covered_mass(global contribution)=30.070%
[LONGEST] id=13600 rank=907 left=3,1,3,1,4,2,3 elapsed=00:00:46
[RETURN id=13600 rank=00907] left=3,1,3,1,4,2,3 status=TIMEOUT layouts=1/3 complete=False time=00:01:00
[RETURN id=13614 rank=00910] left=3,1,3,2,1,4,3 status=TIMEOUT layouts=2/3 complete=False time=00:01:00
[RETURN id=13622 rank=00911] left=3,1,3,2,3,1,4 status=TIMEOUT layouts=1/3 complete=False time=00:01:00
[RETURN id=13628 rank=00913] left=3,1,3,2,4,1,3 status=TIMEOUT layouts=0/3 complete=False time=00:01:00
[RETURN id=13630 rank=00914] left=3,1,3,2,4,3,1 status=TIMEOUT layouts=1/3 complete=False time=00:01:00
[RETURN id=13646 rank=00917] left=3,1,3,3,2,1,4 status=TIMEOUT layouts=2/3 complete=False time=00:01:00
[GLOBAL] [----------------------------] done=32/1267 (2.53%) covered=837 layouts=1031 running=14/14 remaining=1235 elapsed=00:33:30 rate=0.96 sig/min ETA=21:32:53
[COVERAGE] selected_mass(global)=39.926% covered_mass(global contribution)=30.097%
[LONGEST] id=13658 rank=920 left=3,1,3,3,4,2,1 elapsed=00:01:00
[RETURN id=13658 rank=00920] left=3,1,3,3,4,2,1 status=TIMEOUT layouts=1/3 complete=False time=00:01:00
[RETURN id=13680 rank=00925] left=3,1,3,4,3,1,2 status=TIMEOUT layouts=1/3 complete=False time=00:01:00
[RETURN id=13670 rank=00921] left=3,1,3,4,1,2,3 status=TIMEOUT layouts=0/3 complete=False time=00:01:00
[RETURN id=13748 rank=00928] left=3,1,4,1,3,2,3 status=TIMEOUT layouts=2/3 complete=False time=00:01:00
[RETURN id=13796 rank=00934] left=3,1,4,3,1,3,2 status=QUOTA_REACHED layouts=3/3 complete=True time=00:01:00
[RETURN id=13800 rank=00935] left=3,1,4,3,2,1,3 status=TIMEOUT layouts=1/3 complete=False time=00:01:00
[RETURN id=13802 rank=00936] left=3,1,4,3,2,3,1 status=TIMEOUT layouts=2/3 complete=False time=00:01:00
[RETURN id=13806 rank=00938] left=3,1,4,3,3,2,1 status=TIMEOUT layouts=1/3 complete=False time=00:01:00
[GLOBAL] [----------------------------] done=33/1267 (2.60%) covered=840 layouts=1038 running=14/14 remaining=1234 elapsed=00:34:00 rate=0.97 sig/min ETA=21:11:24
[COVERAGE] selected_mass(global)=39.926% covered_mass(global contribution)=30.180%
[LONGEST] id=14122 rank=940 left=3,2,1,1,3,4,3 elapsed=00:00:45
[RETURN id=14122 rank=00940] left=3,2,1,1,3,4,3 status=TIMEOUT layouts=1/3 complete=False time=00:01:00
[RETURN id=14126 rank=00941] left=3,2,1,1,4,3,3 status=TIMEOUT layouts=1/3 complete=False time=00:01:00
[RETURN id=14164 rank=00942] left=3,2,1,3,1,3,4 status=TIMEOUT layouts=0/3 complete=False time=00:01:00
[RETURN id=14176 rank=00945] left=3,2,1,3,3,4,1 status=TIMEOUT layouts=1/3 complete=False time=00:01:00
[RETURN id=14414 rank=00951] left=3,2,3,1,1,3,4 status=TIMEOUT layouts=1/3 complete=False time=00:01:00
[RETURN id=14426 rank=00954] left=3,2,3,1,3,4,1 status=TIMEOUT layouts=1/3 complete=False time=00:01:00
[GLOBAL] [----------------------------] done=33/1267 (2.60%) covered=842 layouts=1040 running=14/14 remaining=1234 elapsed=00:34:30 rate=0.96 sig/min ETA=21:30:05
[COVERAGE] selected_mass(global)=39.926% covered_mass(global contribution)=30.235%
[LONGEST] id=14470 rank=957 left=3,2,3,3,1,1,4 elapsed=00:00:59
[RETURN id=14470 rank=00957] left=3,2,3,3,1,1,4 status=TIMEOUT layouts=1/3 complete=False time=00:01:00
[RETURN id=14496 rank=00960] left=3,2,3,4,1,1,3 status=TIMEOUT layouts=2/3 complete=False time=00:01:00
[RETURN id=14498 rank=00961] left=3,2,3,4,1,3,1 status=TIMEOUT layouts=1/3 complete=False time=00:01:00
[RETURN id=14558 rank=00963] left=3,2,4,1,1,3,3 status=TIMEOUT layouts=1/3 complete=False time=00:01:00
[RETURN id=14568 rank=00964] left=3,2,4,1,3,1,3 status=TIMEOUT layouts=1/3 complete=False time=00:01:00
[RETURN id=14570 rank=00965] left=3,2,4,1,3,3,1 status=TIMEOUT layouts=1/3 complete=False time=00:01:00
[RETURN id=14620 rank=00968] left=3,2,4,3,3,1,1 status=TIMEOUT layouts=0/3 complete=False time=00:01:00
[RETURN id=14922 rank=00970] left=3,3,1,1,2,4,3 status=TIMEOUT layouts=1/3 complete=False time=00:01:00
[GLOBAL] [----------------------------] done=33/1267 (2.60%) covered=845 layouts=1044 running=14/14 remaining=1234 elapsed=00:35:00 rate=0.94 sig/min ETA=21:48:47
[COVERAGE] selected_mass(global)=39.926% covered_mass(global contribution)=30.318%
[LONGEST] id=14932 rank=974 left=3,3,1,1,4,3,2 elapsed=00:00:44
[RETURN id=14932 rank=00974] left=3,3,1,1,4,3,2 status=TIMEOUT layouts=1/3 complete=False time=00:01:00
[RETURN id=14944 rank=00975] left=3,3,1,2,1,3,4 status=TIMEOUT layouts=2/3 complete=False time=00:01:00
[RETURN id=14956 rank=00978] left=3,3,1,2,3,4,1 status=TIMEOUT layouts=0/3 complete=False time=00:01:00
[RETURN id=14972 rank=00981] left=3,3,1,3,1,2,4 status=TIMEOUT layouts=1/3 complete=False time=00:01:00
[RETURN id=14974 rank=00982] left=3,3,1,3,1,4,2 status=QUOTA_REACHED layouts=3/3 complete=True time=00:00:56
[GLOBAL] [----------------------------] done=34/1267 (2.68%) covered=847 layouts=1049 running=14/14 remaining=1233 elapsed=00:35:30 rate=0.96 sig/min ETA=21:27:24
[COVERAGE] selected_mass(global)=39.926% covered_mass(global contribution)=30.373%
[LONGEST] id=14980 rank=984 left=3,3,1,3,2,4,1 elapsed=00:01:00
[RETURN id=14980 rank=00984] left=3,3,1,3,2,4,1 status=TIMEOUT layouts=1/3 complete=False time=00:01:00
[RETURN id=15002 rank=00988] left=3,3,1,4,1,3,2 status=QUOTA_REACHED layouts=3/3 complete=True time=00:00:58
[RETURN id=14988 rank=00985] left=3,3,1,3,4,1,2 status=TIMEOUT layouts=2/3 complete=False time=00:01:00
[RETURN id=15006 rank=00989] left=3,3,1,4,2,1,3 status=TIMEOUT layouts=0/3 complete=False time=00:01:00
[RETURN id=15008 rank=00990] left=3,3,1,4,2,3,1 status=TIMEOUT layouts=1/3 complete=False time=00:01:00
[RETURN id=15012 rank=00992] left=3,3,1,4,3,2,1 status=TIMEOUT layouts=0/3 complete=False time=00:01:00
[RETURN id=15070 rank=00994] left=3,3,2,1,1,4,3 status=TIMEOUT layouts=0/3 complete=False time=00:01:00
[RETURN id=15078 rank=00995] left=3,3,2,1,3,1,4 status=TIMEOUT layouts=1/3 complete=False time=00:01:00
[RETURN id=15084 rank=00997] left=3,3,2,1,4,1,3 status=TIMEOUT layouts=1/3 complete=False time=00:01:00
[GLOBAL] [----------------------------] done=35/1267 (2.76%) covered=848 layouts=1053 running=14/14 remaining=1232 elapsed=00:36:00 rate=0.97 sig/min ETA=21:07:12
[COVERAGE] selected_mass(global)=39.926% covered_mass(global contribution)=30.400%
[LONGEST] id=15086 rank=998 left=3,3,2,1,4,3,1 elapsed=00:00:44
[RETURN id=15128 rank=01000] left=3,3,2,3,1,4,1 status=QUOTA_REACHED layouts=3/3 complete=True time=00:00:55
[RETURN id=15086 rank=00998] left=3,3,2,1,4,3,1 status=TIMEOUT layouts=2/3 complete=False time=00:01:00
[RETURN id=15140 rank=01001] left=3,3,2,3,4,1,1 status=TIMEOUT layouts=0/3 complete=False time=00:01:00
[RETURN id=15160 rank=01004] left=3,3,2,4,3,1,1 status=TIMEOUT layouts=0/3 complete=False time=00:01:00
[RETURN id=15212 rank=01005] left=3,3,3,1,1,2,4 status=TIMEOUT layouts=0/3 complete=False time=00:01:00
[GLOBAL] [----------------------------] done=36/1267 (2.84%) covered=848 layouts=1056 running=14/14 remaining=1231 elapsed=00:36:30 rate=0.99 sig/min ETA=20:48:06
[COVERAGE] selected_mass(global)=39.926% covered_mass(global contribution)=30.400%
[LONGEST] id=15214 rank=1006 left=3,3,3,1,1,4,2 elapsed=00:00:59
[RETURN id=15214 rank=01006] left=3,3,3,1,1,4,2 status=TIMEOUT layouts=0/3 complete=False time=00:01:00
[RETURN id=15220 rank=01008] left=3,3,3,1,2,4,1 status=TIMEOUT layouts=1/3 complete=False time=00:01:00
[RETURN id=15228 rank=01009] left=3,3,3,1,4,1,2 status=TIMEOUT layouts=2/3 complete=False time=00:01:00
[RETURN id=15240 rank=01011] left=3,3,3,2,1,1,4 status=TIMEOUT layouts=0/3 complete=False time=00:01:00
[RETURN id=15286 rank=01014] left=3,3,3,4,1,1,2 status=TIMEOUT layouts=2/3 complete=False time=00:01:00
[RETURN id=15290 rank=01016] left=3,3,3,4,2,1,1 status=TIMEOUT layouts=2/3 complete=False time=00:01:00
[RETURN id=15340 rank=01018] left=3,3,4,1,1,3,2 status=TIMEOUT layouts=1/3 complete=False time=00:01:00
[RETURN id=15344 rank=01019] left=3,3,4,1,2,1,3 status=TIMEOUT layouts=1/3 complete=False time=00:01:00
[RETURN id=15346 rank=01020] left=3,3,4,1,2,3,1 status=TIMEOUT layouts=1/3 complete=False time=00:01:00
[GLOBAL] [----------------------------] done=36/1267 (2.84%) covered=851 layouts=1062 running=14/14 remaining=1231 elapsed=00:37:00 rate=0.97 sig/min ETA=21:05:12
[COVERAGE] selected_mass(global)=39.926% covered_mass(global contribution)=30.483%
[LONGEST] id=15350 rank=1022 left=3,3,4,1,3,2,1 elapsed=00:00:47
[RETURN id=15350 rank=01022] left=3,3,4,1,3,2,1 status=TIMEOUT layouts=0/3 complete=False time=00:01:00
[RETURN id=15364 rank=01023] left=3,3,4,2,1,1,3 status=TIMEOUT layouts=2/3 complete=False time=00:01:00
[RETURN id=15366 rank=01024] left=3,3,4,2,1,3,1 status=TIMEOUT layouts=1/3 complete=False time=00:01:00
[RETURN id=15384 rank=01026] left=3,3,4,3,1,1,2 status=TIMEOUT layouts=2/3 complete=False time=00:01:00
[RETURN id=15388 rank=01028] left=3,3,4,3,2,1,1 status=TIMEOUT layouts=2/3 complete=False time=00:01:00
[GLOBAL] [----------------------------] done=36/1267 (2.84%) covered=852 layouts=1066 running=14/14 remaining=1231 elapsed=00:37:30 rate=0.96 sig/min ETA=21:22:18
[COVERAGE] selected_mass(global)=39.926% covered_mass(global contribution)=30.511%
[LONGEST] id=15674 rank=1030 left=3,4,1,1,3,2,3 elapsed=00:00:58
[RETURN id=15674 rank=01030] left=3,4,1,1,3,2,3 status=TIMEOUT layouts=2/3 complete=False time=00:01:00
[RETURN id=15722 rank=01036] left=3,4,1,3,1,3,2 status=TIMEOUT layouts=2/3 complete=False time=00:01:00
[RETURN id=15726 rank=01037] left=3,4,1,3,2,1,3 status=TIMEOUT layouts=1/3 complete=False time=00:01:00
[RETURN id=15728 rank=01038] left=3,4,1,3,2,3,1 status=TIMEOUT layouts=1/3 complete=False time=00:01:00
[RETURN id=15732 rank=01040] left=3,4,1,3,3,2,1 status=TIMEOUT layouts=2/3 complete=False time=00:01:00
[RETURN id=15808 rank=01041] left=3,4,2,1,1,3,3 status=TIMEOUT layouts=1/3 complete=False time=00:01:00
[RETURN id=15818 rank=01042] left=3,4,2,1,3,1,3 status=TIMEOUT layouts=1/3 complete=False time=00:01:00
[RETURN id=15870 rank=01046] left=3,4,2,3,3,1,1 status=TIMEOUT layouts=0/3 complete=False time=00:01:00
[RETURN id=15820 rank=01043] left=3,4,2,1,3,3,1 status=TIMEOUT layouts=2/3 complete=False time=00:01:00
[GLOBAL] [----------------------------] done=36/1267 (2.84%) covered=853 layouts=1071 running=14/14 remaining=1231 elapsed=00:38:00 rate=0.95 sig/min ETA=21:39:23
[COVERAGE] selected_mass(global)=39.926% covered_mass(global contribution)=30.538%
[LONGEST] id=15934 rank=1047 left=3,4,3,1,1,2,3 elapsed=00:00:47
[RETURN id=15934 rank=01047] left=3,4,3,1,1,2,3 status=TIMEOUT layouts=0/3 complete=False time=00:01:00
[RETURN id=15944 rank=01051] left=3,4,3,1,3,1,2 status=TIMEOUT layouts=1/3 complete=False time=00:01:00
[RETURN id=15968 rank=01055] left=3,4,3,2,3,1,1 status=TIMEOUT layouts=2/3 complete=False time=00:01:00
[RETURN id=15980 rank=01057] left=3,4,3,3,1,2,1 status=TIMEOUT layouts=0/3 complete=False time=00:01:00
[RETURN id=17958 rank=01078] left=4,1,3,3,1,3,2 status=QUOTA_REACHED layouts=3/3 complete=True time=00:00:39
[RETURN id=17632 rank=01059] left=4,1,1,2,3,3,3 status=TIMEOUT layouts=0/3 complete=False time=00:01:00
[GLOBAL] [----------------------------] done=37/1267 (2.92%) covered=854 layouts=1075 running=14/14 remaining=1230 elapsed=00:38:30 rate=0.96 sig/min ETA=21:19:52
[COVERAGE] selected_mass(global)=39.926% covered_mass(global contribution)=30.566%
[LONGEST] id=17660 rank=1061 left=4,1,1,3,3,2,3 elapsed=00:00:57
[RETURN id=17804 rank=01067] left=4,1,2,3,1,3,3 status=TIMEOUT layouts=2/3 complete=False time=00:01:00
[RETURN id=17660 rank=01061] left=4,1,1,3,3,2,3 status=TIMEOUT layouts=0/3 complete=False time=00:01:00
[RETURN id=17814 rank=01068] left=4,1,2,3,3,1,3 status=TIMEOUT layouts=1/3 complete=False time=00:01:00
[RETURN id=17838 rank=01070] left=4,1,2,4,2,2,2 status=TIMEOUT layouts=2/3 complete=False time=00:01:00
[RETURN id=17816 rank=01069] left=4,1,2,3,3,3,1 status=TIMEOUT layouts=1/3 complete=False time=00:01:00
[RETURN id=17910 rank=01072] left=4,1,3,1,3,2,3 status=TIMEOUT layouts=1/3 complete=False time=00:01:00
[RETURN id=18078 rank=01083] left=4,1,4,2,2,2,2 status=QUOTA_REACHED layouts=3/3 complete=True time=00:00:37
[RETURN id=17962 rank=01079] left=4,1,3,3,2,1,3 status=TIMEOUT layouts=2/3 complete=False time=00:01:00
[RETURN id=17964 rank=01080] left=4,1,3,3,2,3,1 status=TIMEOUT layouts=2/3 complete=False time=00:01:00
[GLOBAL] [----------------------------] done=38/1267 (3.00%) covered=856 layouts=1083 running=14/14 remaining=1229 elapsed=00:39:00 rate=0.97 sig/min ETA=21:01:21
[COVERAGE] selected_mass(global)=39.926% covered_mass(global contribution)=30.621%
[LONGEST] id=17968 rank=1082 left=4,1,3,3,3,2,1 elapsed=00:00:45
[RETURN id=17968 rank=01082] left=4,1,3,3,3,2,1 status=QUOTA_REACHED layouts=3/3 complete=True time=00:00:45
[RETURN id=18638 rank=01101] left=4,2,2,4,1,2,2 status=QUOTA_REACHED layouts=3/3 complete=True time=00:00:46
[RETURN id=18412 rank=01084] left=4,2,1,1,3,3,3 status=TIMEOUT layouts=1/3 complete=False time=00:01:00
[RETURN id=18434 rank=01085] left=4,2,1,2,2,2,4 status=TIMEOUT layouts=1/3 complete=False time=00:01:00
[RETURN id=18436 rank=01086] left=4,2,1,2,2,4,2 status=TIMEOUT layouts=1/3 complete=False time=00:01:00
[RETURN id=18446 rank=01087] left=4,2,1,2,4,2,2 status=TIMEOUT layouts=1/3 complete=False time=00:01:00
[GLOBAL] [----------------------------] done=40/1267 (3.16%) covered=857 layouts=1088 running=14/14 remaining=1227 elapsed=00:39:30 rate=1.01 sig/min ETA=20:11:40
[COVERAGE] selected_mass(global)=39.926% covered_mass(global contribution)=30.648%
[LONGEST] id=18588 rank=1097 left=4,2,2,2,2,1,4 elapsed=00:00:56
[RETURN id=18588 rank=01097] left=4,2,2,2,2,1,4 status=TIMEOUT layouts=1/3 complete=False time=00:01:00
[RETURN id=18600 rank=01100] left=4,2,2,2,4,2,1 status=TIMEOUT layouts=1/3 complete=False time=00:01:00
[RETURN id=18642 rank=01102] left=4,2,2,4,2,1,2 status=TIMEOUT layouts=1/3 complete=False time=00:01:00
[RETURN id=18752 rank=01107] left=4,2,3,3,1,1,3 status=TIMEOUT layouts=1/3 complete=False time=00:01:00
[RETURN id=18754 rank=01108] left=4,2,3,3,1,3,1 status=TIMEOUT layouts=1/3 complete=False time=00:01:00
[RETURN id=18856 rank=01113] left=4,2,4,2,2,2,1 status=TIMEOUT layouts=2/3 complete=False time=00:01:00
[RETURN id=19208 rank=01121] left=4,3,1,3,1,3,2 status=TIMEOUT layouts=1/3 complete=False time=00:01:00
[RETURN id=19160 rank=01115] left=4,3,1,1,3,2,3 status=TIMEOUT layouts=1/3 complete=False time=00:01:00
[GLOBAL] [----------------------------] done=40/1267 (3.16%) covered=862 layouts=1094 running=14/14 remaining=1227 elapsed=00:40:00 rate=1.00 sig/min ETA=20:27:00
[COVERAGE] selected_mass(global)=39.926% covered_mass(global contribution)=30.786%
[LONGEST] id=19212 rank=1122 left=4,3,1,3,2,1,3 elapsed=00:01:00
[RETURN id=19212 rank=01122] left=4,3,1,3,2,1,3 status=TIMEOUT layouts=1/3 complete=False time=00:01:00
[RETURN id=19420 rank=01132] left=4,3,3,1,1,2,3 status=QUOTA_REACHED layouts=3/3 complete=True time=00:00:37
[RETURN id=19214 rank=01123] left=4,3,1,3,2,3,1 status=TIMEOUT layouts=0/3 complete=False time=00:01:00
[RETURN id=19218 rank=01125] left=4,3,1,3,3,2,1 status=TIMEOUT layouts=1/3 complete=False time=00:01:00
[RETURN id=19454 rank=01140] left=4,3,3,2,3,1,1 status=QUOTA_REACHED layouts=3/3 complete=True time=00:00:47
[RETURN id=19294 rank=01126] left=4,3,2,1,1,3,3 status=TIMEOUT layouts=0/3 complete=False time=00:01:00
[RETURN id=19306 rank=01128] left=4,3,2,1,3,3,1 status=TIMEOUT layouts=0/3 complete=False time=00:01:00
[RETURN id=19304 rank=01127] left=4,3,2,1,3,1,3 status=TIMEOUT layouts=1/3 complete=False time=00:01:00
[GLOBAL] [----------------------------] done=42/1267 (3.31%) covered=862 layouts=1098 running=14/14 remaining=1225 elapsed=00:40:30 rate=1.04 sig/min ETA=19:41:15
[COVERAGE] selected_mass(global)=39.926% covered_mass(global contribution)=30.786%
[LONGEST] id=19356 rank=1131 left=4,3,2,3,3,1,1 elapsed=00:00:56
[RETURN id=19356 rank=01131] left=4,3,2,3,3,1,1 status=TIMEOUT layouts=1/3 complete=False time=00:01:00
[RETURN id=01990 rank=01152] left=0,3,3,3,2,3,3 status=QUOTA_REACHED layouts=3/3 complete=True time=00:00:39
[RETURN id=19430 rank=01136] left=4,3,3,1,3,1,2 status=TIMEOUT layouts=2/3 complete=False time=00:01:00
[RETURN id=19466 rank=01142] left=4,3,3,3,1,2,1 status=TIMEOUT layouts=2/3 complete=False time=00:01:00
[RETURN id=19956 rank=01148] left=4,4,2,2,2,2,1 status=TIMEOUT layouts=1/3 complete=False time=00:01:00
[RETURN id=01852 rank=01150] left=0,3,2,3,3,3,3 status=TIMEOUT layouts=2/3 complete=False time=00:01:00
[GLOBAL] [----------------------------] done=43/1267 (3.39%) covered=863 layouts=1104 running=14/14 remaining=1224 elapsed=00:41:00 rate=1.05 sig/min ETA=19:27:04
[COVERAGE] selected_mass(global)=39.926% covered_mass(global contribution)=30.808%
[LONGEST] id=1996 rank=1154 left=0,3,3,3,3,3,2 elapsed=00:00:58
[RETURN id=08424 rank=01155] left=2,0,3,3,3,3,3 status=QUOTA_REACHED layouts=3/3 complete=True time=00:00:48
[RETURN id=01996 rank=01154] left=0,3,3,3,3,3,2 status=TIMEOUT layouts=1/3 complete=False time=00:01:00
[RETURN id=09786 rank=01157] left=2,2,2,2,2,5,2 status=TIMEOUT layouts=0/3 complete=False time=00:01:00
[RETURN id=09800 rank=01158] left=2,2,2,2,5,2,2 status=TIMEOUT layouts=1/3 complete=False time=00:01:00
[RETURN id=09870 rank=01159] left=2,2,2,5,2,2,2 status=TIMEOUT layouts=0/3 complete=False time=00:01:00
[RETURN id=10350 rank=01161] left=2,3,0,3,3,3,3 status=TIMEOUT layouts=1/3 complete=False time=00:01:00
[RETURN id=10802 rank=01165] left=2,3,3,3,3,3,0 status=TIMEOUT layouts=1/3 complete=False time=00:01:00
[RETURN id=12700 rank=01167] left=3,0,2,3,3,3,3 status=TIMEOUT layouts=1/3 complete=False time=00:01:00
[GLOBAL] [----------------------------] done=44/1267 (3.47%) covered=864 layouts=1107 running=14/14 remaining=1223 elapsed=00:41:30 rate=1.06 sig/min ETA=19:13:31
[COVERAGE] selected_mass(global)=39.926% covered_mass(global contribution)=30.830%
[LONGEST] id=12838 rank=1169 left=3,0,3,3,2,3,3 elapsed=00:00:54
[RETURN id=12838 rank=01169] left=3,0,3,3,2,3,3 status=QUOTA_REACHED layouts=3/3 complete=True time=00:00:56
[RETURN id=12844 rank=01171] left=3,0,3,3,3,3,2 status=TIMEOUT layouts=1/3 complete=False time=00:01:00
[RETURN id=14396 rank=01173] left=3,2,3,0,3,3,3 status=TIMEOUT layouts=0/3 complete=False time=00:01:00
[RETURN id=14466 rank=01174] left=3,2,3,3,0,3,3 status=TIMEOUT layouts=2/3 complete=False time=00:01:00
[RETURN id=14480 rank=01175] left=3,2,3,3,3,0,3 status=TIMEOUT layouts=1/3 complete=False time=00:01:00
[RETURN id=14824 rank=01178] left=3,3,0,3,2,3,3 status=TIMEOUT layouts=1/3 complete=False time=00:01:00
[GLOBAL] [----------------------------] done=45/1267 (3.55%) covered=865 layouts=1111 running=14/14 remaining=1222 elapsed=00:42:00 rate=1.07 sig/min ETA=19:00:32
[COVERAGE] selected_mass(global)=39.926% covered_mass(global contribution)=30.852%
[LONGEST] id=14830 rank=1180 left=3,3,0,3,3,3,2 elapsed=00:00:58
[RETURN id=14830 rank=01180] left=3,3,0,3,3,3,2 status=TIMEOUT layouts=0/3 complete=False time=00:01:00
[RETURN id=15138 rank=01184] left=3,3,2,3,3,3,0 status=TIMEOUT layouts=1/3 complete=False time=00:01:00
[RETURN id=15194 rank=01186] left=3,3,3,0,3,2,3 status=TIMEOUT layouts=2/3 complete=False time=00:01:00
[RETURN id=15236 rank=01188] left=3,3,3,2,0,3,3 status=QUOTA_REACHED layouts=3/3 complete=True time=00:00:59
[GLOBAL] [#---------------------------] done=46/1267 (3.63%) covered=865 layouts=1114 running=14/14 remaining=1221 elapsed=00:42:30 rate=1.08 sig/min ETA=18:48:06
[COVERAGE] selected_mass(global)=39.926% covered_mass(global contribution)=30.852%
[LONGEST] id=15250 rank=1189 left=3,3,3,2,3,0,3 elapsed=00:01:01
[RETURN id=15250 rank=01189] left=3,3,3,2,3,0,3 status=TIMEOUT layouts=0/3 complete=False time=00:01:00
[RETURN id=15262 rank=01192] left=3,3,3,3,0,3,2 status=TIMEOUT layouts=0/3 complete=False time=00:01:00
[RETURN id=15270 rank=01193] left=3,3,3,3,2,0,3 status=TIMEOUT layouts=2/3 complete=False time=00:01:00
[RETURN id=15274 rank=01195] left=3,3,3,3,3,0,2 status=TIMEOUT layouts=2/3 complete=False time=00:01:00
[RETURN id=15276 rank=01196] left=3,3,3,3,3,2,0 status=TIMEOUT layouts=2/3 complete=False time=00:01:00
[RETURN id=22454 rank=01197] left=5,2,2,2,2,2,2 status=TIMEOUT layouts=2/3 complete=False time=00:01:00
[RETURN id=04602 rank=01198] left=1,1,2,2,3,4,4 status=TIMEOUT layouts=1/3 complete=False time=00:01:00
[RETURN id=04606 rank=01200] left=1,1,2,2,4,4,3 status=TIMEOUT layouts=2/3 complete=False time=00:01:00
[RETURN id=04640 rank=01204] left=1,1,2,4,2,3,4 status=QUOTA_REACHED layouts=3/3 complete=True time=00:00:41
[RETURN id=04644 rank=01206] left=1,1,2,4,3,2,4 status=QUOTA_REACHED layouts=3/3 complete=True time=00:00:49
[RETURN id=04624 rank=01202] left=1,1,2,3,4,2,4 status=TIMEOUT layouts=1/3 complete=False time=00:01:00
[RETURN id=04626 rank=01203] left=1,1,2,3,4,4,2 status=TIMEOUT layouts=2/3 complete=False time=00:01:00
[GLOBAL] [#---------------------------] done=48/1267 (3.79%) covered=866 layouts=1125 running=14/14 remaining=1219 elapsed=00:43:00 rate=1.12 sig/min ETA=18:12:01
[COVERAGE] selected_mass(global)=39.926% covered_mass(global contribution)=30.874%
[LONGEST] id=4646 rank=1207 left=1,1,2,4,3,4,2 elapsed=00:00:37
[RETURN id=04724 rank=01212] left=1,1,3,2,4,4,2 status=QUOTA_REACHED layouts=3/3 complete=True time=00:00:45
[RETURN id=04646 rank=01207] left=1,1,2,4,3,4,2 status=TIMEOUT layouts=1/3 complete=False time=00:01:00
[RETURN id=04650 rank=01208] left=1,1,2,4,4,2,3 status=TIMEOUT layouts=1/3 complete=False time=00:01:00
[GLOBAL] [#---------------------------] done=49/1267 (3.87%) covered=867 layouts=1128 running=14/14 remaining=1218 elapsed=00:43:30 rate=1.13 sig/min ETA=18:01:17
[COVERAGE] selected_mass(global)=39.926% covered_mass(global contribution)=30.888%
[LONGEST] id=4722 rank=1211 left=1,1,3,2,4,2,4 elapsed=00:01:00
[RETURN id=04722 rank=01211] left=1,1,3,2,4,2,4 status=TIMEOUT layouts=1/3 complete=False time=00:01:00
[RETURN id=04854 rank=01217] left=1,1,4,2,2,4,3 status=TIMEOUT layouts=1/3 complete=False time=00:01:00
[RETURN id=04864 rank=01221] left=1,1,4,2,4,3,2 status=TIMEOUT layouts=1/3 complete=False time=00:01:00
[RETURN id=04880 rank=01222] left=1,1,4,3,2,2,4 status=TIMEOUT layouts=2/3 complete=False time=00:01:00
[RETURN id=04882 rank=01223] left=1,1,4,3,2,4,2 status=TIMEOUT layouts=2/3 complete=False time=00:01:00
[RETURN id=04892 rank=01224] left=1,1,4,3,4,2,2 status=TIMEOUT layouts=2/3 complete=False time=00:01:00
[RETURN id=04910 rank=01225] left=1,1,4,4,2,2,3 status=TIMEOUT layouts=2/3 complete=False time=00:01:00
[RETURN id=04916 rank=01227] left=1,1,4,4,3,2,2 status=TIMEOUT layouts=1/3 complete=False time=00:01:00
[RETURN id=05200 rank=01229] left=1,2,1,2,4,3,4 status=TIMEOUT layouts=1/3 complete=False time=00:01:00
[RETURN id=05212 rank=01231] left=1,2,1,3,2,4,4 status=TIMEOUT layouts=2/3 complete=False time=00:01:00
[GLOBAL] [#---------------------------] done=49/1267 (3.87%) covered=869 layouts=1135 running=14/14 remaining=1218 elapsed=00:44:00 rate=1.11 sig/min ETA=18:13:43
[COVERAGE] selected_mass(global)=39.926% covered_mass(global contribution)=30.916%
[LONGEST] id=5236 rank=1235 left=1,2,1,4,2,4,3 elapsed=00:01:01
[RETURN id=05236 rank=01235] left=1,2,1,4,2,4,3 status=TIMEOUT layouts=2/3 complete=False time=00:01:00
[RETURN id=05246 rank=01239] left=1,2,1,4,4,3,2 status=TIMEOUT layouts=1/3 complete=False time=00:01:00
[RETURN id=05298 rank=01241] left=1,2,2,1,4,3,4 status=TIMEOUT layouts=1/3 complete=False time=00:01:00
[RETURN id=05330 rank=01243] left=1,2,2,3,1,4,4 status=TIMEOUT layouts=1/3 complete=False time=00:01:00
[GLOBAL] [#---------------------------] done=49/1267 (3.87%) covered=870 layouts=1137 running=14/14 remaining=1218 elapsed=00:44:30 rate=1.10 sig/min ETA=18:26:09
[COVERAGE] selected_mass(global)=39.926% covered_mass(global contribution)=30.929%
[LONGEST] id=5342 rank=1244 left=1,2,2,3,4,1,4 elapsed=00:00:59
[RETURN id=05504 rank=01260] left=1,2,3,4,2,1,4 status=QUOTA_REACHED layouts=3/3 complete=True time=00:00:46
[RETURN id=05342 rank=01244] left=1,2,2,3,4,1,4 status=TIMEOUT layouts=2/3 complete=False time=00:01:00
[RETURN id=05356 rank=01246] left=1,2,2,4,1,3,4 status=TIMEOUT layouts=1/3 complete=False time=00:01:00
[RETURN id=05368 rank=01249] left=1,2,2,4,3,4,1 status=TIMEOUT layouts=1/3 complete=False time=00:01:00
[RETURN id=05432 rank=01253] left=1,2,3,1,4,2,4 status=TIMEOUT layouts=1/3 complete=False time=00:01:00
[RETURN id=05434 rank=01254] left=1,2,3,1,4,4,2 status=TIMEOUT layouts=2/3 complete=False time=00:01:00
[RETURN id=05460 rank=01257] left=1,2,3,2,4,4,1 status=TIMEOUT layouts=1/3 complete=False time=00:01:00
[RETURN id=05516 rank=01263] left=1,2,3,4,4,2,1 status=TIMEOUT layouts=2/3 complete=False time=00:01:00
[RETURN id=05574 rank=01265] left=1,2,4,1,2,4,3 status=TIMEOUT layouts=0/3 complete=False time=00:01:00
[RETURN id=05584 rank=01269] left=1,2,4,1,4,3,2 status=TIMEOUT layouts=2/3 complete=False time=00:01:00
[GLOBAL] [#---------------------------] done=50/1267 (3.95%) covered=874 layouts=1147 running=14/14 remaining=1217 elapsed=00:45:00 rate=1.11 sig/min ETA=18:15:18
[COVERAGE] selected_mass(global)=39.926% covered_mass(global contribution)=30.984%
[LONGEST] id=5596 rank=1270 left=1,2,4,2,1,3,4 elapsed=00:00:59
[RETURN id=05596 rank=01270] left=1,2,4,2,1,3,4 status=TIMEOUT layouts=1/3 complete=False time=00:01:00
[RETURN id=05608 rank=01273] left=1,2,4,2,3,4,1 status=TIMEOUT layouts=0/3 complete=False time=00:01:00
[RETURN id=05624 rank=01276] left=1,2,4,3,1,2,4 status=TIMEOUT layouts=0/3 complete=False time=00:01:00
[RETURN id=05658 rank=01284] left=1,2,4,4,2,1,3 status=QUOTA_REACHED layouts=3/3 complete=True time=00:00:55
[GLOBAL] [#---------------------------] done=51/1267 (4.03%) covered=874 layouts=1149 running=14/14 remaining=1216 elapsed=00:45:30 rate=1.12 sig/min ETA=18:04:52
[COVERAGE] selected_mass(global)=39.926% covered_mass(global contribution)=30.984%
[LONGEST] id=5626 rank=1277 left=1,2,4,3,1,4,2 elapsed=00:01:00
[RETURN id=05626 rank=01277] left=1,2,4,3,1,4,2 status=TIMEOUT layouts=2/3 complete=False time=00:01:00
[RETURN id=05632 rank=01279] left=1,2,4,3,2,4,1 status=TIMEOUT layouts=1/3 complete=False time=00:01:00
[RETURN id=05640 rank=01280] left=1,2,4,3,4,1,2 status=TIMEOUT layouts=0/3 complete=False time=00:01:00
[RETURN id=05654 rank=01283] left=1,2,4,4,1,3,2 status=TIMEOUT layouts=2/3 complete=False time=00:01:00
[RETURN id=05660 rank=01285] left=1,2,4,4,2,3,1 status=TIMEOUT layouts=2/3 complete=False time=00:01:00
[RETURN id=05664 rank=01287] left=1,2,4,4,3,2,1 status=TIMEOUT layouts=1/3 complete=False time=00:01:00
[RETURN id=05972 rank=01289] left=1,3,1,2,4,2,4 status=TIMEOUT layouts=2/3 complete=False time=00:01:00
[RETURN id=05974 rank=01290] left=1,3,1,2,4,4,2 status=TIMEOUT layouts=1/3 complete=False time=00:01:00
[RETURN id=06080 rank=01294] left=1,3,2,1,2,4,4 status=TIMEOUT layouts=2/3 complete=False time=00:01:00
[RETURN id=06100 rank=01297] left=1,3,2,2,1,4,4 status=TIMEOUT layouts=1/3 complete=False time=00:01:00
[GLOBAL] [#---------------------------] done=51/1267 (4.03%) covered=875 layouts=1155 running=14/14 remaining=1216 elapsed=00:46:00 rate=1.11 sig/min ETA=18:16:47
[COVERAGE] selected_mass(global)=39.926% covered_mass(global contribution)=30.998%
[LONGEST] id=6112 rank=1298 left=1,3,2,2,4,1,4 elapsed=00:00:59
[RETURN id=06112 rank=01298] left=1,3,2,2,4,1,4 status=TIMEOUT layouts=1/3 complete=False time=00:01:00
[RETURN id=06154 rank=01300] left=1,3,2,4,1,2,4 status=TIMEOUT layouts=1/3 complete=False time=00:01:00
[RETURN id=06156 rank=01301] left=1,3,2,4,1,4,2 status=TIMEOUT layouts=2/3 complete=False time=00:01:00
[GLOBAL] [#---------------------------] done=51/1267 (4.03%) covered=875 layouts=1156 running=14/14 remaining=1216 elapsed=00:46:30 rate=1.10 sig/min ETA=18:28:42
[COVERAGE] selected_mass(global)=39.926% covered_mass(global contribution)=30.998%
[LONGEST] id=6162 rank=1303 left=1,3,2,4,2,4,1 elapsed=00:01:01
[RETURN id=06162 rank=01303] left=1,3,2,4,2,4,1 status=TIMEOUT layouts=1/3 complete=False time=00:01:00
[RETURN id=06170 rank=01304] left=1,3,2,4,4,1,2 status=TIMEOUT layouts=1/3 complete=False time=00:01:00
[RETURN id=06380 rank=01306] left=1,3,4,1,2,2,4 status=TIMEOUT layouts=1/3 complete=False time=00:01:00
[RETURN id=06392 rank=01308] left=1,3,4,1,4,2,2 status=TIMEOUT layouts=1/3 complete=False time=00:01:00
[RETURN id=06382 rank=01307] left=1,3,4,1,2,4,2 status=TIMEOUT layouts=0/3 complete=False time=00:01:00
[RETURN id=06404 rank=01309] left=1,3,4,2,1,2,4 status=TIMEOUT layouts=1/3 complete=False time=00:01:00
[RETURN id=06406 rank=01310] left=1,3,4,2,1,4,2 status=TIMEOUT layouts=0/3 complete=False time=00:01:00
[RETURN id=06412 rank=01312] left=1,3,4,2,2,4,1 status=TIMEOUT layouts=1/3 complete=False time=00:01:00
[RETURN id=06420 rank=01313] left=1,3,4,2,4,1,2 status=TIMEOUT layouts=2/3 complete=False time=00:01:00
[RETURN id=06464 rank=01317] left=1,3,4,4,2,2,1 status=TIMEOUT layouts=0/3 complete=False time=00:01:00
[GLOBAL] [#---------------------------] done=51/1267 (4.03%) covered=879 layouts=1161 running=14/14 remaining=1216 elapsed=00:47:00 rate=1.09 sig/min ETA=18:40:38
[COVERAGE] selected_mass(global)=39.926% covered_mass(global contribution)=31.053%
[LONGEST] id=6780 rank=1319 left=1,4,1,2,2,4,3 elapsed=00:01:00
[RETURN id=06780 rank=01319] left=1,4,1,2,2,4,3 status=TIMEOUT layouts=1/3 complete=False time=00:01:00
[RETURN id=06790 rank=01323] left=1,4,1,2,4,3,2 status=TIMEOUT layouts=1/3 complete=False time=00:01:00
[RETURN id=06806 rank=01324] left=1,4,1,3,2,2,4 status=TIMEOUT layouts=0/3 complete=False time=00:01:00
[RETURN id=06808 rank=01325] left=1,4,1,3,2,4,2 status=TIMEOUT layouts=1/3 complete=False time=00:01:00
[GLOBAL] [#---------------------------] done=51/1267 (4.03%) covered=881 layouts=1163 running=14/14 remaining=1216 elapsed=00:47:30 rate=1.07 sig/min ETA=18:52:33
[COVERAGE] selected_mass(global)=39.926% covered_mass(global contribution)=31.081%
[LONGEST] id=6818 rank=1326 left=1,4,1,3,4,2,2 elapsed=00:00:59
[RETURN id=06818 rank=01326] left=1,4,1,3,4,2,2 status=TIMEOUT layouts=1/3 complete=False time=00:01:00
[RETURN id=06836 rank=01327] left=1,4,1,4,2,2,3 status=TIMEOUT layouts=0/3 complete=False time=00:01:00
[RETURN id=06842 rank=01329] left=1,4,1,4,3,2,2 status=TIMEOUT layouts=1/3 complete=False time=00:01:00
[RETURN id=06904 rank=01330] left=1,4,2,1,2,3,4 status=TIMEOUT layouts=1/3 complete=False time=00:01:00
[RETURN id=06908 rank=01332] left=1,4,2,1,3,2,4 status=TIMEOUT layouts=1/3 complete=False time=00:01:00
[RETURN id=06910 rank=01333] left=1,4,2,1,3,4,2 status=TIMEOUT layouts=1/3 complete=False time=00:01:00
[RETURN id=06914 rank=01334] left=1,4,2,1,4,2,3 status=TIMEOUT layouts=1/3 complete=False time=00:01:00
[RETURN id=06928 rank=01337] left=1,4,2,2,1,4,3 status=TIMEOUT layouts=1/3 complete=False time=00:01:00
[RETURN id=06936 rank=01338] left=1,4,2,2,3,1,4 status=TIMEOUT layouts=1/3 complete=False time=00:01:00
[RETURN id=06944 rank=01341] left=1,4,2,2,4,3,1 status=QUOTA_REACHED layouts=3/3 complete=True time=00:00:52
[RETURN id=06942 rank=01340] left=1,4,2,2,4,1,3 status=TIMEOUT layouts=1/3 complete=False time=00:01:00
[GLOBAL] [#---------------------------] done=52/1267 (4.10%) covered=884 layouts=1168 running=14/14 remaining=1215 elapsed=00:48:00 rate=1.08 sig/min ETA=18:41:32
[COVERAGE] selected_mass(global)=39.926% covered_mass(global contribution)=31.122%
[LONGEST] id=6960 rank=1344 left=1,4,2,3,2,1,4 elapsed=00:00:58
[RETURN id=06960 rank=01344] left=1,4,2,3,2,1,4 status=TIMEOUT layouts=0/3 complete=False time=00:01:00
[RETURN id=06972 rank=01347] left=1,4,2,3,4,2,1 status=TIMEOUT layouts=0/3 complete=False time=00:01:00
[RETURN id=06984 rank=01348] left=1,4,2,4,1,2,3 status=TIMEOUT layouts=1/3 complete=False time=00:01:00
[GLOBAL] [#---------------------------] done=52/1267 (4.10%) covered=884 layouts=1168 running=14/14 remaining=1215 elapsed=00:48:30 rate=1.07 sig/min ETA=18:53:13
[COVERAGE] selected_mass(global)=39.926% covered_mass(global contribution)=31.122%
[LONGEST] id=6994 rank=1352 left=1,4,2,4,3,1,2 elapsed=00:00:58
[RETURN id=06994 rank=01352] left=1,4,2,4,3,1,2 status=TIMEOUT layouts=2/3 complete=False time=00:01:00
[RETURN id=07056 rank=01354] left=1,4,3,1,2,2,4 status=TIMEOUT layouts=1/3 complete=False time=00:01:00
[RETURN id=07058 rank=01355] left=1,4,3,1,2,4,2 status=TIMEOUT layouts=2/3 complete=False time=00:01:00
[RETURN id=07140 rank=01365] left=1,4,3,4,2,2,1 status=QUOTA_REACHED layouts=3/3 complete=True time=00:00:46
[RETURN id=07068 rank=01356] left=1,4,3,1,4,2,2 status=TIMEOUT layouts=0/3 complete=False time=00:01:00
[RETURN id=07080 rank=01357] left=1,4,3,2,1,2,4 status=TIMEOUT layouts=0/3 complete=False time=00:01:00
[RETURN id=07088 rank=01360] left=1,4,3,2,2,4,1 status=QUOTA_REACHED layouts=3/3 complete=True time=00:00:55
[RETURN id=07082 rank=01358] left=1,4,3,2,1,4,2 status=TIMEOUT layouts=2/3 complete=False time=00:01:00
[RETURN id=07096 rank=01361] left=1,4,3,2,4,1,2 status=TIMEOUT layouts=1/3 complete=False time=00:01:00
[RETURN id=07202 rank=01367] left=1,4,4,1,2,3,2 status=TIMEOUT layouts=0/3 complete=False time=00:01:00
[GLOBAL] [#---------------------------] done=54/1267 (4.26%) covered=887 layouts=1178 running=14/14 remaining=1213 elapsed=00:49:00 rate=1.10 sig/min ETA=18:20:41
[COVERAGE] selected_mass(global)=39.926% covered_mass(global contribution)=31.163%
[LONGEST] id=7224 rank=1369 left=1,4,4,2,1,2,3 elapsed=00:01:01
[RETURN id=07224 rank=01369] left=1,4,4,2,1,2,3 status=TIMEOUT layouts=1/3 complete=False time=00:01:00
[RETURN id=07234 rank=01373] left=1,4,4,2,3,1,2 status=TIMEOUT layouts=1/3 complete=False time=00:01:00
[RETURN id=08900 rank=01382] left=2,1,1,3,4,2,4 status=QUOTA_REACHED layouts=3/3 complete=True time=00:00:29
[RETURN id=07250 rank=01375] left=1,4,4,3,1,2,2 status=TIMEOUT layouts=2/3 complete=False time=00:01:00
[GLOBAL] [#---------------------------] done=55/1267 (4.34%) covered=888 layouts=1182 running=14/14 remaining=1212 elapsed=00:49:30 rate=1.11 sig/min ETA=18:10:48
[COVERAGE] selected_mass(global)=39.926% covered_mass(global contribution)=31.177%
[LONGEST] id=7254 rank=1376 left=1,4,4,3,2,1,2 elapsed=00:01:00
[RETURN id=07254 rank=01376] left=1,4,4,3,2,1,2 status=TIMEOUT layouts=1/3 complete=False time=00:01:00
[RETURN id=08878 rank=01378] left=2,1,1,2,3,4,4 status=TIMEOUT layouts=1/3 complete=False time=00:01:00
[RETURN id=08882 rank=01380] left=2,1,1,2,4,4,3 status=TIMEOUT layouts=1/3 complete=False time=00:01:00
[RETURN id=08902 rank=01383] left=2,1,1,3,4,4,2 status=TIMEOUT layouts=2/3 complete=False time=00:01:00
[RETURN id=08916 rank=01384] left=2,1,1,4,2,3,4 status=TIMEOUT layouts=0/3 complete=False time=00:01:00
[RETURN id=08920 rank=01386] left=2,1,1,4,3,2,4 status=TIMEOUT layouts=1/3 complete=False time=00:01:00
[RETURN id=08922 rank=01387] left=2,1,1,4,3,4,2 status=TIMEOUT layouts=1/3 complete=False time=00:01:00
[RETURN id=08926 rank=01388] left=2,1,1,4,4,2,3 status=TIMEOUT layouts=2/3 complete=False time=00:01:00
[RETURN id=08976 rank=01390] left=2,1,2,1,3,4,4 status=TIMEOUT layouts=1/3 complete=False time=00:01:00
[RETURN id=08980 rank=01392] left=2,1,2,1,4,4,3 status=TIMEOUT layouts=2/3 complete=False time=00:01:00
[GLOBAL] [#---------------------------] done=55/1267 (4.34%) covered=891 layouts=1188 running=14/14 remaining=1212 elapsed=00:50:00 rate=1.10 sig/min ETA=18:21:49
[COVERAGE] selected_mass(global)=39.926% covered_mass(global contribution)=31.219%
[LONGEST] id=9026 rank=1395 left=2,1,2,3,4,4,1 elapsed=00:01:00
[RETURN id=09026 rank=01395] left=2,1,2,3,4,4,1 status=TIMEOUT layouts=1/3 complete=False time=00:01:00
[RETURN id=09046 rank=01398] left=2,1,2,4,3,1,4 status=TIMEOUT layouts=2/3 complete=False time=00:01:00
[RETURN id=09038 rank=01397] left=2,1,2,4,1,4,3 status=TIMEOUT layouts=2/3 complete=False time=00:01:00
[RETURN id=09052 rank=01400] left=2,1,2,4,4,1,3 status=QUOTA_REACHED layouts=3/3 complete=True time=00:00:44
[GLOBAL] [#---------------------------] done=56/1267 (4.42%) covered=892 layouts=1193 running=14/14 remaining=1211 elapsed=00:50:30 rate=1.11 sig/min ETA=18:12:04
[COVERAGE] selected_mass(global)=39.926% covered_mass(global contribution)=31.232%
[LONGEST] id=9054 rank=1401 left=2,1,2,4,4,3,1 elapsed=00:00:59
[RETURN id=09054 rank=01401] left=2,1,2,4,4,3,1 status=TIMEOUT layouts=2/3 complete=False time=00:01:00
[RETURN id=09126 rank=01405] left=2,1,3,2,1,4,4 status=TIMEOUT layouts=2/3 complete=False time=00:01:00
[RETURN id=09106 rank=01402] left=2,1,3,1,2,4,4 status=TIMEOUT layouts=2/3 complete=False time=00:01:00
[RETURN id=09138 rank=01406] left=2,1,3,2,4,1,4 status=TIMEOUT layouts=1/3 complete=False time=00:01:00
[RETURN id=09180 rank=01408] left=2,1,3,4,1,2,4 status=TIMEOUT layouts=2/3 complete=False time=00:01:00
[RETURN id=09182 rank=01409] left=2,1,3,4,1,4,2 status=TIMEOUT layouts=1/3 complete=False time=00:01:00
[RETURN id=09188 rank=01411] left=2,1,3,4,2,4,1 status=TIMEOUT layouts=1/3 complete=False time=00:01:00
[RETURN id=09196 rank=01412] left=2,1,3,4,4,1,2 status=TIMEOUT layouts=1/3 complete=False time=00:01:00
[RETURN id=09254 rank=01414] left=2,1,4,1,2,3,4 status=TIMEOUT layouts=1/3 complete=False time=00:01:00
[RETURN id=09258 rank=01416] left=2,1,4,1,3,2,4 status=TIMEOUT layouts=0/3 complete=False time=00:01:00
[GLOBAL] [#---------------------------] done=56/1267 (4.42%) covered=893 layouts=1198 running=14/14 remaining=1211 elapsed=00:51:00 rate=1.10 sig/min ETA=18:22:53
[COVERAGE] selected_mass(global)=39.926% covered_mass(global contribution)=31.246%
[LONGEST] id=9260 rank=1417 left=2,1,4,1,3,4,2 elapsed=00:00:59
[RETURN id=09260 rank=01417] left=2,1,4,1,3,4,2 status=TIMEOUT layouts=0/3 complete=False time=00:01:00
[RETURN id=09278 rank=01421] left=2,1,4,2,1,4,3 status=TIMEOUT layouts=1/3 complete=False time=00:01:00
[RETURN id=09264 rank=01418] left=2,1,4,1,4,2,3 status=TIMEOUT layouts=1/3 complete=False time=00:01:00
[RETURN id=09322 rank=01431] left=2,1,4,3,4,2,1 status=QUOTA_REACHED layouts=3/3 complete=True time=00:00:31
[RETURN id=09286 rank=01422] left=2,1,4,2,3,1,4 status=TIMEOUT layouts=2/3 complete=False time=00:01:00
[GLOBAL] [#---------------------------] done=57/1267 (4.50%) covered=895 layouts=1203 running=14/14 remaining=1210 elapsed=00:51:30 rate=1.11 sig/min ETA=18:13:15
[COVERAGE] selected_mass(global)=39.926% covered_mass(global contribution)=31.274%
[LONGEST] id=9292 rank=1424 left=2,1,4,2,4,1,3 elapsed=00:00:58
[RETURN id=09292 rank=01424] left=2,1,4,2,4,1,3 status=TIMEOUT layouts=1/3 complete=False time=00:01:00
[RETURN id=09294 rank=01425] left=2,1,4,2,4,3,1 status=TIMEOUT layouts=0/3 complete=False time=00:01:00
[RETURN id=09310 rank=01428] left=2,1,4,3,2,1,4 status=TIMEOUT layouts=2/3 complete=False time=00:01:00
[RETURN id=09334 rank=01432] left=2,1,4,4,1,2,3 status=TIMEOUT layouts=0/3 complete=False time=00:01:00
[RETURN id=09344 rank=01436] left=2,1,4,4,3,1,2 status=TIMEOUT layouts=1/3 complete=False time=00:01:00
[RETURN id=09634 rank=01439] left=2,2,1,1,4,3,4 status=TIMEOUT layouts=0/3 complete=False time=00:01:00
[RETURN id=09666 rank=01441] left=2,2,1,3,1,4,4 status=TIMEOUT layouts=1/3 complete=False time=00:01:00
[RETURN id=09678 rank=01442] left=2,2,1,3,4,1,4 status=TIMEOUT layouts=0/3 complete=False time=00:01:00
[RETURN id=09692 rank=01444] left=2,2,1,4,1,3,4 status=TIMEOUT layouts=0/3 complete=False time=00:01:00
[GLOBAL] [#---------------------------] done=57/1267 (4.50%) covered=897 layouts=1206 running=14/14 remaining=1210 elapsed=00:52:00 rate=1.10 sig/min ETA=18:23:52
[COVERAGE] selected_mass(global)=39.926% covered_mass(global contribution)=31.301%
[LONGEST] id=9704 rank=1447 left=2,2,1,4,3,4,1 elapsed=00:00:58
[RETURN id=09704 rank=01447] left=2,2,1,4,3,4,1 status=TIMEOUT layouts=2/3 complete=False time=00:01:00
[RETURN id=09906 rank=01450] left=2,2,3,1,1,4,4 status=TIMEOUT layouts=2/3 complete=False time=00:01:00
[RETURN id=09918 rank=01451] left=2,2,3,1,4,1,4 status=TIMEOUT layouts=0/3 complete=False time=00:01:00
[RETURN id=09988 rank=01453] left=2,2,3,4,1,1,4 status=TIMEOUT layouts=1/3 complete=False time=00:01:00
[RETURN id=10058 rank=01457] left=2,2,4,1,1,4,3 status=TIMEOUT layouts=2/3 complete=False time=00:01:00
[GLOBAL] [#---------------------------] done=57/1267 (4.50%) covered=898 layouts=1210 running=14/14 remaining=1210 elapsed=00:52:30 rate=1.09 sig/min ETA=18:34:28
[COVERAGE] selected_mass(global)=39.926% covered_mass(global contribution)=31.315%
[LONGEST] id=10066 rank=1458 left=2,2,4,1,3,1,4 elapsed=00:00:57
[RETURN id=10066 rank=01458] left=2,2,4,1,3,1,4 status=TIMEOUT layouts=1/3 complete=False time=00:01:00
[RETURN id=10072 rank=01460] left=2,2,4,1,4,1,3 status=TIMEOUT layouts=1/3 complete=False time=00:01:00
[RETURN id=10074 rank=01461] left=2,2,4,1,4,3,1 status=TIMEOUT layouts=0/3 complete=False time=00:01:00
[RETURN id=10116 rank=01463] left=2,2,4,3,1,4,1 status=TIMEOUT layouts=2/3 complete=False time=00:01:00
[RETURN id=10128 rank=01464] left=2,2,4,3,4,1,1 status=TIMEOUT layouts=1/3 complete=False time=00:01:00
[RETURN id=10148 rank=01467] left=2,2,4,4,3,1,1 status=TIMEOUT layouts=2/3 complete=False time=00:01:00
[RETURN id=10444 rank=01469] left=2,3,1,1,4,2,4 status=TIMEOUT layouts=0/3 complete=False time=00:01:00
[RETURN id=10446 rank=01470] left=2,3,1,1,4,4,2 status=TIMEOUT layouts=1/3 complete=False time=00:01:00
[RETURN id=10472 rank=01473] left=2,3,1,2,4,4,1 status=TIMEOUT layouts=0/3 complete=False time=00:01:00
[GLOBAL] [#---------------------------] done=57/1267 (4.50%) covered=899 layouts=1213 running=14/14 remaining=1210 elapsed=00:53:00 rate=1.08 sig/min ETA=18:45:05
[COVERAGE] selected_mass(global)=39.926% covered_mass(global contribution)=31.329%
[LONGEST] id=10516 rank=1476 left=2,3,1,4,2,1,4 elapsed=00:00:57
[RETURN id=10516 rank=01476] left=2,3,1,4,2,1,4 status=TIMEOUT layouts=1/3 complete=False time=00:01:00
[RETURN id=10528 rank=01479] left=2,3,1,4,4,2,1 status=TIMEOUT layouts=1/3 complete=False time=00:01:00
[RETURN id=10582 rank=01480] left=2,3,2,1,1,4,4 status=TIMEOUT layouts=1/3 complete=False time=00:01:00
[RETURN id=10594 rank=01481] left=2,3,2,1,4,1,4 status=TIMEOUT layouts=1/3 complete=False time=00:01:00
[RETURN id=10664 rank=01483] left=2,3,2,4,1,1,4 status=TIMEOUT layouts=2/3 complete=False time=00:01:00
[GLOBAL] [#---------------------------] done=57/1267 (4.50%) covered=902 layouts=1217 running=14/14 remaining=1210 elapsed=00:53:30 rate=1.07 sig/min ETA=18:55:42
[COVERAGE] selected_mass(global)=39.926% covered_mass(global contribution)=31.370%
[LONGEST] id=10876 rank=1486 left=2,3,4,1,1,2,4 elapsed=00:00:56
[RETURN id=10876 rank=01486] left=2,3,4,1,1,2,4 status=TIMEOUT layouts=1/3 complete=False time=00:01:00
[RETURN id=10878 rank=01487] left=2,3,4,1,1,4,2 status=TIMEOUT layouts=1/3 complete=False time=00:01:00
[RETURN id=10884 rank=01489] left=2,3,4,1,2,4,1 status=TIMEOUT layouts=1/3 complete=False time=00:01:00
[RETURN id=10892 rank=01490] left=2,3,4,1,4,1,2 status=TIMEOUT layouts=0/3 complete=False time=00:01:00
[RETURN id=10904 rank=01492] left=2,3,4,2,1,1,4 status=TIMEOUT layouts=1/3 complete=False time=00:01:00
[RETURN id=10950 rank=01495] left=2,3,4,4,1,1,2 status=TIMEOUT layouts=2/3 complete=False time=00:01:00
[RETURN id=10954 rank=01497] left=2,3,4,4,2,1,1 status=TIMEOUT layouts=2/3 complete=False time=00:01:00
[RETURN id=11240 rank=01498] left=2,4,1,1,2,3,4 status=TIMEOUT layouts=1/3 complete=False time=00:01:00
[RETURN id=11244 rank=01500] left=2,4,1,1,3,2,4 status=TIMEOUT layouts=1/3 complete=False time=00:01:00
[GLOBAL] [#---------------------------] done=57/1267 (4.50%) covered=906 layouts=1223 running=14/14 remaining=1210 elapsed=00:54:00 rate=1.06 sig/min ETA=19:06:19
[COVERAGE] selected_mass(global)=39.926% covered_mass(global contribution)=31.425%
[LONGEST] id=11246 rank=1501 left=2,4,1,1,3,4,2 elapsed=00:00:56
[RETURN id=11246 rank=01501] left=2,4,1,1,3,4,2 status=TIMEOUT layouts=2/3 complete=False time=00:01:00
[RETURN id=11250 rank=01502] left=2,4,1,1,4,2,3 status=TIMEOUT layouts=0/3 complete=False time=00:01:00
[RETURN id=11264 rank=01505] left=2,4,1,2,1,4,3 status=TIMEOUT layouts=0/3 complete=False time=00:01:00
[RETURN id=11272 rank=01506] left=2,4,1,2,3,1,4 status=TIMEOUT layouts=1/3 complete=False time=00:01:00
[RETURN id=11278 rank=01508] left=2,4,1,2,4,1,3 status=TIMEOUT layouts=1/3 complete=False time=00:01:00
[GLOBAL] [#---------------------------] done=57/1267 (4.50%) covered=909 layouts=1227 running=14/14 remaining=1210 elapsed=00:54:30 rate=1.05 sig/min ETA=19:16:56
[COVERAGE] selected_mass(global)=39.926% covered_mass(global contribution)=31.466%
[LONGEST] id=11280 rank=1509 left=2,4,1,2,4,3,1 elapsed=00:00:54
[RETURN id=11472 rank=01532] left=2,4,2,4,1,3,1 status=QUOTA_REACHED layouts=3/3 complete=True time=00:00:27
[RETURN id=11280 rank=01509] left=2,4,1,2,4,3,1 status=TIMEOUT layouts=1/3 complete=False time=00:01:00
[RETURN id=11296 rank=01512] left=2,4,1,3,2,1,4 status=TIMEOUT layouts=2/3 complete=False time=00:01:00
[RETURN id=11308 rank=01515] left=2,4,1,3,4,2,1 status=TIMEOUT layouts=0/3 complete=False time=00:01:00
[RETURN id=11320 rank=01516] left=2,4,1,4,1,2,3 status=TIMEOUT layouts=2/3 complete=False time=00:01:00
[RETURN id=11330 rank=01520] left=2,4,1,4,3,1,2 status=TIMEOUT layouts=2/3 complete=False time=00:01:00
[RETURN id=11388 rank=01522] left=2,4,2,1,1,3,4 status=TIMEOUT layouts=1/3 complete=False time=00:01:00
[RETURN id=11400 rank=01525] left=2,4,2,1,3,4,1 status=TIMEOUT layouts=1/3 complete=False time=00:01:00
[RETURN id=11444 rank=01528] left=2,4,2,3,1,1,4 status=TIMEOUT layouts=2/3 complete=False time=00:01:00
[RETURN id=11470 rank=01531] left=2,4,2,4,1,1,3 status=TIMEOUT layouts=0/3 complete=False time=00:01:00
[GLOBAL] [#---------------------------] done=58/1267 (4.58%) covered=911 layouts=1235 running=14/14 remaining=1209 elapsed=00:55:00 rate=1.05 sig/min ETA=19:06:28
[COVERAGE] selected_mass(global)=39.926% covered_mass(global contribution)=31.494%
[LONGEST] id=11536 rank=1536 left=2,4,3,1,2,1,4 elapsed=00:00:52
[RETURN id=11536 rank=01536] left=2,4,3,1,2,1,4 status=TIMEOUT layouts=1/3 complete=False time=00:01:00
[RETURN id=11548 rank=01539] left=2,4,3,1,4,2,1 status=TIMEOUT layouts=2/3 complete=False time=00:01:00
[RETURN id=11562 rank=01541] left=2,4,3,2,1,4,1 status=TIMEOUT layouts=0/3 complete=False time=00:01:00
[RETURN id=11574 rank=01542] left=2,4,3,2,4,1,1 status=TIMEOUT layouts=1/3 complete=False time=00:01:00
[RETURN id=11668 rank=01550] left=2,4,4,1,3,1,2 status=QUOTA_REACHED layouts=3/3 complete=True time=00:00:46
[GLOBAL] [#---------------------------] done=59/1267 (4.66%) covered=912 layouts=1239 running=14/14 remaining=1208 elapsed=00:55:30 rate=1.06 sig/min ETA=18:56:20
[COVERAGE] selected_mass(global)=39.926% covered_mass(global contribution)=31.508%
[LONGEST] id=11606 rank=1544 left=2,4,3,4,1,2,1 elapsed=00:00:57
[RETURN id=11606 rank=01544] left=2,4,3,4,1,2,1 status=TIMEOUT layouts=1/3 complete=False time=00:01:00
[RETURN id=11658 rank=01546] left=2,4,4,1,1,2,3 status=TIMEOUT layouts=0/3 complete=False time=00:01:00
[RETURN id=11692 rank=01554] left=2,4,4,2,3,1,1 status=TIMEOUT layouts=2/3 complete=False time=00:01:00
[RETURN id=11704 rank=01556] left=2,4,4,3,1,2,1 status=TIMEOUT layouts=2/3 complete=False time=00:01:00
[RETURN id=13334 rank=01559] left=3,1,1,2,4,2,4 status=TIMEOUT layouts=2/3 complete=False time=00:01:00
[RETURN id=13336 rank=01560] left=3,1,1,2,4,4,2 status=TIMEOUT layouts=2/3 complete=False time=00:01:00
[RETURN id=13442 rank=01564] left=3,1,2,1,2,4,4 status=TIMEOUT layouts=2/3 complete=False time=00:01:00
[RETURN id=13462 rank=01567] left=3,1,2,2,1,4,4 status=TIMEOUT layouts=1/3 complete=False time=00:01:00
[RETURN id=13474 rank=01568] left=3,1,2,2,4,1,4 status=TIMEOUT layouts=2/3 complete=False time=00:01:00
[GLOBAL] [#---------------------------] done=59/1267 (4.66%) covered=913 layouts=1246 running=14/14 remaining=1208 elapsed=00:56:00 rate=1.05 sig/min ETA=19:06:35
[COVERAGE] selected_mass(global)=39.926% covered_mass(global contribution)=31.522%
[LONGEST] id=13516 rank=1570 left=3,1,2,4,1,2,4 elapsed=00:00:51
[RETURN id=13516 rank=01570] left=3,1,2,4,1,2,4 status=TIMEOUT layouts=0/3 complete=False time=00:01:00
[RETURN id=13518 rank=01571] left=3,1,2,4,1,4,2 status=TIMEOUT layouts=2/3 complete=False time=00:01:00
[RETURN id=13524 rank=01573] left=3,1,2,4,2,4,1 status=TIMEOUT layouts=1/3 complete=False time=00:01:00
[RETURN id=13532 rank=01574] left=3,1,2,4,4,1,2 status=TIMEOUT layouts=1/3 complete=False time=00:01:00
[RETURN id=13742 rank=01576] left=3,1,4,1,2,2,4 status=TIMEOUT layouts=1/3 complete=False time=00:01:00
[RETURN id=13768 rank=01580] left=3,1,4,2,1,4,2 status=QUOTA_REACHED layouts=3/3 complete=True time=00:00:43
[GLOBAL] [#---------------------------] done=60/1267 (4.74%) covered=915 layouts=1251 running=14/14 remaining=1207 elapsed=00:56:30 rate=1.06 sig/min ETA=18:56:36
[COVERAGE] selected_mass(global)=39.926% covered_mass(global contribution)=31.549%
[LONGEST] id=13744 rank=1577 left=3,1,4,1,2,4,2 elapsed=00:00:57
[RETURN id=13744 rank=01577] left=3,1,4,1,2,4,2 status=TIMEOUT layouts=1/3 complete=False time=00:01:00
[RETURN id=13754 rank=01578] left=3,1,4,1,4,2,2 status=TIMEOUT layouts=2/3 complete=False time=00:01:00
[RETURN id=13766 rank=01579] left=3,1,4,2,1,2,4 status=TIMEOUT layouts=0/3 complete=False time=00:01:00
[RETURN id=13782 rank=01583] left=3,1,4,2,4,1,2 status=TIMEOUT layouts=1/3 complete=False time=00:01:00
[RETURN id=13774 rank=01582] left=3,1,4,2,2,4,1 status=TIMEOUT layouts=1/3 complete=False time=00:01:00
[RETURN id=13826 rank=01587] left=3,1,4,4,2,2,1 status=TIMEOUT layouts=2/3 complete=False time=00:01:00
[RETURN id=14118 rank=01588] left=3,2,1,1,2,4,4 status=TIMEOUT layouts=1/3 complete=False time=00:01:00
[GLOBAL] [#---------------------------] done=60/1267 (4.74%) covered=918 layouts=1256 running=14/14 remaining=1207 elapsed=00:57:00 rate=1.05 sig/min ETA=19:06:39
[COVERAGE] selected_mass(global)=39.926% covered_mass(global contribution)=31.590%
[LONGEST] id=14138 rank=1591 left=3,2,1,2,1,4,4 elapsed=00:01:00
[RETURN id=14138 rank=01591] left=3,2,1,2,1,4,4 status=TIMEOUT layouts=2/3 complete=False time=00:01:00
[RETURN id=14150 rank=01592] left=3,2,1,2,4,1,4 status=TIMEOUT layouts=1/3 complete=False time=00:01:00
[RETURN id=14192 rank=01594] left=3,2,1,4,1,2,4 status=TIMEOUT layouts=1/3 complete=False time=00:01:00
[RETURN id=14194 rank=01595] left=3,2,1,4,1,4,2 status=TIMEOUT layouts=0/3 complete=False time=00:01:00
[RETURN id=14200 rank=01597] left=3,2,1,4,2,4,1 status=TIMEOUT layouts=1/3 complete=False time=00:01:00
[RETURN id=14208 rank=01598] left=3,2,1,4,4,1,2 status=TIMEOUT layouts=1/3 complete=False time=00:01:00
[RETURN id=14278 rank=01602] left=3,2,2,1,4,4,1 status=TIMEOUT layouts=2/3 complete=False time=00:01:00
[GLOBAL] [#---------------------------] done=60/1267 (4.74%) covered=921 layouts=1261 running=14/14 remaining=1207 elapsed=00:57:30 rate=1.04 sig/min ETA=19:16:43
[COVERAGE] selected_mass(global)=39.926% covered_mass(global contribution)=31.632%
[LONGEST] id=14348 rank=1604 left=3,2,2,4,1,4,1 elapsed=00:00:56
[RETURN id=14348 rank=01604] left=3,2,2,4,1,4,1 status=TIMEOUT layouts=1/3 complete=False time=00:01:00
[RETURN id=14574 rank=01611] left=3,2,4,1,4,2,1 status=QUOTA_REACHED layouts=3/3 complete=True time=00:00:53
[RETURN id=14360 rank=01605] left=3,2,2,4,4,1,1 status=TIMEOUT layouts=2/3 complete=False time=00:01:00
[RETURN id=14562 rank=01608] left=3,2,4,1,2,1,4 status=TIMEOUT layouts=1/3 complete=False time=00:01:00
[RETURN id=14588 rank=01613] left=3,2,4,2,1,4,1 status=TIMEOUT layouts=1/3 complete=False time=00:01:00
[RETURN id=14600 rank=01614] left=3,2,4,2,4,1,1 status=TIMEOUT layouts=1/3 complete=False time=00:01:00
[RETURN id=14632 rank=01616] left=3,2,4,4,1,2,1 status=TIMEOUT layouts=2/3 complete=False time=00:01:00
[GLOBAL] [#---------------------------] done=61/1267 (4.81%) covered=923 layouts=1267 running=14/14 remaining=1206 elapsed=00:58:00 rate=1.05 sig/min ETA=19:06:41
[COVERAGE] selected_mass(global)=39.926% covered_mass(global contribution)=31.659%
[LONGEST] id=15668 rank=1618 left=3,4,1,1,2,2,4 elapsed=00:00:59
[RETURN id=15668 rank=01618] left=3,4,1,1,2,2,4 status=TIMEOUT layouts=1/3 complete=False time=00:01:00
[RETURN id=15670 rank=01619] left=3,4,1,1,2,4,2 status=TIMEOUT layouts=2/3 complete=False time=00:01:00
[RETURN id=15680 rank=01620] left=3,4,1,1,4,2,2 status=TIMEOUT layouts=0/3 complete=False time=00:01:00
[RETURN id=15694 rank=01622] left=3,4,1,2,1,4,2 status=TIMEOUT layouts=2/3 complete=False time=00:01:00
[RETURN id=15692 rank=01621] left=3,4,1,2,1,2,4 status=TIMEOUT layouts=1/3 complete=False time=00:01:00
[RETURN id=15700 rank=01624] left=3,4,1,2,2,4,1 status=TIMEOUT layouts=2/3 complete=False time=00:01:00
[RETURN id=15708 rank=01625] left=3,4,1,2,4,1,2 status=TIMEOUT layouts=2/3 complete=False time=00:01:00
[GLOBAL] [#---------------------------] done=61/1267 (4.81%) covered=924 layouts=1272 running=14/14 remaining=1206 elapsed=00:58:30 rate=1.04 sig/min ETA=19:16:34
[COVERAGE] selected_mass(global)=39.926% covered_mass(global contribution)=31.673%
[LONGEST] id=15752 rank=1629 left=3,4,1,4,2,2,1 elapsed=00:00:56
[RETURN id=15752 rank=01629] left=3,4,1,4,2,2,1 status=TIMEOUT layouts=1/3 complete=False time=00:01:00
[RETURN id=15812 rank=01632] left=3,4,2,1,2,1,4 status=TIMEOUT layouts=0/3 complete=False time=00:01:00
[RETURN id=15824 rank=01635] left=3,4,2,1,4,2,1 status=TIMEOUT layouts=1/3 complete=False time=00:01:00
[RETURN id=15838 rank=01637] left=3,4,2,2,1,4,1 status=TIMEOUT layouts=1/3 complete=False time=00:01:00
[RETURN id=15850 rank=01638] left=3,4,2,2,4,1,1 status=QUOTA_REACHED layouts=3/3 complete=True time=00:00:58
[RETURN id=15882 rank=01640] left=3,4,2,4,1,2,1 status=TIMEOUT layouts=0/3 complete=False time=00:01:00
[RETURN id=16042 rank=01644] left=3,4,4,1,2,2,1 status=TIMEOUT layouts=0/3 complete=False time=00:01:00
[GLOBAL] [#---------------------------] done=62/1267 (4.89%) covered=926 layouts=1276 running=14/14 remaining=1205 elapsed=00:59:00 rate=1.05 sig/min ETA=19:06:42
[COVERAGE] selected_mass(global)=39.926% covered_mass(global contribution)=31.701%
[LONGEST] id=16056 rank=1645 left=3,4,4,2,1,1,2 elapsed=00:00:58
[RETURN id=16056 rank=01645] left=3,4,4,2,1,1,2 status=TIMEOUT layouts=0/3 complete=False time=00:01:00
[RETURN id=17628 rank=01649] left=4,1,1,2,2,4,3 status=QUOTA_REACHED layouts=3/3 complete=True time=00:00:55
[RETURN id=16060 rank=01647] left=3,4,4,2,2,1,1 status=TIMEOUT layouts=1/3 complete=False time=00:01:00
[RETURN id=17638 rank=01653] left=4,1,1,2,4,3,2 status=TIMEOUT layouts=2/3 complete=False time=00:01:00
[RETURN id=17654 rank=01654] left=4,1,1,3,2,2,4 status=TIMEOUT layouts=1/3 complete=False time=00:01:00
[RETURN id=17656 rank=01655] left=4,1,1,3,2,4,2 status=TIMEOUT layouts=2/3 complete=False time=00:01:00
[RETURN id=17666 rank=01656] left=4,1,1,3,4,2,2 status=TIMEOUT layouts=0/3 complete=False time=00:01:00
[GLOBAL] [#---------------------------] done=63/1267 (4.97%) covered=927 layouts=1281 running=14/14 remaining=1204 elapsed=00:59:30 rate=1.06 sig/min ETA=18:57:07
[COVERAGE] selected_mass(global)=39.926% covered_mass(global contribution)=31.714%
[LONGEST] id=17684 rank=1657 left=4,1,1,4,2,2,3 elapsed=00:00:54
[RETURN id=17776 rank=01667] left=4,1,2,2,1,4,3 status=QUOTA_REACHED layouts=3/3 complete=True time=00:00:35
[RETURN id=17684 rank=01657] left=4,1,1,4,2,2,3 status=TIMEOUT layouts=1/3 complete=False time=00:01:00
[RETURN id=17690 rank=01659] left=4,1,1,4,3,2,2 status=TIMEOUT layouts=2/3 complete=False time=00:01:00
[RETURN id=17752 rank=01660] left=4,1,2,1,2,3,4 status=TIMEOUT layouts=1/3 complete=False time=00:01:00
[RETURN id=17756 rank=01662] left=4,1,2,1,3,2,4 status=TIMEOUT layouts=1/3 complete=False time=00:01:00
[RETURN id=17758 rank=01663] left=4,1,2,1,3,4,2 status=TIMEOUT layouts=1/3 complete=False time=00:01:00
[RETURN id=17762 rank=01664] left=4,1,2,1,4,2,3 status=TIMEOUT layouts=1/3 complete=False time=00:01:00
[GLOBAL] [#---------------------------] done=64/1267 (5.05%) covered=930 layouts=1287 running=14/14 remaining=1203 elapsed=01:00:00 rate=1.07 sig/min ETA=18:47:49
[COVERAGE] selected_mass(global)=39.926% covered_mass(global contribution)=31.756%
[LONGEST] id=17784 rank=1668 left=4,1,2,2,3,1,4 elapsed=00:00:57
[RETURN id=17784 rank=01668] left=4,1,2,2,3,1,4 status=TIMEOUT layouts=0/3 complete=False time=00:01:00
[RETURN id=17790 rank=01670] left=4,1,2,2,4,1,3 status=TIMEOUT layouts=1/3 complete=False time=00:01:00
[RETURN id=17792 rank=01671] left=4,1,2,2,4,3,1 status=TIMEOUT layouts=0/3 complete=False time=00:01:00
[RETURN id=17808 rank=01674] left=4,1,2,3,2,1,4 status=TIMEOUT layouts=1/3 complete=False time=00:01:00
[RETURN id=17820 rank=01677] left=4,1,2,3,4,2,1 status=TIMEOUT layouts=1/3 complete=False time=00:01:00
[RETURN id=17832 rank=01678] left=4,1,2,4,1,2,3 status=TIMEOUT layouts=1/3 complete=False time=00:01:00
[RETURN id=17842 rank=01682] left=4,1,2,4,3,1,2 status=TIMEOUT layouts=2/3 complete=False time=00:01:00
[GLOBAL] [#---------------------------] done=64/1267 (5.05%) covered=933 layouts=1291 running=14/14 remaining=1203 elapsed=01:00:30 rate=1.06 sig/min ETA=18:57:13
[COVERAGE] selected_mass(global)=39.926% covered_mass(global contribution)=31.797%
[LONGEST] id=17904 rank=1684 left=4,1,3,1,2,2,4 elapsed=00:00:58
[RETURN id=17904 rank=01684] left=4,1,3,1,2,2,4 status=TIMEOUT layouts=2/3 complete=False time=00:01:00
[RETURN id=17906 rank=01685] left=4,1,3,1,2,4,2 status=TIMEOUT layouts=0/3 complete=False time=00:01:00
[RETURN id=17916 rank=01686] left=4,1,3,1,4,2,2 status=TIMEOUT layouts=0/3 complete=False time=00:01:00
[RETURN id=17928 rank=01687] left=4,1,3,2,1,2,4 status=TIMEOUT layouts=0/3 complete=False time=00:01:00
[RETURN id=17930 rank=01688] left=4,1,3,2,1,4,2 status=TIMEOUT layouts=2/3 complete=False time=00:01:00
[RETURN id=17936 rank=01690] left=4,1,3,2,2,4,1 status=QUOTA_REACHED layouts=3/3 complete=True time=00:00:59
[RETURN id=17944 rank=01691] left=4,1,3,2,4,1,2 status=TIMEOUT layouts=1/3 complete=False time=00:01:00
[GLOBAL] [#---------------------------] done=65/1267 (5.13%) covered=933 layouts=1295 running=14/14 remaining=1202 elapsed=01:01:00 rate=1.07 sig/min ETA=18:48:02
[COVERAGE] selected_mass(global)=39.926% covered_mass(global contribution)=31.797%
[LONGEST] id=17988 rank=1695 left=4,1,3,4,2,2,1 elapsed=00:00:56
[RETURN id=17988 rank=01695] left=4,1,3,4,2,2,1 status=TIMEOUT layouts=2/3 complete=False time=00:01:00
[RETURN id=18050 rank=01697] left=4,1,4,1,2,3,2 status=TIMEOUT layouts=1/3 complete=False time=00:01:00
[RETURN id=18072 rank=01699] left=4,1,4,2,1,2,3 status=TIMEOUT layouts=0/3 complete=False time=00:01:00
[RETURN id=18082 rank=01703] left=4,1,4,2,3,1,2 status=TIMEOUT layouts=0/3 complete=False time=00:01:00
[RETURN id=18098 rank=01705] left=4,1,4,3,1,2,2 status=TIMEOUT layouts=2/3 complete=False time=00:01:00
[RETURN id=18102 rank=01706] left=4,1,4,3,2,1,2 status=TIMEOUT layouts=2/3 complete=False time=00:01:00
[RETURN id=18442 rank=01717] left=4,2,1,2,3,4,1 status=QUOTA_REACHED layouts=3/3 complete=True time=00:00:45
[RETURN id=18408 rank=01709] left=4,2,1,1,2,4,3 status=TIMEOUT layouts=2/3 complete=False time=00:01:00
[GLOBAL] [#---------------------------] done=66/1267 (5.21%) covered=934 layouts=1302 running=14/14 remaining=1201 elapsed=01:01:30 rate=1.07 sig/min ETA=18:39:07
[COVERAGE] selected_mass(global)=39.926% covered_mass(global contribution)=31.811%
[LONGEST] id=18418 rank=1713 left=4,2,1,1,4,3,2 elapsed=00:00:56
[RETURN id=18418 rank=01713] left=4,2,1,1,4,3,2 status=TIMEOUT layouts=2/3 complete=False time=00:01:00
[RETURN id=18430 rank=01714] left=4,2,1,2,1,3,4 status=TIMEOUT layouts=1/3 complete=False time=00:01:00
[RETURN id=18466 rank=01723] left=4,2,1,3,2,4,1 status=QUOTA_REACHED layouts=3/3 complete=True time=00:00:54
[RETURN id=18458 rank=01720] left=4,2,1,3,1,2,4 status=TIMEOUT layouts=1/3 complete=False time=00:01:00
[RETURN id=18460 rank=01721] left=4,2,1,3,1,4,2 status=TIMEOUT layouts=1/3 complete=False time=00:01:00
[RETURN id=18474 rank=01724] left=4,2,1,3,4,1,2 status=TIMEOUT layouts=1/3 complete=False time=00:01:00
[GLOBAL] [#---------------------------] done=67/1267 (5.29%) covered=936 layouts=1307 running=14/14 remaining=1200 elapsed=01:02:00 rate=1.08 sig/min ETA=18:30:27
[COVERAGE] selected_mass(global)=39.926% covered_mass(global contribution)=31.838%
[LONGEST] id=18488 rank=1727 left=4,2,1,4,1,3,2 elapsed=00:00:55
[RETURN id=18488 rank=01727] left=4,2,1,4,1,3,2 status=TIMEOUT layouts=1/3 complete=False time=00:01:00
[RETURN id=18614 rank=01739] left=4,2,2,3,1,4,1 status=QUOTA_REACHED layouts=3/3 complete=True time=00:00:36
[RETURN id=18492 rank=01728] left=4,2,1,4,2,1,3 status=TIMEOUT layouts=2/3 complete=False time=00:01:00
[RETURN id=18494 rank=01729] left=4,2,1,4,2,3,1 status=TIMEOUT layouts=1/3 complete=False time=00:01:00
[RETURN id=18498 rank=01731] left=4,2,1,4,3,2,1 status=TIMEOUT layouts=2/3 complete=False time=00:01:00
[RETURN id=18556 rank=01733] left=4,2,2,1,1,4,3 status=TIMEOUT layouts=1/3 complete=False time=00:01:00
[RETURN id=18570 rank=01736] left=4,2,2,1,4,1,3 status=TIMEOUT layouts=0/3 complete=False time=00:01:00
[RETURN id=18564 rank=01734] left=4,2,2,1,3,1,4 status=TIMEOUT layouts=1/3 complete=False time=00:01:00
[RETURN id=18572 rank=01737] left=4,2,2,1,4,3,1 status=TIMEOUT layouts=0/3 complete=False time=00:01:00
[GLOBAL] [#---------------------------] done=68/1267 (5.37%) covered=936 layouts=1311 running=14/14 remaining=1199 elapsed=01:02:30 rate=1.09 sig/min ETA=18:22:01
[COVERAGE] selected_mass(global)=39.926% covered_mass(global contribution)=31.838%
[LONGEST] id=18626 rank=1740 left=4,2,2,3,4,1,1 elapsed=00:00:52
[RETURN id=18626 rank=01740] left=4,2,2,3,4,1,1 status=TIMEOUT layouts=1/3 complete=False time=00:01:00
[RETURN id=18646 rank=01743] left=4,2,2,4,3,1,1 status=TIMEOUT layouts=0/3 complete=False time=00:01:00
[RETURN id=18698 rank=01744] left=4,2,3,1,1,2,4 status=TIMEOUT layouts=1/3 complete=False time=00:01:00
[RETURN id=18700 rank=01745] left=4,2,3,1,1,4,2 status=TIMEOUT layouts=2/3 complete=False time=00:01:00
[RETURN id=18706 rank=01747] left=4,2,3,1,2,4,1 status=TIMEOUT layouts=2/3 complete=False time=00:01:00
[GLOBAL] [#---------------------------] done=68/1267 (5.37%) covered=937 layouts=1314 running=14/14 remaining=1199 elapsed=01:03:00 rate=1.08 sig/min ETA=18:30:50
[COVERAGE] selected_mass(global)=39.926% covered_mass(global contribution)=31.852%
[LONGEST] id=18714 rank=1748 left=4,2,3,1,4,1,2 elapsed=00:00:54
[RETURN id=18772 rank=01753] left=4,2,3,4,1,1,2 status=QUOTA_REACHED layouts=3/3 complete=True time=00:00:54
[RETURN id=18714 rank=01748] left=4,2,3,1,4,1,2 status=TIMEOUT layouts=0/3 complete=False time=00:01:00
[RETURN id=18726 rank=01750] left=4,2,3,2,1,1,4 status=TIMEOUT layouts=0/3 complete=False time=00:01:00
[RETURN id=18776 rank=01755] left=4,2,3,4,2,1,1 status=TIMEOUT layouts=1/3 complete=False time=00:01:00
[RETURN id=18826 rank=01757] left=4,2,4,1,1,3,2 status=TIMEOUT layouts=1/3 complete=False time=00:01:00
[RETURN id=18830 rank=01758] left=4,2,4,1,2,1,3 status=TIMEOUT layouts=1/3 complete=False time=00:01:00
[RETURN id=18832 rank=01759] left=4,2,4,1,2,3,1 status=TIMEOUT layouts=2/3 complete=False time=00:01:00
[GLOBAL] [#---------------------------] done=69/1267 (5.45%) covered=938 layouts=1318 running=14/14 remaining=1198 elapsed=01:03:30 rate=1.09 sig/min ETA=18:22:30
[COVERAGE] selected_mass(global)=39.926% covered_mass(global contribution)=31.866%
[LONGEST] id=18836 rank=1761 left=4,2,4,1,3,2,1 elapsed=00:01:01
[RETURN id=18836 rank=01761] left=4,2,4,1,3,2,1 status=TIMEOUT layouts=1/3 complete=False time=00:01:00
[RETURN id=18850 rank=01762] left=4,2,4,2,1,1,3 status=TIMEOUT layouts=1/3 complete=False time=00:01:00
[RETURN id=18852 rank=01763] left=4,2,4,2,1,3,1 status=TIMEOUT layouts=1/3 complete=False time=00:01:00
[RETURN id=18870 rank=01765] left=4,2,4,3,1,1,2 status=TIMEOUT layouts=1/3 complete=False time=00:01:00
[RETURN id=18874 rank=01767] left=4,2,4,3,2,1,1 status=TIMEOUT layouts=1/3 complete=False time=00:01:00
[RETURN id=19154 rank=01768] left=4,3,1,1,2,2,4 status=TIMEOUT layouts=1/3 complete=False time=00:01:00
[RETURN id=19156 rank=01769] left=4,3,1,1,2,4,2 status=TIMEOUT layouts=1/3 complete=False time=00:01:00
[GLOBAL] [#---------------------------] done=69/1267 (5.45%) covered=941 layouts=1321 running=14/14 remaining=1198 elapsed=01:04:00 rate=1.08 sig/min ETA=18:31:11
[COVERAGE] selected_mass(global)=39.926% covered_mass(global contribution)=31.907%
[LONGEST] id=19166 rank=1770 left=4,3,1,1,4,2,2 elapsed=00:00:55
[RETURN id=19166 rank=01770] left=4,3,1,1,4,2,2 status=TIMEOUT layouts=0/3 complete=False time=00:01:00
[RETURN id=19178 rank=01771] left=4,3,1,2,1,2,4 status=TIMEOUT layouts=1/3 complete=False time=00:01:00
[RETURN id=19180 rank=01772] left=4,3,1,2,1,4,2 status=TIMEOUT layouts=1/3 complete=False time=00:01:00
[RETURN id=19194 rank=01775] left=4,3,1,2,4,1,2 status=TIMEOUT layouts=2/3 complete=False time=00:01:00
[RETURN id=19186 rank=01774] left=4,3,1,2,2,4,1 status=TIMEOUT layouts=1/3 complete=False time=00:01:00
[RETURN id=19238 rank=01779] left=4,3,1,4,2,2,1 status=TIMEOUT layouts=0/3 complete=False time=00:01:00
[RETURN id=19298 rank=01782] left=4,3,2,1,2,1,4 status=TIMEOUT layouts=1/3 complete=False time=00:01:00
[GLOBAL] [#---------------------------] done=69/1267 (5.45%) covered=943 layouts=1324 running=14/14 remaining=1198 elapsed=01:04:30 rate=1.07 sig/min ETA=18:39:52
[COVERAGE] selected_mass(global)=39.926% covered_mass(global contribution)=31.935%
[LONGEST] id=19310 rank=1785 left=4,3,2,1,4,2,1 elapsed=00:01:00
[RETURN id=19324 rank=01787] left=4,3,2,2,1,4,1 status=TIMEOUT layouts=2/3 complete=False time=00:01:00
[RETURN id=19310 rank=01785] left=4,3,2,1,4,2,1 status=TIMEOUT layouts=1/3 complete=False time=00:01:00
[RETURN id=19336 rank=01788] left=4,3,2,2,4,1,1 status=TIMEOUT layouts=0/3 complete=False time=00:01:00
[RETURN id=19368 rank=01790] left=4,3,2,4,1,2,1 status=TIMEOUT layouts=0/3 complete=False time=00:01:00
[RETURN id=19528 rank=01794] left=4,3,4,1,2,2,1 status=TIMEOUT layouts=1/3 complete=False time=00:01:00
[RETURN id=19542 rank=01795] left=4,3,4,2,1,1,2 status=TIMEOUT layouts=0/3 complete=False time=00:01:00
[RETURN id=19546 rank=01797] left=4,3,4,2,2,1,1 status=TIMEOUT layouts=2/3 complete=False time=00:01:00
[GLOBAL] [#---------------------------] done=69/1267 (5.45%) covered=943 layouts=1326 running=14/14 remaining=1198 elapsed=01:05:00 rate=1.06 sig/min ETA=18:48:33
[COVERAGE] selected_mass(global)=39.926% covered_mass(global contribution)=31.935%
[LONGEST] id=19804 rank=1798 left=4,4,1,1,2,2,3 elapsed=00:00:54
[RETURN id=19804 rank=01798] left=4,4,1,1,2,2,3 status=TIMEOUT layouts=1/3 complete=False time=00:01:00
[RETURN id=19810 rank=01800] left=4,4,1,1,3,2,2 status=TIMEOUT layouts=0/3 complete=False time=00:01:00
[RETURN id=19828 rank=01802] left=4,4,1,2,1,3,2 status=TIMEOUT layouts=1/3 complete=False time=00:01:00
[RETURN id=19832 rank=01803] left=4,4,1,2,2,1,3 status=TIMEOUT layouts=1/3 complete=False time=00:01:00
[RETURN id=19834 rank=01804] left=4,4,1,2,2,3,1 status=TIMEOUT layouts=1/3 complete=False time=00:01:00
[RETURN id=19838 rank=01806] left=4,4,1,2,3,2,1 status=TIMEOUT layouts=1/3 complete=False time=00:01:00
[GLOBAL] [#---------------------------] done=69/1267 (5.45%) covered=946 layouts=1329 running=14/14 remaining=1198 elapsed=01:05:30 rate=1.05 sig/min ETA=18:57:14
[COVERAGE] selected_mass(global)=39.926% covered_mass(global contribution)=31.976%
[LONGEST] id=19858 rank=1809 left=4,4,1,3,2,2,1 elapsed=00:01:01
[RETURN id=19858 rank=01809] left=4,4,1,3,2,2,1 status=TIMEOUT layouts=1/3 complete=False time=00:01:00
[RETURN id=19926 rank=01811] left=4,4,2,1,1,3,2 status=TIMEOUT layouts=0/3 complete=False time=00:01:00
[RETURN id=19930 rank=01812] left=4,4,2,1,2,1,3 status=TIMEOUT layouts=2/3 complete=False time=00:01:00
[RETURN id=19932 rank=01813] left=4,4,2,1,2,3,1 status=TIMEOUT layouts=2/3 complete=False time=00:01:00
[RETURN id=19936 rank=01815] left=4,4,2,1,3,2,1 status=TIMEOUT layouts=1/3 complete=False time=00:01:00
[RETURN id=19950 rank=01816] left=4,4,2,2,1,1,3 status=TIMEOUT layouts=1/3 complete=False time=00:01:00
[RETURN id=19952 rank=01817] left=4,4,2,2,1,3,1 status=TIMEOUT layouts=2/3 complete=False time=00:01:00
[RETURN id=19970 rank=01819] left=4,4,2,3,1,1,2 status=TIMEOUT layouts=2/3 complete=False time=00:01:00
[GLOBAL] [#---------------------------] done=69/1267 (5.45%) covered=946 layouts=1333 running=14/14 remaining=1198 elapsed=01:06:00 rate=1.05 sig/min ETA=19:05:55
[COVERAGE] selected_mass(global)=39.926% covered_mass(global contribution)=31.976%
[LONGEST] id=19974 rank=1821 left=4,4,2,3,2,1,1 elapsed=00:00:54
[RETURN id=19974 rank=01821] left=4,4,2,3,2,1,1 status=TIMEOUT layouts=0/3 complete=False time=00:01:00
[RETURN id=20028 rank=01822] left=4,4,3,1,1,2,2 status=TIMEOUT layouts=0/3 complete=False time=00:01:00
[RETURN id=20032 rank=01823] left=4,4,3,1,2,1,2 status=TIMEOUT layouts=1/3 complete=False time=00:01:00
[RETURN id=01232 rank=01832] left=0,2,3,2,3,3,4 status=TIMEOUT layouts=1/3 complete=False time=00:01:00
[RETURN id=20048 rank=01826] left=4,4,3,2,1,2,1 status=TIMEOUT layouts=2/3 complete=False time=00:01:00
[RETURN id=01134 rank=01828] left=0,2,2,3,3,3,4 status=TIMEOUT layouts=1/3 complete=False time=00:01:00
[RETURN id=01372 rank=01844] left=0,2,4,2,3,3,3 status=QUOTA_REACHED layouts=3/3 complete=True time=00:00:34
[GLOBAL] [#---------------------------] done=70/1267 (5.52%) covered=947 layouts=1337 running=14/14 remaining=1197 elapsed=01:06:30 rate=1.05 sig/min ETA=18:57:09
[COVERAGE] selected_mass(global)=39.926% covered_mass(global contribution)=31.987%
[LONGEST] id=1252 rank=1835 left=0,2,3,3,2,3,4 elapsed=00:01:00
[RETURN id=01252 rank=01835] left=0,2,3,3,2,3,4 status=TIMEOUT layouts=1/3 complete=False time=00:01:00
[RETURN id=01256 rank=01837] left=0,2,3,3,3,2,4 status=TIMEOUT layouts=1/3 complete=False time=00:01:00
[RETURN id=01258 rank=01838] left=0,2,3,3,3,4,2 status=TIMEOUT layouts=2/3 complete=False time=00:01:00
[RETURN id=01262 rank=01839] left=0,2,3,3,4,2,3 status=TIMEOUT layouts=2/3 complete=False time=00:01:00
[RETURN id=01280 rank=01841] left=0,2,3,4,2,3,3 status=TIMEOUT layouts=1/3 complete=False time=00:01:00
[RETURN id=01286 rank=01843] left=0,2,3,4,3,3,2 status=TIMEOUT layouts=2/3 complete=False time=00:01:00
[RETURN id=01400 rank=01846] left=0,2,4,3,3,2,3 status=TIMEOUT layouts=1/3 complete=False time=00:01:00
[GLOBAL] [#---------------------------] done=70/1267 (5.52%) covered=947 layouts=1340 running=14/14 remaining=1197 elapsed=01:07:00 rate=1.04 sig/min ETA=19:05:42
[COVERAGE] selected_mass(global)=39.926% covered_mass(global contribution)=31.987%
[LONGEST] id=1828 rank=1849 left=0,3,2,2,3,4,3 elapsed=00:00:53
[RETURN id=01858 rank=01856] left=0,3,2,3,4,3,2 status=QUOTA_REACHED layouts=3/3 complete=True time=00:00:45
[RETURN id=01828 rank=01849] left=0,3,2,2,3,4,3 status=TIMEOUT layouts=1/3 complete=False time=00:01:00
[RETURN id=01832 rank=01850] left=0,3,2,2,4,3,3 status=TIMEOUT layouts=2/3 complete=False time=00:01:00
[RETURN id=01972 rank=01864] left=0,3,3,2,4,2,3 status=QUOTA_REACHED layouts=3/3 complete=True time=00:00:41
[RETURN id=01848 rank=01852] left=0,3,2,3,2,4,3 status=TIMEOUT layouts=2/3 complete=False time=00:01:00
[RETURN id=01880 rank=01858] left=0,3,2,4,3,2,3 status=TIMEOUT layouts=1/3 complete=False time=00:01:00
[RETURN id=01962 rank=01860] left=0,3,3,2,2,3,4 status=TIMEOUT layouts=0/3 complete=False time=00:01:00
[RETURN id=01966 rank=01862] left=0,3,3,2,3,2,4 status=TIMEOUT layouts=2/3 complete=False time=00:01:00
[GLOBAL] [#---------------------------] done=72/1267 (5.68%) covered=952 layouts=1352 running=14/14 remaining=1195 elapsed=01:07:30 rate=1.07 sig/min ETA=18:40:19
[COVERAGE] selected_mass(global)=39.926% covered_mass(global contribution)=32.042%
[LONGEST] id=1968 rank=1863 left=0,3,3,2,3,4,2 elapsed=00:00:58
[RETURN id=01968 rank=01863] left=0,3,3,2,3,4,2 status=TIMEOUT layouts=2/3 complete=False time=00:01:00
[RETURN id=02020 rank=01870] left=0,3,3,4,2,3,2 status=TIMEOUT layouts=1/3 complete=False time=00:01:00
[RETURN id=02120 rank=01873] left=0,3,4,2,3,2,3 status=TIMEOUT layouts=0/3 complete=False time=00:01:00
[RETURN id=02144 rank=01875] left=0,3,4,3,2,2,3 status=TIMEOUT layouts=2/3 complete=False time=00:01:00
[RETURN id=02150 rank=01877] left=0,3,4,3,3,2,2 status=TIMEOUT layouts=2/3 complete=False time=00:01:00
[RETURN id=02622 rank=01878] left=0,4,2,2,3,3,3 status=TIMEOUT layouts=2/3 complete=False time=00:01:00
[GLOBAL] [#---------------------------] done=72/1267 (5.68%) covered=953 layouts=1357 running=14/14 remaining=1195 elapsed=01:08:00 rate=1.06 sig/min ETA=18:48:37
[COVERAGE] selected_mass(global)=39.926% covered_mass(global contribution)=32.053%
[LONGEST] id=2650 rank=1880 left=0,4,2,3,3,2,3 elapsed=00:00:53
[RETURN id=02650 rank=01880] left=0,4,2,3,3,2,3 status=QUOTA_REACHED layouts=3/3 complete=True time=00:00:57
[RETURN id=02770 rank=01882] left=0,4,3,2,2,3,3 status=TIMEOUT layouts=1/3 complete=False time=00:01:00
[RETURN id=02776 rank=01884] left=0,4,3,2,3,3,2 status=TIMEOUT layouts=0/3 complete=False time=00:01:00
[RETURN id=02800 rank=01886] left=0,4,3,3,2,3,2 status=TIMEOUT layouts=2/3 complete=False time=00:01:00
[RETURN id=05312 rank=01890] left=1,2,2,2,3,2,5 status=TIMEOUT layouts=0/3 complete=False time=00:01:00
[RETURN id=05324 rank=01893] left=1,2,2,2,5,3,2 status=TIMEOUT layouts=1/3 complete=False time=00:01:00
[RETURN id=05332 rank=01894] left=1,2,2,3,2,2,5 status=TIMEOUT layouts=2/3 complete=False time=00:01:00
[RETURN id=05390 rank=01897] left=1,2,2,5,2,2,3 status=TIMEOUT layouts=1/3 complete=False time=00:01:00
[GLOBAL] [#---------------------------] done=73/1267 (5.76%) covered=955 layouts=1363 running=14/14 remaining=1194 elapsed=01:08:30 rate=1.07 sig/min ETA=18:40:24
[COVERAGE] selected_mass(global)=39.926% covered_mass(global contribution)=32.075%
[LONGEST] id=5396 rank=1899 left=1,2,2,5,3,2,2 elapsed=00:00:57
[RETURN id=05396 rank=01899] left=1,2,2,5,3,2,2 status=TIMEOUT layouts=1/3 complete=False time=00:01:00
[RETURN id=05450 rank=01901] left=1,2,3,2,2,5,2 status=TIMEOUT layouts=1/3 complete=False time=00:01:00
[RETURN id=05464 rank=01902] left=1,2,3,2,5,2,2 status=TIMEOUT layouts=0/3 complete=False time=00:01:00
[RETURN id=08400 rank=01923] left=2,0,3,2,3,4,3 status=QUOTA_REACHED layouts=3/3 complete=True time=00:00:23
[RETURN id=05534 rank=01903] left=1,2,3,5,2,2,2 status=TIMEOUT layouts=0/3 complete=False time=00:01:00
[RETURN id=05756 rank=01905] left=1,2,5,2,2,3,2 status=TIMEOUT layouts=0/3 complete=False time=00:01:00
[RETURN id=08326 rank=01921] left=2,0,2,4,3,3,3 status=QUOTA_REACHED layouts=3/3 complete=True time=00:00:33
[RETURN id=05784 rank=01907] left=1,2,5,3,2,2,2 status=TIMEOUT layouts=2/3 complete=False time=00:01:00
[GLOBAL] [#---------------------------] done=75/1267 (5.92%) covered=955 layouts=1368 running=14/14 remaining=1192 elapsed=01:09:00 rate=1.09 sig/min ETA=18:16:38
[COVERAGE] selected_mass(global)=39.926% covered_mass(global contribution)=32.075%
[LONGEST] id=6102 rank=1908 left=1,3,2,2,2,2,5 elapsed=00:00:56
[RETURN id=06102 rank=01908] left=1,3,2,2,2,2,5 status=TIMEOUT layouts=1/3 complete=False time=00:01:00
[RETURN id=06554 rank=01912] left=1,3,5,2,2,2,2 status=TIMEOUT layouts=1/3 complete=False time=00:01:00
[RETURN id=07742 rank=01914] left=1,5,2,2,2,3,2 status=TIMEOUT layouts=2/3 complete=False time=00:01:00
[RETURN id=07770 rank=01916] left=1,5,2,3,2,2,2 status=QUOTA_REACHED layouts=3/3 complete=True time=00:01:00
[RETURN id=08302 rank=01919] left=2,0,2,3,3,4,3 status=TIMEOUT layouts=2/3 complete=False time=00:01:00
[RETURN id=08420 rank=01926] left=2,0,3,3,2,4,3 status=QUOTA_REACHED layouts=3/3 complete=True time=00:00:41
[RETURN id=08306 rank=01920] left=2,0,2,3,4,3,3 status=TIMEOUT layouts=0/3 complete=False time=00:01:00
[GLOBAL] [#---------------------------] done=77/1267 (6.08%) covered=957 layouts=1376 running=14/14 remaining=1190 elapsed=01:09:30 rate=1.11 sig/min ETA=17:54:05
[COVERAGE] selected_mass(global)=39.926% covered_mass(global contribution)=32.097%
[LONGEST] id=8404 rank=1924 left=2,0,3,2,4,3,3 elapsed=00:00:56
[RETURN id=08404 rank=01924] left=2,0,3,2,4,3,3 status=TIMEOUT layouts=0/3 complete=False time=00:01:00
[RETURN id=08430 rank=01930] left=2,0,3,3,4,3,2 status=TIMEOUT layouts=1/3 complete=False time=00:01:00
[RETURN id=08452 rank=01932] left=2,0,3,4,3,2,3 status=TIMEOUT layouts=1/3 complete=False time=00:01:00
[RETURN id=08562 rank=01935] left=2,0,4,3,2,3,3 status=TIMEOUT layouts=2/3 complete=False time=00:01:00
[RETURN id=08568 rank=01937] left=2,0,4,3,3,3,2 status=TIMEOUT layouts=2/3 complete=False time=00:01:00
[RETURN id=08990 rank=01938] left=2,1,2,2,2,3,5 status=TIMEOUT layouts=1/3 complete=False time=00:01:00
[RETURN id=08992 rank=01939] left=2,1,2,2,2,5,3 status=TIMEOUT layouts=1/3 complete=False time=00:01:00
[GLOBAL] [#---------------------------] done=77/1267 (6.08%) covered=959 layouts=1380 running=14/14 remaining=1190 elapsed=01:10:00 rate=1.10 sig/min ETA=18:01:49
[COVERAGE] selected_mass(global)=39.926% covered_mass(global contribution)=32.119%
[LONGEST] id=8996 rank=1941 left=2,1,2,2,3,5,2 elapsed=00:00:56
[RETURN id=08996 rank=01941] left=2,1,2,2,3,5,2 status=TIMEOUT layouts=0/3 complete=False time=00:01:00
[RETURN id=09004 rank=01942] left=2,1,2,2,5,2,3 status=TIMEOUT layouts=1/3 complete=False time=00:01:00
[RETURN id=09016 rank=01945] left=2,1,2,3,2,5,2 status=TIMEOUT layouts=1/3 complete=False time=00:01:00
[RETURN id=09030 rank=01946] left=2,1,2,3,5,2,2 status=TIMEOUT layouts=0/3 complete=False time=00:01:00
[RETURN id=09072 rank=01948] left=2,1,2,5,2,3,2 status=TIMEOUT layouts=0/3 complete=False time=00:01:00
[RETURN id=09128 rank=01950] left=2,1,3,2,2,2,5 status=TIMEOUT layouts=2/3 complete=False time=00:01:00
[RETURN id=09436 rank=01954] left=2,1,5,2,2,2,3 status=TIMEOUT layouts=2/3 complete=False time=00:01:00
[GLOBAL] [#---------------------------] done=77/1267 (6.08%) covered=960 layouts=1383 running=14/14 remaining=1190 elapsed=01:10:30 rate=1.09 sig/min ETA=18:09:33
[COVERAGE] selected_mass(global)=39.926% covered_mass(global contribution)=32.130%
[LONGEST] id=9442 rank=1956 left=2,1,5,2,3,2,2 elapsed=00:00:55
[RETURN id=09442 rank=01956] left=2,1,5,2,3,2,2 status=TIMEOUT layouts=2/3 complete=False time=00:01:00
[RETURN id=09552 rank=01959] left=2,2,0,3,3,4,3 status=TIMEOUT layouts=2/3 complete=False time=00:01:00
[RETURN id=09556 rank=01960] left=2,2,0,3,4,3,3 status=TIMEOUT layouts=2/3 complete=False time=00:01:00
[RETURN id=09576 rank=01961] left=2,2,0,4,3,3,3 status=TIMEOUT layouts=1/3 complete=False time=00:01:00
[RETURN id=09648 rank=01964] left=2,2,1,2,3,2,5 status=TIMEOUT layouts=1/3 complete=False time=00:01:00
[RETURN id=09660 rank=01967] left=2,2,1,2,5,3,2 status=TIMEOUT layouts=0/3 complete=False time=00:01:00
[GLOBAL] [#---------------------------] done=77/1267 (6.08%) covered=960 layouts=1386 running=14/14 remaining=1190 elapsed=01:11:00 rate=1.08 sig/min ETA=18:17:16
[COVERAGE] selected_mass(global)=39.926% covered_mass(global contribution)=32.130%
[LONGEST] id=9668 rank=1968 left=2,2,1,3,2,2,5 elapsed=00:01:00
[RETURN id=09668 rank=01968] left=2,2,1,3,2,2,5 status=TIMEOUT layouts=1/3 complete=False time=00:01:00
[RETURN id=09726 rank=01971] left=2,2,1,5,2,2,3 status=TIMEOUT layouts=2/3 complete=False time=00:01:00
[RETURN id=09732 rank=01973] left=2,2,1,5,3,2,2 status=TIMEOUT layouts=1/3 complete=False time=00:01:00
[RETURN id=09760 rank=01974] left=2,2,2,1,2,3,5 status=TIMEOUT layouts=2/3 complete=False time=00:01:00
[RETURN id=09762 rank=01975] left=2,2,2,1,2,5,3 status=TIMEOUT layouts=1/3 complete=False time=00:01:00
[RETURN id=09766 rank=01977] left=2,2,2,1,3,5,2 status=TIMEOUT layouts=1/3 complete=False time=00:01:00
[RETURN id=09774 rank=01978] left=2,2,2,1,5,2,3 status=TIMEOUT layouts=0/3 complete=False time=00:01:00
[RETURN id=09780 rank=01980] left=2,2,2,2,1,3,5 status=TIMEOUT layouts=1/3 complete=False time=00:01:00
[GLOBAL] [#---------------------------] done=77/1267 (6.08%) covered=961 layouts=1389 running=14/14 remaining=1190 elapsed=01:11:30 rate=1.08 sig/min ETA=18:25:00
[COVERAGE] selected_mass(global)=39.926% covered_mass(global contribution)=32.141%
[LONGEST] id=9782 rank=1981 left=2,2,2,2,1,5,3 elapsed=00:00:54
[RETURN id=09782 rank=01981] left=2,2,2,2,1,5,3 status=TIMEOUT layouts=2/3 complete=False time=00:01:00
[RETURN id=09806 rank=01986] left=2,2,2,3,1,2,5 status=TIMEOUT layouts=0/3 complete=False time=00:01:00
[RETURN id=09810 rank=01988] left=2,2,2,3,2,1,5 status=TIMEOUT layouts=1/3 complete=False time=00:01:00
[RETURN id=09814 rank=01989] left=2,2,2,3,2,5,1 status=TIMEOUT layouts=1/3 complete=False time=00:01:00
[RETURN id=09828 rank=01991] left=2,2,2,3,5,2,1 status=TIMEOUT layouts=2/3 complete=False time=00:01:00
[GLOBAL] [#---------------------------] done=77/1267 (6.08%) covered=962 layouts=1392 running=14/14 remaining=1190 elapsed=01:12:00 rate=1.07 sig/min ETA=18:32:44
[COVERAGE] selected_mass(global)=39.926% covered_mass(global contribution)=32.152%
[LONGEST] id=9864 rank=1992 left=2,2,2,5,1,2,3 elapsed=00:01:00
[RETURN id=09874 rank=01996] left=2,2,2,5,3,1,2 status=TIMEOUT layouts=2/3 complete=False time=00:01:00
[RETURN id=09864 rank=01992] left=2,2,2,5,1,2,3 status=TIMEOUT layouts=1/3 complete=False time=00:01:00
[RETURN id=09890 rank=01999] left=2,2,3,0,3,4,3 status=TIMEOUT layouts=2/3 complete=False time=00:01:00
[RETURN id=09894 rank=02000] left=2,2,3,0,4,3,3 status=TIMEOUT layouts=0/3 complete=False time=00:01:00
[RETURN id=09974 rank=02013] left=2,2,3,3,3,4,0 status=QUOTA_REACHED layouts=3/3 complete=True time=00:00:33
[RETURN id=09908 rank=02001] left=2,2,3,1,2,2,5 status=TIMEOUT layouts=2/3 complete=False time=00:01:00
[RETURN id=09934 rank=02005] left=2,2,3,2,1,5,2 status=TIMEOUT layouts=1/3 complete=False time=00:01:00
[RETURN id=09952 rank=02008] left=2,2,3,2,5,1,2 status=TIMEOUT layouts=0/3 complete=False time=00:01:00
[RETURN id=09956 rank=02010] left=2,2,3,3,0,3,4 status=TIMEOUT layouts=1/3 complete=False time=00:01:00
[RETURN id=09970 rank=02012] left=2,2,3,3,3,0,4 status=TIMEOUT layouts=2/3 complete=False time=00:01:00
[GLOBAL] [#---------------------------] done=78/1267 (6.16%) covered=966 layouts=1402 running=14/14 remaining=1189 elapsed=01:12:30 rate=1.08 sig/min ETA=18:25:10
[COVERAGE] selected_mass(global)=39.926% covered_mass(global contribution)=32.196%
[LONGEST] id=9978 rank=2015 left=2,2,3,3,4,3,0 elapsed=00:00:42
[RETURN id=09984 rank=02016] left=2,2,3,4,0,3,3 status=QUOTA_REACHED layouts=3/3 complete=True time=00:00:49
[RETURN id=09978 rank=02015] left=2,2,3,3,4,3,0 status=QUOTA_REACHED layouts=3/3 complete=True time=00:00:51
[RETURN id=09998 rank=02017] left=2,2,3,4,3,0,3 status=TIMEOUT layouts=2/3 complete=False time=00:01:00
[RETURN id=10326 rank=02039] left=2,3,0,2,3,4,3 status=QUOTA_REACHED layouts=3/3 complete=True time=00:00:33
[RETURN id=10020 rank=02021] left=2,2,3,5,2,2,1 status=TIMEOUT layouts=1/3 complete=False time=00:01:00
[GLOBAL] [#---------------------------] done=81/1267 (6.39%) covered=966 layouts=1409 running=14/14 remaining=1186 elapsed=01:13:00 rate=1.11 sig/min ETA=17:48:52
[COVERAGE] selected_mass(global)=39.926% covered_mass(global contribution)=32.196%
[LONGEST] id=10126 rank=2025 left=2,2,4,3,3,3,0 elapsed=00:00:59
[RETURN id=10126 rank=02025] left=2,2,4,3,3,3,0 status=TIMEOUT layouts=1/3 complete=False time=00:01:00
[RETURN id=10206 rank=02026] left=2,2,5,1,2,2,3 status=TIMEOUT layouts=1/3 complete=False time=00:01:00
[RETURN id=10212 rank=02028] left=2,2,5,1,3,2,2 status=TIMEOUT layouts=2/3 complete=False time=00:01:00
[RETURN id=10230 rank=02030] left=2,2,5,2,1,3,2 status=TIMEOUT layouts=1/3 complete=False time=00:01:00
[RETURN id=10234 rank=02031] left=2,2,5,2,2,1,3 status=TIMEOUT layouts=1/3 complete=False time=00:01:00
[RETURN id=10236 rank=02032] left=2,2,5,2,2,3,1 status=TIMEOUT layouts=1/3 complete=False time=00:01:00
[RETURN id=10240 rank=02034] left=2,2,5,2,3,2,1 status=TIMEOUT layouts=1/3 complete=False time=00:01:00
[RETURN id=10260 rank=02037] left=2,2,5,3,2,2,1 status=TIMEOUT layouts=2/3 complete=False time=00:01:00
[RETURN id=10330 rank=02040] left=2,3,0,2,4,3,3 status=TIMEOUT layouts=0/3 complete=False time=00:01:00
[GLOBAL] [#---------------------------] done=81/1267 (6.39%) covered=968 layouts=1413 running=14/14 remaining=1186 elapsed=01:13:30 rate=1.10 sig/min ETA=17:56:11
[COVERAGE] selected_mass(global)=39.926% covered_mass(global contribution)=32.219%
[LONGEST] id=10346 rank=2042 left=2,3,0,3,2,4,3 elapsed=00:00:51
[RETURN id=10346 rank=02042] left=2,3,0,3,2,4,3 status=TIMEOUT layouts=0/3 complete=False time=00:01:00
[RETURN id=10356 rank=02046] left=2,3,0,3,4,3,2 status=TIMEOUT layouts=1/3 complete=False time=00:01:00
[RETURN id=10462 rank=02051] left=2,3,1,2,2,5,2 status=TIMEOUT layouts=1/3 complete=False time=00:01:00
[RETURN id=10378 rank=02048] left=2,3,0,4,3,2,3 status=TIMEOUT layouts=0/3 complete=False time=00:01:00
[RETURN id=10476 rank=02052] left=2,3,1,2,5,2,2 status=TIMEOUT layouts=0/3 complete=False time=00:01:00
[GLOBAL] [#---------------------------] done=81/1267 (6.39%) covered=968 layouts=1413 running=14/14 remaining=1186 elapsed=01:14:00 rate=1.09 sig/min ETA=18:03:30
[COVERAGE] selected_mass(global)=39.926% covered_mass(global contribution)=32.219%
[LONGEST] id=10546 rank=2053 left=2,3,1,5,2,2,2 elapsed=00:00:59
[RETURN id=10546 rank=02053] left=2,3,1,5,2,2,2 status=TIMEOUT layouts=1/3 complete=False time=00:01:00
[RETURN id=10566 rank=02055] left=2,3,2,0,3,4,3 status=TIMEOUT layouts=0/3 complete=False time=00:01:00
[RETURN id=10570 rank=02056] left=2,3,2,0,4,3,3 status=TIMEOUT layouts=1/3 complete=False time=00:01:00
[RETURN id=10610 rank=02061] left=2,3,2,2,1,5,2 status=TIMEOUT layouts=1/3 complete=False time=00:01:00
[RETURN id=10584 rank=02057] left=2,3,2,1,2,2,5 status=TIMEOUT layouts=0/3 complete=False time=00:01:00
[RETURN id=10628 rank=02064] left=2,3,2,2,5,1,2 status=TIMEOUT layouts=1/3 complete=False time=00:01:00
[RETURN id=10632 rank=02066] left=2,3,2,3,0,3,4 status=TIMEOUT layouts=2/3 complete=False time=00:01:00
[RETURN id=10646 rank=02068] left=2,3,2,3,3,0,4 status=TIMEOUT layouts=2/3 complete=False time=00:01:00
[GLOBAL] [#---------------------------] done=81/1267 (6.39%) covered=971 layouts=1418 running=14/14 remaining=1186 elapsed=01:14:30 rate=1.09 sig/min ETA=18:10:50
[COVERAGE] selected_mass(global)=39.926% covered_mass(global contribution)=32.252%
[LONGEST] id=10650 rank=2069 left=2,3,2,3,3,4,0 elapsed=00:01:01
[RETURN id=10650 rank=02069] left=2,3,2,3,3,4,0 status=TIMEOUT layouts=1/3 complete=False time=00:01:00
[RETURN id=10654 rank=02071] left=2,3,2,3,4,3,0 status=TIMEOUT layouts=1/3 complete=False time=00:01:00
[RETURN id=10660 rank=02072] left=2,3,2,4,0,3,3 status=TIMEOUT layouts=2/3 complete=False time=00:01:00
[RETURN id=10710 rank=02078] left=2,3,3,0,2,3,4 status=QUOTA_REACHED layouts=3/3 complete=True time=00:00:52
[RETURN id=10674 rank=02073] left=2,3,2,4,3,0,3 status=TIMEOUT layouts=2/3 complete=False time=00:01:00
[RETURN id=10696 rank=02077] left=2,3,2,5,2,2,1 status=TIMEOUT layouts=2/3 complete=False time=00:01:00
[GLOBAL] [#---------------------------] done=82/1267 (6.47%) covered=973 layouts=1425 running=14/14 remaining=1185 elapsed=01:15:00 rate=1.09 sig/min ETA=18:03:50
[COVERAGE] selected_mass(global)=39.926% covered_mass(global contribution)=32.274%
[LONGEST] id=10714 rank=2080 left=2,3,3,0,3,2,4 elapsed=00:00:58
[RETURN id=10714 rank=02080] left=2,3,3,0,3,2,4 status=TIMEOUT layouts=2/3 complete=False time=00:01:00
[RETURN id=10716 rank=02081] left=2,3,3,0,3,4,2 status=TIMEOUT layouts=1/3 complete=False time=00:01:00
[RETURN id=10720 rank=02082] left=2,3,3,0,4,2,3 status=TIMEOUT layouts=0/3 complete=False time=00:01:00
[RETURN id=10758 rank=02085] left=2,3,3,2,0,4,3 status=TIMEOUT layouts=1/3 complete=False time=00:01:00
[RETURN id=10776 rank=02088] left=2,3,3,2,4,0,3 status=TIMEOUT layouts=1/3 complete=False time=00:01:00
[RETURN id=10786 rank=02091] left=2,3,3,3,0,4,2 status=QUOTA_REACHED layouts=3/3 complete=True time=00:00:55
[RETURN id=10784 rank=02090] left=2,3,3,3,0,2,4 status=TIMEOUT layouts=2/3 complete=False time=00:01:00
[RETURN id=10794 rank=02092] left=2,3,3,3,2,0,4 status=TIMEOUT layouts=1/3 complete=False time=00:01:00
[RETURN id=10810 rank=02096] left=2,3,3,4,0,2,3 status=QUOTA_REACHED layouts=3/3 complete=True time=00:00:48
[GLOBAL] [#---------------------------] done=84/1267 (6.63%) covered=975 layouts=1433 running=14/14 remaining=1183 elapsed=01:15:30 rate=1.11 sig/min ETA=17:43:18
[COVERAGE] selected_mass(global)=39.926% covered_mass(global contribution)=32.296%
[LONGEST] id=10798 rank=2093 left=2,3,3,3,2,4,0 elapsed=00:01:00
[RETURN id=10798 rank=02093] left=2,3,3,3,2,4,0 status=TIMEOUT layouts=1/3 complete=False time=00:01:00
[RETURN id=10822 rank=02099] left=2,3,3,4,2,3,0 status=TIMEOUT layouts=2/3 complete=False time=00:01:00
[RETURN id=10858 rank=02103] left=2,3,4,0,3,2,3 status=TIMEOUT layouts=1/3 complete=False time=00:01:00
[RETURN id=10900 rank=02105] left=2,3,4,2,0,3,3 status=TIMEOUT layouts=1/3 complete=False time=00:01:00
[RETURN id=10914 rank=02106] left=2,3,4,2,3,0,3 status=TIMEOUT layouts=1/3 complete=False time=00:01:00
[GLOBAL] [#---------------------------] done=84/1267 (6.63%) covered=977 layouts=1436 running=14/14 remaining=1183 elapsed=01:16:00 rate=1.11 sig/min ETA=17:50:20
[COVERAGE] selected_mass(global)=39.926% covered_mass(global contribution)=32.318%
[LONGEST] id=10926 rank=2109 left=2,3,4,3,0,3,2 elapsed=00:00:57
[RETURN id=10926 rank=02109] left=2,3,4,3,0,3,2 status=TIMEOUT layouts=2/3 complete=False time=00:01:00
[RETURN id=10934 rank=02110] left=2,3,4,3,2,0,3 status=TIMEOUT layouts=0/3 complete=False time=00:01:00
[RETURN id=10938 rank=02112] left=2,3,4,3,3,0,2 status=TIMEOUT layouts=0/3 complete=False time=00:01:00
[RETURN id=10940 rank=02113] left=2,3,4,3,3,2,0 status=TIMEOUT layouts=1/3 complete=False time=00:01:00
[RETURN id=11034 rank=02117] left=2,3,5,2,2,2,1 status=TIMEOUT layouts=1/3 complete=False time=00:01:00
[RETURN id=11120 rank=02118] left=2,4,0,2,3,3,3 status=TIMEOUT layouts=1/3 complete=False time=00:01:00
[RETURN id=11148 rank=02120] left=2,4,0,3,3,2,3 status=TIMEOUT layouts=1/3 complete=False time=00:01:00
[RETURN id=11370 rank=02122] left=2,4,2,0,3,3,3 status=TIMEOUT layouts=0/3 complete=False time=00:01:00
[GLOBAL] [#---------------------------] done=84/1267 (6.63%) covered=979 layouts=1439 running=14/14 remaining=1183 elapsed=01:16:30 rate=1.10 sig/min ETA=17:57:23
[COVERAGE] selected_mass(global)=39.926% covered_mass(global contribution)=32.340%
[LONGEST] id=11440 rank=2123 left=2,4,2,3,0,3,3 elapsed=00:01:00
[RETURN id=11440 rank=02123] left=2,4,2,3,0,3,3 status=TIMEOUT layouts=0/3 complete=False time=00:01:00
[RETURN id=11454 rank=02124] left=2,4,2,3,3,0,3 status=TIMEOUT layouts=1/3 complete=False time=00:01:00
[RETURN id=11592 rank=02135] left=2,4,3,3,2,3,0 status=QUOTA_REACHED layouts=3/3 complete=True time=00:00:29
[RETURN id=11508 rank=02126] left=2,4,3,0,2,3,3 status=TIMEOUT layouts=2/3 complete=False time=00:01:00
[RETURN id=11514 rank=02128] left=2,4,3,0,3,3,2 status=TIMEOUT layouts=1/3 complete=False time=00:01:00
[RETURN id=11572 rank=02131] left=2,4,3,2,3,3,0 status=TIMEOUT layouts=2/3 complete=False time=00:01:00
[RETURN id=11580 rank=02132] left=2,4,3,3,0,2,3 status=TIMEOUT layouts=1/3 complete=False time=00:01:00
[GLOBAL] [#---------------------------] done=85/1267 (6.71%) covered=980 layouts=1444 running=14/14 remaining=1182 elapsed=01:17:00 rate=1.10 sig/min ETA=17:50:45
[COVERAGE] selected_mass(global)=39.926% covered_mass(global contribution)=32.351%
[LONGEST] id=12018 rank=2139 left=2,5,1,2,2,3,2 elapsed=00:00:55
[RETURN id=12018 rank=02139] left=2,5,1,2,2,3,2 status=TIMEOUT layouts=0/3 complete=False time=00:01:00
[RETURN id=12046 rank=02141] left=2,5,1,3,2,2,2 status=TIMEOUT layouts=0/3 complete=False time=00:01:00
[RETURN id=12132 rank=02142] left=2,5,2,1,2,2,3 status=TIMEOUT layouts=0/3 complete=False time=00:01:00
[RETURN id=12138 rank=02144] left=2,5,2,1,3,2,2 status=TIMEOUT layouts=1/3 complete=False time=00:01:00
[RETURN id=12156 rank=02146] left=2,5,2,2,1,3,2 status=TIMEOUT layouts=1/3 complete=False time=00:01:00
[RETURN id=12160 rank=02147] left=2,5,2,2,2,1,3 status=TIMEOUT layouts=2/3 complete=False time=00:01:00
[RETURN id=12162 rank=02148] left=2,5,2,2,2,3,1 status=TIMEOUT layouts=2/3 complete=False time=00:01:00
[GLOBAL] [#---------------------------] done=85/1267 (6.71%) covered=981 layouts=1447 running=14/14 remaining=1182 elapsed=01:17:30 rate=1.10 sig/min ETA=17:57:42
[COVERAGE] selected_mass(global)=39.926% covered_mass(global contribution)=32.362%
[LONGEST] id=12166 rank=2150 left=2,5,2,2,3,2,1 elapsed=00:00:59
[RETURN id=12166 rank=02150] left=2,5,2,2,3,2,1 status=TIMEOUT layouts=1/3 complete=False time=00:01:00
[RETURN id=12186 rank=02153] left=2,5,2,3,2,2,1 status=TIMEOUT layouts=1/3 complete=False time=00:01:00
[RETURN id=12284 rank=02157] left=2,5,3,2,2,2,1 status=TIMEOUT layouts=0/3 complete=False time=00:01:00
[RETURN id=12676 rank=02159] left=3,0,2,2,3,4,3 status=TIMEOUT layouts=1/3 complete=False time=00:01:00
[RETURN id=12680 rank=02160] left=3,0,2,2,4,3,3 status=TIMEOUT layouts=1/3 complete=False time=00:01:00
[RETURN id=12706 rank=02166] left=3,0,2,3,4,3,2 status=QUOTA_REACHED layouts=3/3 complete=True time=00:00:55
[RETURN id=12810 rank=02170] left=3,0,3,2,2,3,4 status=QUOTA_REACHED layouts=3/3 complete=True time=00:00:44
[RETURN id=12696 rank=02162] left=3,0,2,3,2,4,3 status=TIMEOUT layouts=1/3 complete=False time=00:01:00
[GLOBAL] [#---------------------------] done=87/1267 (6.87%) covered=984 layouts=1454 running=14/14 remaining=1180 elapsed=01:18:00 rate=1.12 sig/min ETA=17:37:56
[COVERAGE] selected_mass(global)=39.926% covered_mass(global contribution)=32.395%
[LONGEST] id=12728 rank=2168 left=3,0,2,4,3,2,3 elapsed=00:00:54
[RETURN id=12728 rank=02168] left=3,0,2,4,3,2,3 status=TIMEOUT layouts=1/3 complete=False time=00:01:00
[RETURN id=12814 rank=02172] left=3,0,3,2,3,2,4 status=TIMEOUT layouts=1/3 complete=False time=00:01:00
[RETURN id=12816 rank=02173] left=3,0,3,2,3,4,2 status=TIMEOUT layouts=0/3 complete=False time=00:01:00
[RETURN id=12820 rank=02174] left=3,0,3,2,4,2,3 status=TIMEOUT layouts=1/3 complete=False time=00:01:00
[RETURN id=12868 rank=02180] left=3,0,3,4,2,3,2 status=TIMEOUT layouts=2/3 complete=False time=00:01:00
[RETURN id=12968 rank=02183] left=3,0,4,2,3,2,3 status=TIMEOUT layouts=1/3 complete=False time=00:01:00
[GLOBAL] [#---------------------------] done=87/1267 (6.87%) covered=985 layouts=1456 running=14/14 remaining=1180 elapsed=01:18:30 rate=1.11 sig/min ETA=17:44:43
[COVERAGE] selected_mass(global)=39.926% covered_mass(global contribution)=32.406%
[LONGEST] id=12992 rank=2185 left=3,0,4,3,2,2,3 elapsed=00:00:59
[RETURN id=12992 rank=02185] left=3,0,4,3,2,2,3 status=TIMEOUT layouts=2/3 complete=False time=00:01:00
[RETURN id=12998 rank=02187] left=3,0,4,3,3,2,2 status=TIMEOUT layouts=0/3 complete=False time=00:01:00
[RETURN id=13464 rank=02188] left=3,1,2,2,2,2,5 status=TIMEOUT layouts=0/3 complete=False time=00:01:00
[RETURN id=13916 rank=02192] left=3,1,5,2,2,2,2 status=TIMEOUT layouts=1/3 complete=False time=00:01:00
[RETURN id=14006 rank=02193] left=3,2,0,2,3,3,4 status=TIMEOUT layouts=0/3 complete=False time=00:01:00
[RETURN id=14026 rank=02196] left=3,2,0,3,2,3,4 status=TIMEOUT layouts=1/3 complete=False time=00:01:00
[RETURN id=14030 rank=02198] left=3,2,0,3,3,2,4 status=TIMEOUT layouts=0/3 complete=False time=00:01:00
[RETURN id=14032 rank=02199] left=3,2,0,3,3,4,2 status=TIMEOUT layouts=1/3 complete=False time=00:01:00
[GLOBAL] [#---------------------------] done=87/1267 (6.87%) covered=985 layouts=1457 running=14/14 remaining=1180 elapsed=01:19:00 rate=1.10 sig/min ETA=17:51:30
[COVERAGE] selected_mass(global)=39.926% covered_mass(global contribution)=32.406%
[LONGEST] id=14036 rank=2200 left=3,2,0,3,4,2,3 elapsed=00:00:52
[RETURN id=14036 rank=02200] left=3,2,0,3,4,2,3 status=TIMEOUT layouts=1/3 complete=False time=00:01:00
[RETURN id=14054 rank=02202] left=3,2,0,4,2,3,3 status=TIMEOUT layouts=2/3 complete=False time=00:01:00
[RETURN id=14060 rank=02204] left=3,2,0,4,3,3,2 status=TIMEOUT layouts=1/3 complete=False time=00:01:00
[RETURN id=14140 rank=02205] left=3,2,1,2,2,2,5 status=TIMEOUT layouts=1/3 complete=False time=00:01:00
[RETURN id=14246 rank=02209] left=3,2,2,0,3,3,4 status=TIMEOUT layouts=1/3 complete=False time=00:01:00
[RETURN id=14268 rank=02213] left=3,2,2,1,2,5,2 status=TIMEOUT layouts=2/3 complete=False time=00:01:00
[GLOBAL] [#---------------------------] done=87/1267 (6.87%) covered=986 layouts=1460 running=14/14 remaining=1180 elapsed=01:19:30 rate=1.09 sig/min ETA=17:58:17
[COVERAGE] selected_mass(global)=39.926% covered_mass(global contribution)=32.417%
[LONGEST] id=14282 rank=2214 left=3,2,2,1,5,2,2 elapsed=00:00:58
[RETURN id=14282 rank=02214] left=3,2,2,1,5,2,2 status=TIMEOUT layouts=1/3 complete=False time=00:01:00
[RETURN id=14288 rank=02215] left=3,2,2,2,1,2,5 status=TIMEOUT layouts=0/3 complete=False time=00:01:00
[RETURN id=14292 rank=02217] left=3,2,2,2,2,1,5 status=TIMEOUT layouts=1/3 complete=False time=00:01:00
[RETURN id=14296 rank=02218] left=3,2,2,2,2,5,1 status=TIMEOUT layouts=1/3 complete=False time=00:01:00
[RETURN id=14310 rank=02220] left=3,2,2,2,5,2,1 status=TIMEOUT layouts=0/3 complete=False time=00:01:00
[RETURN id=14314 rank=02222] left=3,2,2,3,0,4,3 status=TIMEOUT layouts=2/3 complete=False time=00:01:00
[RETURN id=14332 rank=02225] left=3,2,2,3,4,0,3 status=TIMEOUT layouts=0/3 complete=False time=00:01:00
[GLOBAL] [#---------------------------] done=87/1267 (6.87%) covered=988 layouts=1463 running=14/14 remaining=1180 elapsed=01:20:00 rate=1.09 sig/min ETA=18:05:03
[COVERAGE] selected_mass(global)=39.926% covered_mass(global contribution)=32.439%
[LONGEST] id=14358 rank=2229 left=3,2,2,4,3,3,0 elapsed=00:01:00
[RETURN id=14358 rank=02229] left=3,2,2,4,3,3,0 status=TIMEOUT layouts=1/3 complete=False time=00:01:00
[RETURN id=14372 rank=02230] left=3,2,2,5,1,2,2 status=TIMEOUT layouts=1/3 complete=False time=00:01:00
[RETURN id=14376 rank=02231] left=3,2,2,5,2,1,2 status=TIMEOUT layouts=1/3 complete=False time=00:01:00
[RETURN id=14402 rank=02238] left=3,2,3,0,4,3,2 status=TIMEOUT layouts=0/3 complete=False time=00:01:00
[RETURN id=14392 rank=02234] left=3,2,3,0,2,4,3 status=TIMEOUT layouts=2/3 complete=False time=00:01:00
[RETURN id=14438 rank=02239] left=3,2,3,2,0,3,4 status=TIMEOUT layouts=1/3 complete=False time=00:01:00
[RETURN id=14452 rank=02241] left=3,2,3,2,3,0,4 status=TIMEOUT layouts=0/3 complete=False time=00:01:00
[GLOBAL] [#---------------------------] done=87/1267 (6.87%) covered=990 layouts=1466 running=14/14 remaining=1180 elapsed=01:20:30 rate=1.08 sig/min ETA=18:11:50
[COVERAGE] selected_mass(global)=39.926% covered_mass(global contribution)=32.461%
[LONGEST] id=14456 rank=2242 left=3,2,3,2,3,4,0 elapsed=00:00:58
[RETURN id=14456 rank=02242] left=3,2,3,2,3,4,0 status=TIMEOUT layouts=1/3 complete=False time=00:01:00
[RETURN id=14460 rank=02244] left=3,2,3,2,4,3,0 status=TIMEOUT layouts=2/3 complete=False time=00:01:00
[RETURN id=14484 rank=02249] left=3,2,3,3,4,0,2 status=TIMEOUT layouts=1/3 complete=False time=00:01:00
[RETURN id=14486 rank=02250] left=3,2,3,3,4,2,0 status=TIMEOUT layouts=1/3 complete=False time=00:01:00
[RETURN id=14500 rank=02253] left=3,2,3,4,2,0,3 status=QUOTA_REACHED layouts=3/3 complete=True time=00:00:53
[RETURN id=14492 rank=02252] left=3,2,3,4,0,3,2 status=TIMEOUT layouts=1/3 complete=False time=00:01:00
[RETURN id=14504 rank=02255] left=3,2,3,4,3,0,2 status=TIMEOUT layouts=2/3 complete=False time=00:01:00
[GLOBAL] [#---------------------------] done=88/1267 (6.95%) covered=992 layouts=1472 running=14/14 remaining=1179 elapsed=01:21:00 rate=1.09 sig/min ETA=18:05:13
[COVERAGE] selected_mass(global)=39.926% covered_mass(global contribution)=32.483%
[LONGEST] id=14506 rank=2256 left=3,2,3,4,3,2,0 elapsed=00:00:59
[RETURN id=14506 rank=02256] left=3,2,3,4,3,2,0 status=TIMEOUT layouts=0/3 complete=False time=00:01:00
[RETURN id=14534 rank=02257] left=3,2,4,0,2,3,3 status=TIMEOUT layouts=2/3 complete=False time=00:01:00
[RETURN id=14540 rank=02259] left=3,2,4,0,3,3,2 status=TIMEOUT layouts=1/3 complete=False time=00:01:00
[RETURN id=14606 rank=02263] left=3,2,4,3,0,2,3 status=TIMEOUT layouts=1/3 complete=False time=00:01:00
[RETURN id=14598 rank=02262] left=3,2,4,2,3,3,0 status=TIMEOUT layouts=2/3 complete=False time=00:01:00
[RETURN id=14618 rank=02266] left=3,2,4,3,2,3,0 status=TIMEOUT layouts=2/3 complete=False time=00:01:00
[RETURN id=14690 rank=02269] left=3,2,5,1,2,2,2 status=TIMEOUT layouts=2/3 complete=False time=00:01:00
[GLOBAL] [#---------------------------] done=88/1267 (6.95%) covered=993 layouts=1477 running=14/14 remaining=1179 elapsed=01:21:30 rate=1.08 sig/min ETA=18:11:55
[COVERAGE] selected_mass(global)=39.926% covered_mass(global contribution)=32.494%
[LONGEST] id=14710 rank=2270 left=3,2,5,2,1,2,2 elapsed=00:00:57
[RETURN id=14710 rank=02270] left=3,2,5,2,1,2,2 status=TIMEOUT layouts=2/3 complete=False time=00:01:00
[RETURN id=14714 rank=02271] left=3,2,5,2,2,1,2 status=TIMEOUT layouts=1/3 complete=False time=00:01:00
[RETURN id=14796 rank=02273] left=3,3,0,2,2,3,4 status=TIMEOUT layouts=0/3 complete=False time=00:01:00
[RETURN id=14800 rank=02275] left=3,3,0,2,3,2,4 status=TIMEOUT layouts=1/3 complete=False time=00:01:00
[RETURN id=14802 rank=02276] left=3,3,0,2,3,4,2 status=TIMEOUT layouts=1/3 complete=False time=00:01:00
[RETURN id=14806 rank=02277] left=3,3,0,2,4,2,3 status=TIMEOUT layouts=1/3 complete=False time=00:01:00
[GLOBAL] [#---------------------------] done=88/1267 (6.95%) covered=994 layouts=1479 running=14/14 remaining=1179 elapsed=01:22:00 rate=1.07 sig/min ETA=18:18:37
[COVERAGE] selected_mass(global)=39.926% covered_mass(global contribution)=32.505%
[LONGEST] id=14854 rank=2283 left=3,3,0,4,2,3,2 elapsed=00:01:00
[RETURN id=14854 rank=02283] left=3,3,0,4,2,3,2 status=TIMEOUT layouts=1/3 complete=False time=00:01:00
[RETURN id=15046 rank=02285] left=3,3,2,0,2,3,4 status=TIMEOUT layouts=1/3 complete=False time=00:01:00
[RETURN id=15050 rank=02287] left=3,3,2,0,3,2,4 status=TIMEOUT layouts=1/3 complete=False time=00:01:00
[RETURN id=15052 rank=02288] left=3,3,2,0,3,4,2 status=TIMEOUT layouts=1/3 complete=False time=00:01:00
[RETURN id=15056 rank=02289] left=3,3,2,0,4,2,3 status=TIMEOUT layouts=0/3 complete=False time=00:01:00
[RETURN id=15094 rank=02292] left=3,3,2,2,0,4,3 status=TIMEOUT layouts=1/3 complete=False time=00:01:00
[RETURN id=15112 rank=02295] left=3,3,2,2,4,0,3 status=TIMEOUT layouts=0/3 complete=False time=00:01:00
[RETURN id=15120 rank=02297] left=3,3,2,3,0,2,4 status=TIMEOUT layouts=1/3 complete=False time=00:01:00
[GLOBAL] [#---------------------------] done=88/1267 (6.95%) covered=997 layouts=1482 running=14/14 remaining=1179 elapsed=01:22:30 rate=1.07 sig/min ETA=18:25:19
[COVERAGE] selected_mass(global)=39.926% covered_mass(global contribution)=32.538%
[LONGEST] id=15122 rank=2298 left=3,3,2,3,0,4,2 elapsed=00:00:56
[RETURN id=15122 rank=02298] left=3,3,2,3,0,4,2 status=TIMEOUT layouts=1/3 complete=False time=00:01:00
[RETURN id=15134 rank=02300] left=3,3,2,3,2,4,0 status=QUOTA_REACHED layouts=3/3 complete=True time=00:00:59
[RETURN id=15130 rank=02299] left=3,3,2,3,2,0,4 status=TIMEOUT layouts=1/3 complete=False time=00:01:00
[RETURN id=15146 rank=02303] left=3,3,2,4,0,2,3 status=TIMEOUT layouts=1/3 complete=False time=00:01:00
[RETURN id=15158 rank=02306] left=3,3,2,4,2,3,0 status=TIMEOUT layouts=2/3 complete=False time=00:01:00
[RETURN id=15188 rank=02309] left=3,3,3,0,2,2,4 status=TIMEOUT layouts=1/3 complete=False time=00:01:00
[GLOBAL] [#---------------------------] done=89/1267 (7.02%) covered=999 layouts=1487 running=14/14 remaining=1178 elapsed=01:23:00 rate=1.07 sig/min ETA=18:18:35
[COVERAGE] selected_mass(global)=39.926% covered_mass(global contribution)=32.560%
[LONGEST] id=15190 rank=2310 left=3,3,3,0,2,4,2 elapsed=00:00:59
[RETURN id=15190 rank=02310] left=3,3,3,0,2,4,2 status=TIMEOUT layouts=1/3 complete=False time=00:01:00
[RETURN id=15200 rank=02311] left=3,3,3,0,4,2,2 status=TIMEOUT layouts=1/3 complete=False time=00:01:00
[RETURN id=15254 rank=02316] left=3,3,3,2,4,0,2 status=TIMEOUT layouts=2/3 complete=False time=00:01:00
[RETURN id=15256 rank=02317] left=3,3,3,2,4,2,0 status=TIMEOUT layouts=1/3 complete=False time=00:01:00
[RETURN id=15282 rank=02318] left=3,3,3,4,0,2,2 status=TIMEOUT layouts=1/3 complete=False time=00:01:00
[RETURN id=15316 rank=02321] left=3,3,4,0,2,2,3 status=TIMEOUT layouts=1/3 complete=False time=00:01:00
[RETURN id=15322 rank=02323] left=3,3,4,0,3,2,2 status=TIMEOUT layouts=2/3 complete=False time=00:01:00
[RETURN id=15360 rank=02325] left=3,3,4,2,0,3,2 status=TIMEOUT layouts=0/3 complete=False time=00:01:00
[GLOBAL] [#---------------------------] done=89/1267 (7.02%) covered=1000 layouts=1490 running=14/14 remaining=1178 elapsed=01:23:30 rate=1.07 sig/min ETA=18:25:12
[COVERAGE] selected_mass(global)=39.926% covered_mass(global contribution)=32.571%
[LONGEST] id=15368 rank=2326 left=3,3,4,2,2,0,3 elapsed=00:00:55
[RETURN id=15368 rank=02326] left=3,3,4,2,2,0,3 status=TIMEOUT layouts=0/3 complete=False time=00:01:00
[RETURN id=15372 rank=02328] left=3,3,4,2,3,0,2 status=TIMEOUT layouts=2/3 complete=False time=00:01:00
[RETURN id=15374 rank=02329] left=3,3,4,2,3,2,0 status=TIMEOUT layouts=1/3 complete=False time=00:01:00
[RETURN id=15380 rank=02330] left=3,3,4,3,0,2,2 status=TIMEOUT layouts=2/3 complete=False time=00:01:00
[RETURN id=15544 rank=02333] left=3,4,0,2,2,3,3 status=TIMEOUT layouts=1/3 complete=False time=00:01:00
[RETURN id=15550 rank=02335] left=3,4,0,2,3,3,2 status=TIMEOUT layouts=2/3 complete=False time=00:01:00
[GLOBAL] [#---------------------------] done=89/1267 (7.02%) covered=1002 layouts=1495 running=14/14 remaining=1178 elapsed=01:24:00 rate=1.06 sig/min ETA=18:31:49
[COVERAGE] selected_mass(global)=39.926% covered_mass(global contribution)=32.593%
[LONGEST] id=15574 rank=2337 left=3,4,0,3,2,3,2 elapsed=00:00:58
[RETURN id=15574 rank=02337] left=3,4,0,3,2,3,2 status=TIMEOUT layouts=2/3 complete=False time=00:01:00
[RETURN id=15784 rank=02339] left=3,4,2,0,2,3,3 status=QUOTA_REACHED layouts=3/3 complete=True time=00:01:00
[RETURN id=15790 rank=02341] left=3,4,2,0,3,3,2 status=TIMEOUT layouts=2/3 complete=False time=00:01:00
[RETURN id=15848 rank=02344] left=3,4,2,2,3,3,0 status=TIMEOUT layouts=1/3 complete=False time=00:01:00
[RETURN id=15856 rank=02345] left=3,4,2,3,0,2,3 status=TIMEOUT layouts=0/3 complete=False time=00:01:00
[RETURN id=15868 rank=02348] left=3,4,2,3,2,3,0 status=TIMEOUT layouts=2/3 complete=False time=00:01:00
[RETURN id=15912 rank=02352] left=3,4,3,0,2,3,2 status=TIMEOUT layouts=1/3 complete=False time=00:01:00
[RETURN id=15954 rank=02354] left=3,4,3,2,0,2,3 status=TIMEOUT layouts=0/3 complete=False time=00:01:00
[GLOBAL] [#---------------------------] done=90/1267 (7.10%) covered=1003 layouts=1501 running=14/14 remaining=1177 elapsed=01:24:30 rate=1.07 sig/min ETA=18:25:04
[COVERAGE] selected_mass(global)=39.926% covered_mass(global contribution)=32.604%
[LONGEST] id=15966 rank=2357 left=3,4,3,2,2,3,0 elapsed=00:00:54
[RETURN id=15966 rank=02357] left=3,4,3,2,2,3,0 status=TIMEOUT layouts=1/3 complete=False time=00:01:00
[RETURN id=16984 rank=02370] left=4,0,2,3,3,2,3 status=QUOTA_REACHED layouts=3/3 complete=True time=00:00:42
[RETURN id=15982 rank=02361] left=3,4,3,3,2,0,2 status=TIMEOUT layouts=0/3 complete=False time=00:01:00
[RETURN id=15984 rank=02362] left=3,4,3,3,2,2,0 status=TIMEOUT layouts=0/3 complete=False time=00:01:00
[RETURN id=16470 rank=02367] left=3,5,2,2,2,2,1 status=TIMEOUT layouts=0/3 complete=False time=00:01:00
[RETURN id=16956 rank=02368] left=4,0,2,2,3,3,3 status=TIMEOUT layouts=0/3 complete=False time=00:01:00
[GLOBAL] [##--------------------------] done=91/1267 (7.18%) covered=1004 layouts=1504 running=14/14 remaining=1176 elapsed=01:25:00 rate=1.07 sig/min ETA=18:18:28
[COVERAGE] selected_mass(global)=39.926% covered_mass(global contribution)=32.615%
[LONGEST] id=17104 rank=2372 left=4,0,3,2,2,3,3 elapsed=00:00:57
[RETURN id=18310 rank=02379] left=4,2,0,3,2,3,3 status=QUOTA_REACHED layouts=3/3 complete=True time=00:00:37
[RETURN id=17104 rank=02372] left=4,0,3,2,2,3,3 status=TIMEOUT layouts=1/3 complete=False time=00:01:00
[RETURN id=17110 rank=02374] left=4,0,3,2,3,3,2 status=TIMEOUT layouts=1/3 complete=False time=00:01:00
[RETURN id=17134 rank=02376] left=4,0,3,3,2,3,2 status=QUOTA_REACHED layouts=3/3 complete=True time=00:00:53
[RETURN id=18736 rank=02390] left=4,2,3,2,3,0,3 status=QUOTA_REACHED layouts=3/3 complete=True time=00:00:34
[RETURN id=18316 rank=02381] left=4,2,0,3,3,3,2 status=TIMEOUT layouts=1/3 complete=False time=00:01:00
[RETURN id=18624 rank=02385] left=4,2,2,3,3,3,0 status=TIMEOUT layouts=1/3 complete=False time=00:01:00
[RETURN id=18680 rank=02387] left=4,2,3,0,3,2,3 status=TIMEOUT layouts=1/3 complete=False time=00:01:00
[GLOBAL] [##--------------------------] done=94/1267 (7.42%) covered=1007 layouts=1513 running=14/14 remaining=1173 elapsed=01:25:30 rate=1.10 sig/min ETA=17:46:56
[COVERAGE] selected_mass(global)=39.926% covered_mass(global contribution)=32.648%
[LONGEST] id=18722 rank=2389 left=4,2,3,2,0,3,3 elapsed=00:01:00
[RETURN id=18722 rank=02389] left=4,2,3,2,0,3,3 status=TIMEOUT layouts=2/3 complete=False time=00:01:00
[RETURN id=18748 rank=02393] left=4,2,3,3,0,3,2 status=TIMEOUT layouts=2/3 complete=False time=00:01:00
[RETURN id=18756 rank=02394] left=4,2,3,3,2,0,3 status=TIMEOUT layouts=1/3 complete=False time=00:01:00
[RETURN id=18760 rank=02396] left=4,2,3,3,3,0,2 status=TIMEOUT layouts=1/3 complete=False time=00:01:00
[RETURN id=18762 rank=02397] left=4,2,3,3,3,2,0 status=TIMEOUT layouts=2/3 complete=False time=00:01:00
[RETURN id=19030 rank=02398] left=4,3,0,2,2,3,3 status=TIMEOUT layouts=1/3 complete=False time=00:01:00
[GLOBAL] [##--------------------------] done=94/1267 (7.42%) covered=1008 layouts=1517 running=14/14 remaining=1173 elapsed=01:26:00 rate=1.09 sig/min ETA=17:53:10
[COVERAGE] selected_mass(global)=39.926% covered_mass(global contribution)=32.659%
[LONGEST] id=19036 rank=2400 left=4,3,0,2,3,3,2 elapsed=00:00:59
[RETURN id=19036 rank=02400] left=4,3,0,2,3,3,2 status=TIMEOUT layouts=0/3 complete=False time=00:01:00
[RETURN id=19060 rank=02402] left=4,3,0,3,2,3,2 status=TIMEOUT layouts=1/3 complete=False time=00:01:00
[RETURN id=19270 rank=02404] left=4,3,2,0,2,3,3 status=TIMEOUT layouts=0/3 complete=False time=00:01:00
[RETURN id=19276 rank=02406] left=4,3,2,0,3,3,2 status=TIMEOUT layouts=1/3 complete=False time=00:01:00
[RETURN id=19334 rank=02409] left=4,3,2,2,3,3,0 status=TIMEOUT layouts=2/3 complete=False time=00:01:00
[RETURN id=19342 rank=02410] left=4,3,2,3,0,2,3 status=TIMEOUT layouts=1/3 complete=False time=00:01:00
[RETURN id=19354 rank=02413] left=4,3,2,3,2,3,0 status=TIMEOUT layouts=1/3 complete=False time=00:01:00
[RETURN id=19398 rank=02417] left=4,3,3,0,2,3,2 status=TIMEOUT layouts=1/3 complete=False time=00:01:00
[GLOBAL] [##--------------------------] done=94/1267 (7.42%) covered=1011 layouts=1521 running=14/14 remaining=1173 elapsed=01:26:30 rate=1.09 sig/min ETA=17:59:25
[COVERAGE] selected_mass(global)=39.926% covered_mass(global contribution)=32.692%
[LONGEST] id=19440 rank=2419 left=4,3,3,2,0,2,3 elapsed=00:00:59
[RETURN id=19440 rank=02419] left=4,3,3,2,0,2,3 status=TIMEOUT layouts=1/3 complete=False time=00:01:00
[RETURN id=19452 rank=02422] left=4,3,3,2,2,3,0 status=TIMEOUT layouts=2/3 complete=False time=00:01:00
[RETURN id=19468 rank=02426] left=4,3,3,3,2,0,2 status=TIMEOUT layouts=1/3 complete=False time=00:01:00
[RETURN id=19470 rank=02427] left=4,3,3,3,2,2,0 status=TIMEOUT layouts=1/3 complete=False time=00:01:00
[RETURN id=21716 rank=02429] left=5,1,2,2,2,3,2 status=TIMEOUT layouts=0/3 complete=False time=00:01:00
[RETURN id=21744 rank=02431] left=5,1,2,3,2,2,2 status=TIMEOUT layouts=1/3 complete=False time=00:01:00
[GLOBAL] [##--------------------------] done=94/1267 (7.42%) covered=1014 layouts=1525 running=14/14 remaining=1173 elapsed=01:27:00 rate=1.08 sig/min ETA=18:05:39
[COVERAGE] selected_mass(global)=39.926% covered_mass(global contribution)=32.725%
[LONGEST] id=22310 rank=2433 left=5,2,1,2,2,2,3 elapsed=00:00:58
[RETURN id=22310 rank=02433] left=5,2,1,2,2,2,3 status=TIMEOUT layouts=1/3 complete=False time=00:01:00
[RETURN id=22316 rank=02435] left=5,2,1,2,3,2,2 status=TIMEOUT layouts=0/3 complete=False time=00:01:00
[RETURN id=22426 rank=02438] left=5,2,2,1,2,3,2 status=TIMEOUT layouts=0/3 complete=False time=00:01:00
[RETURN id=22448 rank=02440] left=5,2,2,2,1,2,3 status=TIMEOUT layouts=0/3 complete=False time=00:01:00
[RETURN id=22458 rank=02444] left=5,2,2,2,3,1,2 status=TIMEOUT layouts=1/3 complete=False time=00:01:00
[RETURN id=22474 rank=02446] left=5,2,2,3,1,2,2 status=TIMEOUT layouts=1/3 complete=False time=00:01:00
[RETURN id=22478 rank=02447] left=5,2,2,3,2,1,2 status=TIMEOUT layouts=0/3 complete=False time=00:01:00
[RETURN id=22552 rank=02449] left=5,2,3,1,2,2,2 status=TIMEOUT layouts=1/3 complete=False time=00:01:00
[GLOBAL] [##--------------------------] done=94/1267 (7.42%) covered=1015 layouts=1526 running=14/14 remaining=1173 elapsed=01:27:30 rate=1.07 sig/min ETA=18:11:53
[COVERAGE] selected_mass(global)=39.926% covered_mass(global contribution)=32.736%
[LONGEST] id=22572 rank=2450 left=5,2,3,2,1,2,2 elapsed=00:00:58
[RETURN id=22572 rank=02450] left=5,2,3,2,1,2,2 status=TIMEOUT layouts=1/3 complete=False time=00:01:00
[RETURN id=22576 rank=02451] left=5,2,3,2,2,1,2 status=TIMEOUT layouts=0/3 complete=False time=00:01:00
[RETURN id=23082 rank=02457] left=5,3,2,2,2,2,1 status=TIMEOUT layouts=2/3 complete=False time=00:01:00
[RETURN id=04528 rank=02459] left=1,1,1,3,4,3,4 status=TIMEOUT layouts=1/3 complete=False time=00:01:00
[RETURN id=04762 rank=02471] left=1,1,3,4,1,4,3 status=QUOTA_REACHED layouts=3/3 complete=True time=00:00:40
[RETURN id=04544 rank=02462] left=1,1,1,4,3,4,3 status=TIMEOUT layouts=2/3 complete=False time=00:01:00
[RETURN id=04548 rank=02463] left=1,1,1,4,4,3,3 status=TIMEOUT layouts=2/3 complete=False time=00:01:00
[RETURN id=04700 rank=02464] left=1,1,3,1,3,4,4 status=QUOTA_REACHED layouts=3/3 complete=True time=00:00:53
[GLOBAL] [##--------------------------] done=96/1267 (7.58%) covered=1018 layouts=1536 running=14/14 remaining=1171 elapsed=01:28:00 rate=1.09 sig/min ETA=17:53:25
[COVERAGE] selected_mass(global)=39.926% covered_mass(global contribution)=32.761%
[LONGEST] id=4704 rank=2466 left=1,1,3,1,4,4,3 elapsed=00:00:53
[RETURN id=04776 rank=02474] left=1,1,3,4,4,1,3 status=QUOTA_REACHED layouts=3/3 complete=True time=00:00:36
[RETURN id=04704 rank=02466] left=1,1,3,1,4,4,3 status=TIMEOUT layouts=2/3 complete=False time=00:01:00
[RETURN id=04750 rank=02469] left=1,1,3,3,4,4,1 status=TIMEOUT layouts=1/3 complete=False time=00:01:00
[RETURN id=04770 rank=02472] left=1,1,3,4,3,1,4 status=TIMEOUT layouts=1/3 complete=False time=00:01:00
[RETURN id=04778 rank=02475] left=1,1,3,4,4,3,1 status=TIMEOUT layouts=2/3 complete=False time=00:01:00
[RETURN id=04834 rank=02477] left=1,1,4,1,3,4,3 status=TIMEOUT layouts=1/3 complete=False time=00:01:00
[GLOBAL] [##--------------------------] done=97/1267 (7.66%) covered=1018 layouts=1540 running=14/14 remaining=1170 elapsed=01:28:30 rate=1.10 sig/min ETA=17:47:28
[COVERAGE] selected_mass(global)=39.926% covered_mass(global contribution)=32.761%
[LONGEST] id=4838 rank=2478 left=1,1,4,1,4,3,3 elapsed=00:00:57
[RETURN id=04838 rank=02478] left=1,1,4,1,4,3,3 status=TIMEOUT layouts=0/3 complete=False time=00:01:00
[RETURN id=04876 rank=02479] left=1,1,4,3,1,3,4 status=TIMEOUT layouts=0/3 complete=False time=00:01:00
[RETURN id=04888 rank=02482] left=1,1,4,3,3,4,1 status=TIMEOUT layouts=2/3 complete=False time=00:01:00
[RETURN id=05950 rank=02488] left=1,3,1,1,3,4,4 status=TIMEOUT layouts=1/3 complete=False time=00:01:00
[RETURN id=05954 rank=02490] left=1,3,1,1,4,4,3 status=TIMEOUT layouts=0/3 complete=False time=00:01:00
[RETURN id=06012 rank=02495] left=1,3,1,4,1,4,3 status=QUOTA_REACHED layouts=3/3 complete=True time=00:00:57
[RETURN id=06000 rank=02493] left=1,3,1,3,4,4,1 status=TIMEOUT layouts=2/3 complete=False time=00:01:00
[RETURN id=06020 rank=02496] left=1,3,1,4,3,1,4 status=TIMEOUT layouts=0/3 complete=False time=00:01:00
[GLOBAL] [##--------------------------] done=98/1267 (7.73%) covered=1018 layouts=1544 running=14/14 remaining=1169 elapsed=01:29:00 rate=1.10 sig/min ETA=17:41:39
[COVERAGE] selected_mass(global)=39.926% covered_mass(global contribution)=32.761%
[LONGEST] id=6026 rank=2498 left=1,3,1,4,4,1,3 elapsed=00:00:56
[RETURN id=06026 rank=02498] left=1,3,1,4,4,1,3 status=TIMEOUT layouts=1/3 complete=False time=00:01:00
[RETURN id=06028 rank=02499] left=1,3,1,4,4,3,1 status=TIMEOUT layouts=1/3 complete=False time=00:01:00
[RETURN id=06240 rank=02502] left=1,3,3,1,4,4,1 status=TIMEOUT layouts=1/3 complete=False time=00:01:00
[RETURN id=06310 rank=02504] left=1,3,3,4,1,4,1 status=TIMEOUT layouts=2/3 complete=False time=00:01:00
[RETURN id=06760 rank=02519] left=1,4,1,1,3,4,3 status=QUOTA_REACHED layouts=3/3 complete=True time=00:00:26
[GLOBAL] [##--------------------------] done=99/1267 (7.81%) covered=1019 layouts=1548 running=14/14 remaining=1168 elapsed=01:29:30 rate=1.11 sig/min ETA=17:35:55
[COVERAGE] selected_mass(global)=39.926% covered_mass(global contribution)=32.768%
[LONGEST] id=6322 rank=2505 left=1,3,3,4,4,1,1 elapsed=00:01:00
[RETURN id=06376 rank=02506] left=1,3,4,1,1,3,4 status=TIMEOUT layouts=0/3 complete=False time=00:01:00
[RETURN id=06322 rank=02505] left=1,3,3,4,4,1,1 status=TIMEOUT layouts=2/3 complete=False time=00:01:00
[RETURN id=06458 rank=02515] left=1,3,4,4,1,1,3 status=QUOTA_REACHED layouts=3/3 complete=True time=00:00:48
[RETURN id=06388 rank=02509] left=1,3,4,1,3,4,1 status=TIMEOUT layouts=0/3 complete=False time=00:01:00
[RETURN id=06432 rank=02512] left=1,3,4,3,1,1,4 status=TIMEOUT layouts=2/3 complete=False time=00:01:00
[RETURN id=06460 rank=02516] left=1,3,4,4,1,3,1 status=TIMEOUT layouts=2/3 complete=False time=00:01:00
[RETURN id=07108 rank=02536] left=1,4,3,3,1,1,4 status=QUOTA_REACHED layouts=3/3 complete=True time=00:00:41
[RETURN id=06764 rank=02520] left=1,4,1,1,4,3,3 status=TIMEOUT layouts=2/3 complete=False time=00:01:00
[RETURN id=06802 rank=02521] left=1,4,1,3,1,3,4 status=TIMEOUT layouts=0/3 complete=False time=00:01:00
[RETURN id=07208 rank=02544] left=1,4,4,1,3,3,1 status=QUOTA_REACHED layouts=3/3 complete=True time=00:00:22
[RETURN id=06814 rank=02524] left=1,4,1,3,3,4,1 status=TIMEOUT layouts=0/3 complete=False time=00:01:00
[GLOBAL] [##--------------------------] done=102/1267 (8.05%) covered=1019 layouts=1558 running=8/14 remaining=1165 elapsed=01:30:00 rate=1.13 sig/min ETA=17:07:56
[COVERAGE] selected_mass(global)=39.926% covered_mass(global contribution)=32.768%
[LONGEST] id=7052 rank=2530 left=1,4,3,1,1,3,4 elapsed=00:00:54
[RETURN id=07052 rank=02530] left=1,4,3,1,1,3,4 status=TIMEOUT layouts=2/3 complete=False time=00:01:00
[RETURN id=07064 rank=02533] left=1,4,3,1,3,4,1 status=TIMEOUT layouts=1/3 complete=False time=00:01:00
[RETURN id=07134 rank=02539] left=1,4,3,4,1,1,3 status=TIMEOUT layouts=2/3 complete=False time=00:01:00
[RETURN id=07136 rank=02540] left=1,4,3,4,1,3,1 status=TIMEOUT layouts=2/3 complete=False time=00:01:00
[GLOBAL] [##--------------------------] done=102/1267 (8.05%) covered=1020 layouts=1562 running=4/14 remaining=1165 elapsed=01:30:30 rate=1.13 sig/min ETA=17:13:39
[COVERAGE] selected_mass(global)=39.926% covered_mass(global contribution)=32.775%
[LONGEST] id=7196 rank=2542 left=1,4,4,1,1,3,3 elapsed=00:01:00
[RETURN id=07196 rank=02542] left=1,4,4,1,1,3,3 status=TIMEOUT layouts=1/3 complete=False time=00:01:00
[RETURN id=07206 rank=02543] left=1,4,4,1,3,1,3 status=TIMEOUT layouts=0/3 complete=False time=00:01:00
[RETURN id=07258 rank=02547] left=1,4,4,3,3,1,1 status=TIMEOUT layouts=2/3 complete=False time=00:01:00
[RETURN id=13312 rank=02548] left=3,1,1,1,3,4,4 status=TIMEOUT layouts=2/3 complete=False time=00:01:00
[GLOBAL] [##--------------------------] done=102/1267 (8.05%) covered=1021 layouts=1565 running=0/14 remaining=1165 elapsed=01:30:44 rate=1.12 sig/min ETA=17:16:19
[COVERAGE] selected_mass(global)=39.926% covered_mass(global contribution)=32.782%
[SCAN] 运行结束，做一次最终磁盘校正……

===== V5.1 汇总 =====
[GLOBAL] [##--------------------------] done=102/1267 (8.05%) covered=1021 layouts=1565 running=0/14 remaining=1165 elapsed=01:30:44 rate=1.12 sig/min ETA=17:16:20
[COVERAGE] selected_mass(global)=39.926% covered_mass(global contribution)=32.782%
status_counts={'QUOTA_REACHED': 102, 'TIMEOUT': 1165}
library : /home/zhl/SingleArmTetris/SingleArmTetris/src/tools/找最优解/layouts_260_v5_shard0/library_shard00of02.jsonl (1565 layouts)
progress: /home/zhl/SingleArmTetris/SingleArmTetris/src/tools/找最优解/layouts_260_v5_shard0/progress_shard00of02.json
summary : /home/zhl/SingleArmTetris/SingleArmTetris/src/tools/找最优解/layouts_260_v5_shard0/summary_shard00of02.json
errors=0
仍有 timeout/未完成 signature；可增大 --task-time 后使用 --resume 继续。
