V5.1：V5求解逻辑 + 内存增量进度统计；运行中不再全目录扫描。
候选 placement 数量：2021
理论左右 signature：24017（sum(left)=17）
top-N 在 shard 前理论概率覆盖：95.135%
当前 shard：3505 signatures, shard=0/2
每 signature 目标布局数 K=1; 外层 jobs=14; CP workers=1
单 signature 本次时间：20s; heartbeat=30s
[SCAN] 启动时扫描已有结果……
启动前：done=0/3505, covered=0, layouts=0, pending=3505
[GLOBAL] [----------------------------] done=0/3505 (0.00%) covered=0 layouts=0 running=0/14 remaining=3505 elapsed=00:00:00 rate=0.00 sig/min ETA=?
[COVERAGE] selected_mass(global)=47.579% covered_mass(global contribution)=0.000%
[RETURN id=10642 rank=00014] left=2,3,2,3,2,2,3 status=QUOTA_REACHED layouts=1/1 complete=True time=00:00:08
[RETURN id=09966 rank=00008] left=2,2,3,3,2,2,3 status=QUOTA_REACHED layouts=1/1 complete=True time=00:00:15
[RETURN id=09972 rank=00010] left=2,2,3,3,3,2,2 status=QUOTA_REACHED layouts=1/1 complete=True time=00:00:19
[RETURN id=09812 rank=00002] left=2,2,2,3,2,3,3 status=QUOTA_REACHED layouts=1/1 complete=True time=00:00:20
[RETURN id=14448 rank=00027] left=3,2,3,2,2,2,3 status=TIMEOUT layouts=0/1 complete=False time=00:00:20
[RETURN id=09818 rank=00004] left=2,2,2,3,3,3,2 status=TIMEOUT layouts=0/1 complete=False time=00:00:20
[RETURN id=14294 rank=00021] left=3,2,2,2,2,3,3 status=TIMEOUT layouts=0/1 complete=False time=00:00:20
[RETURN id=10648 rank=00016] left=2,3,2,3,3,2,2 status=TIMEOUT layouts=0/1 complete=False time=00:00:20
[RETURN id=10768 rank=00018] left=2,3,3,2,2,3,2 status=TIMEOUT layouts=0/1 complete=False time=00:00:20
[RETURN id=14324 rank=00025] left=3,2,2,3,2,3,2 status=TIMEOUT layouts=0/1 complete=False time=00:00:20
[RETURN id=14300 rank=00023] left=3,2,2,2,3,3,2 status=TIMEOUT layouts=0/1 complete=False time=00:00:20
[RETURN id=10618 rank=00012] left=2,3,2,2,3,2,3 status=TIMEOUT layouts=0/1 complete=False time=00:00:20
[RETURN id=09942 rank=00006] left=2,2,3,2,3,2,3 status=TIMEOUT layouts=0/1 complete=False time=00:00:20
[RETURN id=10796 rank=00020] left=2,3,3,3,2,2,2 status=TIMEOUT layouts=0/1 complete=False time=00:00:20
[GLOBAL] [----------------------------] done=4/3505 (0.11%) covered=4 layouts=4 running=14/14 remaining=3501 elapsed=00:00:30 rate=8.00 sig/min ETA=07:17:38
[COVERAGE] selected_mass(global)=47.579% covered_mass(global contribution)=0.882%
[LONGEST] id=14454 rank=29 left=3,2,3,2,3,2,2 elapsed=00:00:21
[RETURN id=14454 rank=00029] left=3,2,3,2,3,2,2 status=TIMEOUT layouts=0/1 complete=False time=00:00:20
[RETURN id=06256 rank=00045] left=1,3,3,2,2,3,3 status=QUOTA_REACHED layouts=1/1 complete=True time=00:00:10
[RETURN id=09162 rank=00054] left=2,1,3,3,3,2,3 status=QUOTA_REACHED layouts=1/1 complete=True time=00:00:12
[RETURN id=15104 rank=00032] left=3,3,2,2,2,3,2 status=TIMEOUT layouts=0/1 complete=False time=00:00:20
[RETURN id=15132 rank=00034] left=3,3,2,3,2,2,2 status=TIMEOUT layouts=0/1 complete=False time=00:00:20
[RETURN id=05338 rank=00036] left=1,2,2,3,3,3,3 status=TIMEOUT layouts=0/1 complete=False time=00:00:20
[RETURN id=09134 rank=00052] left=2,1,3,2,3,3,3 status=TIMEOUT layouts=0/1 complete=False time=00:00:20
[RETURN id=05482 rank=00040] left=1,2,3,3,3,3,2 status=TIMEOUT layouts=0/1 complete=False time=00:00:20
[RETURN id=06108 rank=00041] left=1,3,2,2,3,3,3 status=TIMEOUT layouts=0/1 complete=False time=00:00:20
[RETURN id=05476 rank=00038] left=1,2,3,3,2,3,3 status=TIMEOUT layouts=0/1 complete=False time=00:00:20
[RETURN id=06262 rank=00047] left=1,3,3,2,3,3,2 status=TIMEOUT layouts=0/1 complete=False time=00:00:20
[RETURN id=06136 rank=00043] left=1,3,2,3,3,2,3 status=TIMEOUT layouts=0/1 complete=False time=00:00:20
[RETURN id=06286 rank=00049] left=1,3,3,3,2,3,2 status=TIMEOUT layouts=0/1 complete=False time=00:00:20
[RETURN id=09674 rank=00056] left=2,2,1,3,3,3,3 status=TIMEOUT layouts=0/1 complete=False time=00:00:20
[RETURN id=09784 rank=00057] left=2,2,2,2,2,3,4 status=QUOTA_REACHED layouts=1/1 complete=True time=00:00:17
[RETURN id=09788 rank=00059] left=2,2,2,2,3,2,4 status=TIMEOUT layouts=0/1 complete=False time=00:00:20
[RETURN id=10488 rank=00082] left=2,3,1,3,2,3,3 status=QUOTA_REACHED layouts=1/1 complete=True time=00:00:12
[RETURN id=09938 rank=00071] left=2,2,3,2,2,4,2 status=QUOTA_REACHED layouts=1/1 complete=True time=00:00:13
[RETURN id=09790 rank=00060] left=2,2,2,2,3,4,2 status=TIMEOUT layouts=0/1 complete=False time=00:00:20
[RETURN id=09794 rank=00061] left=2,2,2,2,4,2,3 status=TIMEOUT layouts=0/1 complete=False time=00:00:20
[GLOBAL] [----------------------------] done=9/3505 (0.26%) covered=9 layouts=9 running=14/14 remaining=3496 elapsed=00:01:00 rate=9.00 sig/min ETA=06:28:27
[COVERAGE] selected_mass(global)=47.579% covered_mass(global contribution)=1.432%
[LONGEST] id=9842 rank=67 left=2,2,2,4,2,3,2 elapsed=00:00:20
[RETURN id=09842 rank=00067] left=2,2,2,4,2,3,2 status=TIMEOUT layouts=0/1 complete=False time=00:00:20
[RETURN id=10494 rank=00084] left=2,3,1,3,3,3,2 status=QUOTA_REACHED layouts=1/1 complete=True time=00:00:18
[RETURN id=09936 rank=00070] left=2,2,3,2,2,2,4 status=TIMEOUT layouts=0/1 complete=False time=00:00:20
[RETURN id=09914 rank=00069] left=2,2,3,1,3,3,3 status=TIMEOUT layouts=0/1 complete=False time=00:00:20
[RETURN id=10092 rank=00078] left=2,2,4,2,2,3,2 status=TIMEOUT layouts=0/1 complete=False time=00:00:20
[RETURN id=09948 rank=00072] left=2,2,3,2,4,2,2 status=TIMEOUT layouts=0/1 complete=False time=00:00:20
[RETURN id=10120 rank=00080] left=2,2,4,3,2,2,2 status=TIMEOUT layouts=0/1 complete=False time=00:00:20
[RETURN id=10590 rank=00085] left=2,3,2,1,3,3,3 status=TIMEOUT layouts=0/1 complete=False time=00:00:20
[RETURN id=10612 rank=00086] left=2,3,2,2,2,2,4 status=TIMEOUT layouts=0/1 complete=False time=00:00:20
[RETURN id=10624 rank=00088] left=2,3,2,2,4,2,2 status=QUOTA_REACHED layouts=1/1 complete=True time=00:00:15
[RETURN id=10614 rank=00087] left=2,3,2,2,2,4,2 status=TIMEOUT layouts=0/1 complete=False time=00:00:20
[RETURN id=10800 rank=00103] left=2,3,3,3,3,1,2 status=QUOTA_REACHED layouts=1/1 complete=True time=00:00:12
[RETURN id=10738 rank=00093] left=2,3,3,1,2,3,3 status=TIMEOUT layouts=0/1 complete=False time=00:00:20
[RETURN id=10744 rank=00095] left=2,3,3,1,3,3,2 status=TIMEOUT layouts=0/1 complete=False time=00:00:20
[RETURN id=10762 rank=00096] left=2,3,3,2,1,3,3 status=TIMEOUT layouts=0/1 complete=False time=00:00:20
[RETURN id=10774 rank=00098] left=2,3,3,2,3,3,1 status=TIMEOUT layouts=0/1 complete=False time=00:00:20
[RETURN id=10772 rank=00097] left=2,3,3,2,3,1,3 status=TIMEOUT layouts=0/1 complete=False time=00:00:20
[RETURN id=10790 rank=00099] left=2,3,3,3,1,2,3 status=TIMEOUT layouts=0/1 complete=False time=00:00:20
[RETURN id=11422 rank=00106] left=2,4,2,2,2,2,3 status=TIMEOUT layouts=0/1 complete=False time=00:00:20
[RETURN id=11428 rank=00108] left=2,4,2,2,3,2,2 status=TIMEOUT layouts=0/1 complete=False time=00:00:20
[RETURN id=11566 rank=00110] left=2,4,3,2,2,2,2 status=TIMEOUT layouts=0/1 complete=False time=00:00:20
[RETURN id=13470 rank=00111] left=3,1,2,2,3,3,3 status=TIMEOUT layouts=0/1 complete=False time=00:00:20
[GLOBAL] [----------------------------] done=12/3505 (0.34%) covered=12 layouts=12 running=14/14 remaining=3493 elapsed=00:01:30 rate=8.00 sig/min ETA=07:16:38
[COVERAGE] selected_mass(global)=47.579% covered_mass(global contribution)=1.763%
[LONGEST] id=13498 rank=113 left=3,1,2,3,3,2,3 elapsed=00:00:20
[RETURN id=13498 rank=00113] left=3,1,2,3,3,2,3 status=TIMEOUT layouts=0/1 complete=False time=00:00:20
[RETURN id=13618 rank=00115] left=3,1,3,2,2,3,3 status=TIMEOUT layouts=0/1 complete=False time=00:00:20
[RETURN id=14318 rank=00129] left=3,2,2,3,1,3,3 status=QUOTA_REACHED layouts=1/1 complete=True time=00:00:13
[RETURN id=13624 rank=00117] left=3,1,3,2,3,3,2 status=TIMEOUT layouts=0/1 complete=False time=00:00:20
[RETURN id=13648 rank=00119] left=3,1,3,3,2,3,2 status=TIMEOUT layouts=0/1 complete=False time=00:00:20
[RETURN id=14146 rank=00121] left=3,2,1,2,3,3,3 status=TIMEOUT layouts=0/1 complete=False time=00:00:20
[RETURN id=14174 rank=00123] left=3,2,1,3,3,2,3 status=TIMEOUT layouts=0/1 complete=False time=00:00:20
[RETURN id=14328 rank=00130] left=3,2,2,3,3,1,3 status=TIMEOUT layouts=0/1 complete=False time=00:00:20
[RETURN id=14330 rank=00131] left=3,2,2,3,3,3,1 status=TIMEOUT layouts=0/1 complete=False time=00:00:20
[RETURN id=14352 rank=00132] left=3,2,2,4,2,2,2 status=TIMEOUT layouts=0/1 complete=False time=00:00:20
[RETURN id=14424 rank=00134] left=3,2,3,1,3,2,3 status=TIMEOUT layouts=0/1 complete=False time=00:00:20
[RETURN id=14472 rank=00140] left=3,2,3,3,1,3,2 status=TIMEOUT layouts=0/1 complete=False time=00:00:20
[RETURN id=14476 rank=00141] left=3,2,3,3,2,1,3 status=TIMEOUT layouts=0/1 complete=False time=00:00:20
[RETURN id=14478 rank=00142] left=3,2,3,3,2,3,1 status=TIMEOUT layouts=0/1 complete=False time=00:00:20
[RETURN id=14482 rank=00144] left=3,2,3,3,3,2,1 status=TIMEOUT layouts=0/1 complete=False time=00:00:20
[RETURN id=14978 rank=00149] left=3,3,1,3,2,2,3 status=QUOTA_REACHED layouts=1/1 complete=True time=00:00:17
[RETURN id=14592 rank=00145] left=3,2,4,2,2,2,2 status=TIMEOUT layouts=0/1 complete=False time=00:00:20
[RETURN id=14954 rank=00147] left=3,3,1,2,3,2,3 status=TIMEOUT layouts=0/1 complete=False time=00:00:20
[RETURN id=14984 rank=00151] left=3,3,1,3,3,2,2 status=TIMEOUT layouts=0/1 complete=False time=00:00:20
[RETURN id=15074 rank=00152] left=3,3,2,1,2,3,3 status=TIMEOUT layouts=0/1 complete=False time=00:00:20
[RETURN id=15080 rank=00154] left=3,3,2,1,3,3,2 status=TIMEOUT layouts=0/1 complete=False time=00:00:20
[GLOBAL] [----------------------------] done=14/3505 (0.40%) covered=14 layouts=14 running=14/14 remaining=3491 elapsed=00:02:00 rate=7.00 sig/min ETA=08:18:43
[COVERAGE] selected_mass(global)=47.579% covered_mass(global contribution)=1.983%
[LONGEST] id=15098 rank=155 left=3,3,2,2,1,3,3 elapsed=00:00:17
[RETURN id=15242 rank=00168] left=3,3,3,2,1,3,2 status=QUOTA_REACHED layouts=1/1 complete=True time=00:00:10
[RETURN id=15108 rank=00156] left=3,3,2,2,3,1,3 status=TIMEOUT layouts=0/1 complete=False time=00:00:20
[RETURN id=15098 rank=00155] left=3,3,2,2,1,3,3 status=TIMEOUT layouts=0/1 complete=False time=00:00:20
[RETURN id=15110 rank=00157] left=3,3,2,2,3,3,1 status=TIMEOUT layouts=0/1 complete=False time=00:00:20
[RETURN id=15126 rank=00158] left=3,3,2,3,1,2,3 status=TIMEOUT layouts=0/1 complete=False time=00:00:20
[RETURN id=15136 rank=00162] left=3,3,2,3,3,1,2 status=TIMEOUT layouts=0/1 complete=False time=00:00:20
[RETURN id=15218 rank=00164] left=3,3,3,1,2,2,3 status=TIMEOUT layouts=0/1 complete=False time=00:00:20
[RETURN id=15224 rank=00166] left=3,3,3,1,3,2,2 status=TIMEOUT layouts=0/1 complete=False time=00:00:20
[RETURN id=15246 rank=00169] left=3,3,3,2,2,1,3 status=QUOTA_REACHED layouts=1/1 complete=True time=00:00:16
[RETURN id=15248 rank=00170] left=3,3,3,2,2,3,1 status=TIMEOUT layouts=0/1 complete=False time=00:00:20
[RETURN id=15252 rank=00172] left=3,3,3,2,3,2,1 status=TIMEOUT layouts=0/1 complete=False time=00:00:20
[RETURN id=15272 rank=00175] left=3,3,3,3,2,2,1 status=TIMEOUT layouts=0/1 complete=False time=00:00:20
[RETURN id=15842 rank=00176] left=3,4,2,2,2,2,2 status=TIMEOUT layouts=0/1 complete=False time=00:00:20
[RETURN id=18590 rank=00178] left=4,2,2,2,2,3,2 status=TIMEOUT layouts=0/1 complete=False time=00:00:20
[RETURN id=05452 rank=00198] left=1,2,3,2,3,2,4 status=QUOTA_REACHED layouts=1/1 complete=True time=00:00:13
[RETURN id=18618 rank=00180] left=4,2,2,3,2,2,2 status=TIMEOUT layouts=0/1 complete=False time=00:00:20
[RETURN id=05314 rank=00185] left=1,2,2,2,3,4,3 status=TIMEOUT layouts=0/1 complete=False time=00:00:20
[RETURN id=19328 rank=00182] left=4,3,2,2,2,2,2 status=TIMEOUT layouts=0/1 complete=False time=00:00:20
[RETURN id=05318 rank=00186] left=1,2,2,2,4,3,3 status=TIMEOUT layouts=0/1 complete=False time=00:00:20
[RETURN id=05334 rank=00188] left=1,2,2,3,2,4,3 status=TIMEOUT layouts=0/1 complete=False time=00:00:20
[RETURN id=05366 rank=00194] left=1,2,2,4,3,2,3 status=TIMEOUT layouts=0/1 complete=False time=00:00:20
[RETURN id=05344 rank=00192] left=1,2,2,3,4,3,2 status=TIMEOUT layouts=0/1 complete=False time=00:00:20
[RETURN id=05448 rank=00196] left=1,2,3,2,2,3,4 status=TIMEOUT layouts=0/1 complete=False time=00:00:20
[GLOBAL] [----------------------------] done=17/3505 (0.49%) covered=17 layouts=17 running=14/14 remaining=3488 elapsed=00:02:30 rate=6.80 sig/min ETA=08:32:57
[COVERAGE] selected_mass(global)=47.579% covered_mass(global contribution)=2.259%
[LONGEST] id=5454 rank=199 left=1,2,3,2,3,4,2 elapsed=00:00:17
[RETURN id=05454 rank=00199] left=1,2,3,2,3,4,2 status=TIMEOUT layouts=0/1 complete=False time=00:00:20
[RETURN id=05458 rank=00200] left=1,2,3,2,4,2,3 status=TIMEOUT layouts=0/1 complete=False time=00:00:20
[RETURN id=05506 rank=00206] left=1,2,3,4,2,3,2 status=TIMEOUT layouts=0/1 complete=False time=00:00:20
[RETURN id=05606 rank=00209] left=1,2,4,2,3,2,3 status=TIMEOUT layouts=0/1 complete=False time=00:00:20
[RETURN id=05630 rank=00211] left=1,2,4,3,2,2,3 status=TIMEOUT layouts=0/1 complete=False time=00:00:20
[RETURN id=06280 rank=00231] left=1,3,3,3,1,3,3 status=QUOTA_REACHED layouts=1/1 complete=True time=00:00:14
[RETURN id=05636 rank=00213] left=1,2,4,3,3,2,2 status=TIMEOUT layouts=0/1 complete=False time=00:00:20
[RETURN id=06104 rank=00216] left=1,3,2,2,2,4,3 status=TIMEOUT layouts=0/1 complete=False time=00:00:20
[RETURN id=06114 rank=00220] left=1,3,2,2,4,3,2 status=TIMEOUT layouts=0/1 complete=False time=00:00:20
[RETURN id=06130 rank=00221] left=1,3,2,3,2,2,4 status=TIMEOUT layouts=0/1 complete=False time=00:00:20
[RETURN id=06132 rank=00222] left=1,3,2,3,2,4,2 status=TIMEOUT layouts=0/1 complete=False time=00:00:20
[RETURN id=06142 rank=00223] left=1,3,2,3,4,2,2 status=TIMEOUT layouts=0/1 complete=False time=00:00:20
[RETURN id=06160 rank=00224] left=1,3,2,4,2,2,3 status=TIMEOUT layouts=0/1 complete=False time=00:00:20
[RETURN id=06166 rank=00226] left=1,3,2,4,3,2,2 status=TIMEOUT layouts=0/1 complete=False time=00:00:20
[RETURN id=06290 rank=00232] left=1,3,3,3,3,1,3 status=QUOTA_REACHED layouts=1/1 complete=True time=00:00:16
[RETURN id=06932 rank=00239] left=1,4,2,2,2,3,3 status=QUOTA_REACHED layouts=1/1 complete=True time=00:00:09
[RETURN id=06292 rank=00233] left=1,3,3,3,3,3,1 status=TIMEOUT layouts=0/1 complete=False time=00:00:20
[RETURN id=09042 rank=00258] left=2,1,2,4,2,3,3 status=QUOTA_REACHED layouts=1/1 complete=True time=00:00:05
[RETURN id=06410 rank=00235] left=1,3,4,2,2,2,3 status=QUOTA_REACHED layouts=1/1 complete=True time=00:00:19
[GLOBAL] [----------------------------] done=22/3505 (0.63%) covered=22 layouts=22 running=14/14 remaining=3483 elapsed=00:03:00 rate=7.33 sig/min ETA=07:54:57
[COVERAGE] selected_mass(global)=47.579% covered_mass(global contribution)=2.534%
[LONGEST] id=6314 rank=234 left=1,3,3,4,2,2,2 elapsed=00:00:21
[RETURN id=06314 rank=00234] left=1,3,3,4,2,2,2 status=TIMEOUT layouts=0/1 complete=False time=00:00:20
[RETURN id=06416 rank=00237] left=1,3,4,2,3,2,2 status=TIMEOUT layouts=0/1 complete=False time=00:00:20
[RETURN id=06938 rank=00241] left=1,4,2,2,3,3,2 status=TIMEOUT layouts=0/1 complete=False time=00:00:20
[RETURN id=09014 rank=00252] left=2,1,2,3,2,3,4 status=QUOTA_REACHED layouts=1/1 complete=True time=00:00:18
[RETURN id=06962 rank=00243] left=1,4,2,3,2,3,2 status=TIMEOUT layouts=0/1 complete=False time=00:00:20
[RETURN id=07086 rank=00245] left=1,4,3,2,2,2,3 status=TIMEOUT layouts=0/1 complete=False time=00:00:20
[RETURN id=08994 rank=00249] left=2,1,2,2,3,3,4 status=TIMEOUT layouts=0/1 complete=False time=00:00:20
[RETURN id=07092 rank=00247] left=1,4,3,2,3,2,2 status=TIMEOUT layouts=0/1 complete=False time=00:00:20
[RETURN id=09130 rank=00262] left=2,1,3,2,2,4,3 status=QUOTA_REACHED layouts=1/1 complete=True time=00:00:10
[RETURN id=09018 rank=00254] left=2,1,2,3,3,2,4 status=TIMEOUT layouts=0/1 complete=False time=00:00:20
[RETURN id=09020 rank=00255] left=2,1,2,3,3,4,2 status=TIMEOUT layouts=0/1 complete=False time=00:00:20
[RETURN id=09024 rank=00256] left=2,1,2,3,4,2,3 status=TIMEOUT layouts=0/1 complete=False time=00:00:20
[RETURN id=09048 rank=00260] left=2,1,2,4,3,3,2 status=TIMEOUT layouts=0/1 complete=False time=00:00:20
[RETURN id=09140 rank=00266] left=2,1,3,2,4,3,2 status=TIMEOUT layouts=0/1 complete=False time=00:00:20
[RETURN id=09156 rank=00267] left=2,1,3,3,2,2,4 status=TIMEOUT layouts=0/1 complete=False time=00:00:20
[RETURN id=09158 rank=00268] left=2,1,3,3,2,4,2 status=TIMEOUT layouts=0/1 complete=False time=00:00:20
[RETURN id=09168 rank=00269] left=2,1,3,3,4,2,2 status=TIMEOUT layouts=0/1 complete=False time=00:00:20
[RETURN id=09186 rank=00270] left=2,1,3,4,2,2,3 status=TIMEOUT layouts=0/1 complete=False time=00:00:20
[RETURN id=09192 rank=00272] left=2,1,3,4,3,2,2 status=TIMEOUT layouts=0/1 complete=False time=00:00:20
[RETURN id=09282 rank=00273] left=2,1,4,2,2,3,3 status=TIMEOUT layouts=0/1 complete=False time=00:00:20
[RETURN id=09288 rank=00275] left=2,1,4,2,3,3,2 status=TIMEOUT layouts=0/1 complete=False time=00:00:20
[RETURN id=09312 rank=00277] left=2,1,4,3,2,3,2 status=TIMEOUT layouts=0/1 complete=False time=00:00:20
[RETURN id=09650 rank=00280] left=2,2,1,2,3,4,3 status=TIMEOUT layouts=0/1 complete=False time=00:00:20
[RETURN id=09654 rank=00281] left=2,2,1,2,4,3,3 status=TIMEOUT layouts=0/1 complete=False time=00:00:20
[GLOBAL] [----------------------------] done=24/3505 (0.68%) covered=24 layouts=24 running=14/14 remaining=3481 elapsed=00:03:30 rate=6.86 sig/min ETA=08:27:39
[COVERAGE] selected_mass(global)=47.579% covered_mass(global contribution)=2.645%
[LONGEST] id=9670 rank=283 left=2,2,1,3,2,4,3 elapsed=00:00:21
[RETURN id=09670 rank=00283] left=2,2,1,3,2,4,3 status=TIMEOUT layouts=0/1 complete=False time=00:00:20
[RETURN id=09680 rank=00287] left=2,2,1,3,4,3,2 status=TIMEOUT layouts=0/1 complete=False time=00:00:20
[RETURN id=09822 rank=00298] left=2,2,2,3,4,1,3 status=QUOTA_REACHED layouts=1/1 complete=True time=00:00:13
[RETURN id=09702 rank=00289] left=2,2,1,4,3,2,3 status=TIMEOUT layouts=0/1 complete=False time=00:00:20
[RETURN id=09764 rank=00291] left=2,2,2,1,3,3,4 status=TIMEOUT layouts=0/1 complete=False time=00:00:20
[RETURN id=09808 rank=00295] left=2,2,2,3,1,4,3 status=TIMEOUT layouts=0/1 complete=False time=00:00:20
[RETURN id=09816 rank=00296] left=2,2,2,3,3,1,4 status=TIMEOUT layouts=0/1 complete=False time=00:00:20
[RETURN id=09824 rank=00299] left=2,2,2,3,4,3,1 status=TIMEOUT layouts=0/1 complete=False time=00:00:20
[RETURN id=09836 rank=00300] left=2,2,2,4,1,3,3 status=TIMEOUT layouts=0/1 complete=False time=00:00:20
[RETURN id=09846 rank=00301] left=2,2,2,4,3,1,3 status=TIMEOUT layouts=0/1 complete=False time=00:00:20
[RETURN id=09910 rank=00304] left=2,2,3,1,2,4,3 status=TIMEOUT layouts=0/1 complete=False time=00:00:20
[RETURN id=09848 rank=00302] left=2,2,2,4,3,3,1 status=TIMEOUT layouts=0/1 complete=False time=00:00:20
[RETURN id=09920 rank=00308] left=2,2,3,1,4,3,2 status=TIMEOUT layouts=0/1 complete=False time=00:00:20
[RETURN id=09932 rank=00309] left=2,2,3,2,1,3,4 status=TIMEOUT layouts=0/1 complete=False time=00:00:20
[RETURN id=09944 rank=00312] left=2,2,3,2,3,4,1 status=TIMEOUT layouts=0/1 complete=False time=00:00:20
[RETURN id=09960 rank=00315] left=2,2,3,3,1,2,4 status=TIMEOUT layouts=0/1 complete=False time=00:00:20
[RETURN id=09962 rank=00316] left=2,2,3,3,1,4,2 status=TIMEOUT layouts=0/1 complete=False time=00:00:20
[RETURN id=09968 rank=00318] left=2,2,3,3,2,4,1 status=TIMEOUT layouts=0/1 complete=False time=00:00:20
[RETURN id=09976 rank=00319] left=2,2,3,3,4,1,2 status=QUOTA_REACHED layouts=1/1 complete=True time=00:00:19
[GLOBAL] [----------------------------] done=26/3505 (0.74%) covered=26 layouts=26 running=14/14 remaining=3479 elapsed=00:04:00 rate=6.50 sig/min ETA=08:55:14
[COVERAGE] selected_mass(global)=47.579% covered_mass(global contribution)=2.755%
[LONGEST] id=9990 rank=322 left=2,2,3,4,1,3,2 elapsed=00:00:18
[RETURN id=09990 rank=00322] left=2,2,3,4,1,3,2 status=TIMEOUT layouts=0/1 complete=False time=00:00:20
[RETURN id=09994 rank=00323] left=2,2,3,4,2,1,3 status=TIMEOUT layouts=0/1 complete=False time=00:00:20
[RETURN id=09996 rank=00324] left=2,2,3,4,2,3,1 status=TIMEOUT layouts=0/1 complete=False time=00:00:20
[RETURN id=10068 rank=00329] left=2,2,4,1,3,3,2 status=TIMEOUT layouts=0/1 complete=False time=00:00:20
[RETURN id=10000 rank=00326] left=2,2,3,4,3,2,1 status=TIMEOUT layouts=0/1 complete=False time=00:00:20
[RETURN id=10062 rank=00327] left=2,2,4,1,2,3,3 status=TIMEOUT layouts=0/1 complete=False time=00:00:20
[RETURN id=10086 rank=00330] left=2,2,4,2,1,3,3 status=TIMEOUT layouts=0/1 complete=False time=00:00:20
[RETURN id=10096 rank=00331] left=2,2,4,2,3,1,3 status=TIMEOUT layouts=0/1 complete=False time=00:00:20
[RETURN id=10098 rank=00332] left=2,2,4,2,3,3,1 status=TIMEOUT layouts=0/1 complete=False time=00:00:20
[RETURN id=10114 rank=00333] left=2,2,4,3,1,2,3 status=TIMEOUT layouts=0/1 complete=False time=00:00:20
[RETURN id=10124 rank=00337] left=2,2,4,3,3,1,2 status=TIMEOUT layouts=0/1 complete=False time=00:00:20
[RETURN id=10620 rank=00360] left=2,3,2,2,3,4,1 status=QUOTA_REACHED layouts=1/1 complete=True time=00:00:08
[RETURN id=10636 rank=00363] left=2,3,2,3,1,2,4 status=QUOTA_REACHED layouts=1/1 complete=True time=00:00:09
[RETURN id=10460 rank=00339] left=2,3,1,2,2,3,4 status=TIMEOUT layouts=0/1 complete=False time=00:00:20
[RETURN id=10466 rank=00342] left=2,3,1,2,3,4,2 status=TIMEOUT layouts=0/1 complete=False time=00:00:20
[RETURN id=10464 rank=00341] left=2,3,1,2,3,2,4 status=TIMEOUT layouts=0/1 complete=False time=00:00:20
[RETURN id=10518 rank=00349] left=2,3,1,4,2,3,2 status=TIMEOUT layouts=0/1 complete=False time=00:00:20
[RETURN id=10470 rank=00343] left=2,3,1,2,4,2,3 status=TIMEOUT layouts=0/1 complete=False time=00:00:20
[RETURN id=10586 rank=00352] left=2,3,2,1,2,4,3 status=TIMEOUT layouts=0/1 complete=False time=00:00:20
[RETURN id=10596 rank=00356] left=2,3,2,1,4,3,2 status=TIMEOUT layouts=0/1 complete=False time=00:00:20
[GLOBAL] [----------------------------] done=28/3505 (0.80%) covered=28 layouts=28 running=14/14 remaining=3477 elapsed=00:04:30 rate=6.22 sig/min ETA=09:18:48
[COVERAGE] selected_mass(global)=47.579% covered_mass(global contribution)=2.865%
[LONGEST] id=10608 rank=357 left=2,3,2,2,1,3,4 elapsed=00:00:21
[RETURN id=10608 rank=00357] left=2,3,2,2,1,3,4 status=TIMEOUT layouts=0/1 complete=False time=00:00:20
[RETURN id=10638 rank=00364] left=2,3,2,3,1,4,2 status=TIMEOUT layouts=0/1 complete=False time=00:00:20
[RETURN id=10644 rank=00366] left=2,3,2,3,2,4,1 status=TIMEOUT layouts=0/1 complete=False time=00:00:20
[RETURN id=10652 rank=00367] left=2,3,2,3,4,1,2 status=TIMEOUT layouts=0/1 complete=False time=00:00:20
[RETURN id=10666 rank=00370] left=2,3,2,4,1,3,2 status=TIMEOUT layouts=0/1 complete=False time=00:00:20
[RETURN id=10670 rank=00371] left=2,3,2,4,2,1,3 status=TIMEOUT layouts=0/1 complete=False time=00:00:20
[RETURN id=10672 rank=00372] left=2,3,2,4,2,3,1 status=TIMEOUT layouts=0/1 complete=False time=00:00:20
[RETURN id=10676 rank=00374] left=2,3,2,4,3,2,1 status=TIMEOUT layouts=0/1 complete=False time=00:00:20
[RETURN id=10766 rank=00380] left=2,3,3,2,2,1,4 status=TIMEOUT layouts=0/1 complete=False time=00:00:20
[RETURN id=10778 rank=00383] left=2,3,3,2,4,2,1 status=TIMEOUT layouts=0/1 complete=False time=00:00:20
[RETURN id=10816 rank=00384] left=2,3,3,4,1,2,2 status=TIMEOUT layouts=0/1 complete=False time=00:00:20
[RETURN id=10820 rank=00385] left=2,3,3,4,2,1,2 status=TIMEOUT layouts=0/1 complete=False time=00:00:20
[RETURN id=10882 rank=00387] left=2,3,4,1,2,2,3 status=TIMEOUT layouts=0/1 complete=False time=00:00:20
[RETURN id=10888 rank=00389] left=2,3,4,1,3,2,2 status=TIMEOUT layouts=0/1 complete=False time=00:00:20
[RETURN id=10906 rank=00391] left=2,3,4,2,1,3,2 status=TIMEOUT layouts=0/1 complete=False time=00:00:20
[RETURN id=10910 rank=00392] left=2,3,4,2,2,1,3 status=QUOTA_REACHED layouts=1/1 complete=True time=00:00:20
[RETURN id=10916 rank=00395] left=2,3,4,2,3,2,1 status=TIMEOUT layouts=0/1 complete=False time=00:00:20
[RETURN id=10912 rank=00393] left=2,3,4,2,2,3,1 status=TIMEOUT layouts=0/1 complete=False time=00:00:20
[RETURN id=10936 rank=00398] left=2,3,4,3,2,2,1 status=TIMEOUT layouts=0/1 complete=False time=00:00:20
[RETURN id=11268 rank=00399] left=2,4,1,2,2,3,3 status=TIMEOUT layouts=0/1 complete=False time=00:00:20
[RETURN id=11274 rank=00401] left=2,4,1,2,3,3,2 status=TIMEOUT layouts=0/1 complete=False time=00:00:20
[GLOBAL] [----------------------------] done=29/3505 (0.83%) covered=29 layouts=29 running=14/14 remaining=3476 elapsed=00:05:00 rate=5.80 sig/min ETA=09:59:19
[COVERAGE] selected_mass(global)=47.579% covered_mass(global contribution)=2.920%
[LONGEST] id=11298 rank=403 left=2,4,1,3,2,3,2 elapsed=00:00:20
[RETURN id=11298 rank=00403] left=2,4,1,3,2,3,2 status=TIMEOUT layouts=0/1 complete=False time=00:00:20
[RETURN id=11398 rank=00406] left=2,4,2,1,3,2,3 status=TIMEOUT layouts=0/1 complete=False time=00:00:20
[RETURN id=11446 rank=00412] left=2,4,2,3,1,3,2 status=TIMEOUT layouts=0/1 complete=False time=00:00:20
[RETURN id=11450 rank=00413] left=2,4,2,3,2,1,3 status=TIMEOUT layouts=0/1 complete=False time=00:00:20
[RETURN id=11452 rank=00414] left=2,4,2,3,2,3,1 status=TIMEOUT layouts=0/1 complete=False time=00:00:20
[RETURN id=11456 rank=00416] left=2,4,2,3,3,2,1 status=TIMEOUT layouts=0/1 complete=False time=00:00:20
[RETURN id=11538 rank=00418] left=2,4,3,1,2,3,2 status=TIMEOUT layouts=0/1 complete=False time=00:00:20
[RETURN id=11560 rank=00420] left=2,4,3,2,1,2,3 status=TIMEOUT layouts=0/1 complete=False time=00:00:20
[RETURN id=11570 rank=00424] left=2,4,3,2,3,1,2 status=TIMEOUT layouts=0/1 complete=False time=00:00:20
[RETURN id=11586 rank=00426] left=2,4,3,3,1,2,2 status=TIMEOUT layouts=0/1 complete=False time=00:00:20
[RETURN id=11590 rank=00427] left=2,4,3,3,2,1,2 status=TIMEOUT layouts=0/1 complete=False time=00:00:20
[RETURN id=13466 rank=00431] left=3,1,2,2,2,4,3 status=TIMEOUT layouts=0/1 complete=False time=00:00:20
[RETURN id=13492 rank=00436] left=3,1,2,3,2,2,4 status=TIMEOUT layouts=0/1 complete=False time=00:00:20
[RETURN id=13476 rank=00435] left=3,1,2,2,4,3,2 status=TIMEOUT layouts=0/1 complete=False time=00:00:20
[RETURN id=13772 rank=00450] left=3,1,4,2,2,2,3 status=QUOTA_REACHED layouts=1/1 complete=True time=00:00:06
[RETURN id=13494 rank=00437] left=3,1,2,3,2,4,2 status=TIMEOUT layouts=0/1 complete=False time=00:00:20
[RETURN id=13504 rank=00438] left=3,1,2,3,4,2,2 status=TIMEOUT layouts=0/1 complete=False time=00:00:20
[RETURN id=13522 rank=00439] left=3,1,2,4,2,2,3 status=TIMEOUT layouts=0/1 complete=False time=00:00:20
[RETURN id=13528 rank=00441] left=3,1,2,4,3,2,2 status=TIMEOUT layouts=0/1 complete=False time=00:00:20
[RETURN id=13642 rank=00446] left=3,1,3,3,1,3,3 status=TIMEOUT layouts=0/1 complete=False time=00:00:20
[GLOBAL] [----------------------------] done=30/3505 (0.86%) covered=30 layouts=30 running=14/14 remaining=3475 elapsed=00:05:30 rate=5.45 sig/min ETA=10:37:05
[COVERAGE] selected_mass(global)=47.579% covered_mass(global contribution)=2.975%
[LONGEST] id=13652 rank=447 left=3,1,3,3,3,1,3 elapsed=00:00:19
[RETURN id=13778 rank=00452] left=3,1,4,2,3,2,2 status=QUOTA_REACHED layouts=1/1 complete=True time=00:00:17
[RETURN id=13652 rank=00447] left=3,1,3,3,3,1,3 status=TIMEOUT layouts=0/1 complete=False time=00:00:20
[RETURN id=13654 rank=00448] left=3,1,3,3,3,3,1 status=TIMEOUT layouts=0/1 complete=False time=00:00:20
[RETURN id=13676 rank=00449] left=3,1,3,4,2,2,2 status=TIMEOUT layouts=0/1 complete=False time=00:00:20
[RETURN id=14142 rank=00455] left=3,2,1,2,2,4,3 status=TIMEOUT layouts=0/1 complete=False time=00:00:20
[RETURN id=14152 rank=00459] left=3,2,1,2,4,3,2 status=TIMEOUT layouts=0/1 complete=False time=00:00:20
[RETURN id=14168 rank=00460] left=3,2,1,3,2,2,4 status=TIMEOUT layouts=0/1 complete=False time=00:00:20
[RETURN id=14170 rank=00461] left=3,2,1,3,2,4,2 status=TIMEOUT layouts=0/1 complete=False time=00:00:20
[RETURN id=14180 rank=00462] left=3,2,1,3,4,2,2 status=TIMEOUT layouts=0/1 complete=False time=00:00:20
[RETURN id=14198 rank=00463] left=3,2,1,4,2,2,3 status=TIMEOUT layouts=0/1 complete=False time=00:00:20
[RETURN id=14204 rank=00465] left=3,2,1,4,3,2,2 status=TIMEOUT layouts=0/1 complete=False time=00:00:20
[RETURN id=14266 rank=00466] left=3,2,2,1,2,3,4 status=TIMEOUT layouts=0/1 complete=False time=00:00:20
[RETURN id=14270 rank=00468] left=3,2,2,1,3,2,4 status=TIMEOUT layouts=0/1 complete=False time=00:00:20
[RETURN id=14272 rank=00469] left=3,2,2,1,3,4,2 status=TIMEOUT layouts=0/1 complete=False time=00:00:20
[RETURN id=14276 rank=00470] left=3,2,2,1,4,2,3 status=TIMEOUT layouts=0/1 complete=False time=00:00:20
[RETURN id=14290 rank=00473] left=3,2,2,2,1,4,3 status=TIMEOUT layouts=0/1 complete=False time=00:00:20
[RETURN id=14298 rank=00474] left=3,2,2,2,3,1,4 status=TIMEOUT layouts=0/1 complete=False time=00:00:20
[RETURN id=14304 rank=00476] left=3,2,2,2,4,1,3 status=TIMEOUT layouts=0/1 complete=False time=00:00:20
[RETURN id=14306 rank=00477] left=3,2,2,2,4,3,1 status=TIMEOUT layouts=0/1 complete=False time=00:00:20
[RETURN id=14322 rank=00480] left=3,2,2,3,2,1,4 status=TIMEOUT layouts=0/1 complete=False time=00:00:20
[GLOBAL] [----------------------------] done=31/3505 (0.88%) covered=31 layouts=31 running=14/14 remaining=3474 elapsed=00:06:00 rate=5.17 sig/min ETA=11:12:23
[COVERAGE] selected_mass(global)=47.579% covered_mass(global contribution)=3.030%
[LONGEST] id=14334 rank=483 left=3,2,2,3,4,2,1 elapsed=00:00:19
[RETURN id=14334 rank=00483] left=3,2,2,3,4,2,1 status=TIMEOUT layouts=0/1 complete=False time=00:00:20
[RETURN id=14346 rank=00484] left=3,2,2,4,1,2,3 status=TIMEOUT layouts=0/1 complete=False time=00:00:20
[RETURN id=14356 rank=00488] left=3,2,2,4,3,1,2 status=TIMEOUT layouts=0/1 complete=False time=00:00:20
[RETURN id=14418 rank=00490] left=3,2,3,1,2,2,4 status=TIMEOUT layouts=0/1 complete=False time=00:00:20
[RETURN id=14420 rank=00491] left=3,2,3,1,2,4,2 status=TIMEOUT layouts=0/1 complete=False time=00:00:20
[RETURN id=14430 rank=00492] left=3,2,3,1,4,2,2 status=QUOTA_REACHED layouts=1/1 complete=True time=00:00:19
[RETURN id=14442 rank=00493] left=3,2,3,2,1,2,4 status=TIMEOUT layouts=0/1 complete=False time=00:00:20
[RETURN id=14444 rank=00494] left=3,2,3,2,1,4,2 status=TIMEOUT layouts=0/1 complete=False time=00:00:20
[RETURN id=14616 rank=00512] left=3,2,4,3,2,1,2 status=QUOTA_REACHED layouts=1/1 complete=True time=00:00:08
[RETURN id=14458 rank=00497] left=3,2,3,2,4,1,2 status=TIMEOUT layouts=0/1 complete=False time=00:00:20
[RETURN id=14450 rank=00496] left=3,2,3,2,2,4,1 status=TIMEOUT layouts=0/1 complete=False time=00:00:20
[RETURN id=14564 rank=00503] left=3,2,4,1,2,3,2 status=TIMEOUT layouts=0/1 complete=False time=00:00:20
[RETURN id=14502 rank=00501] left=3,2,3,4,2,2,1 status=TIMEOUT layouts=0/1 complete=False time=00:00:20
[RETURN id=14586 rank=00505] left=3,2,4,2,1,2,3 status=TIMEOUT layouts=0/1 complete=False time=00:00:20
[RETURN id=14596 rank=00509] left=3,2,4,2,3,1,2 status=TIMEOUT layouts=0/1 complete=False time=00:00:20
[RETURN id=14926 rank=00514] left=3,3,1,1,3,3,3 status=TIMEOUT layouts=0/1 complete=False time=00:00:20
[RETURN id=14612 rank=00511] left=3,2,4,3,1,2,2 status=TIMEOUT layouts=0/1 complete=False time=00:00:20
[RETURN id=14948 rank=00515] left=3,3,1,2,2,2,4 status=TIMEOUT layouts=0/1 complete=False time=00:00:20
[RETURN id=14950 rank=00516] left=3,3,1,2,2,4,2 status=TIMEOUT layouts=0/1 complete=False time=00:00:20
[RETURN id=14960 rank=00517] left=3,3,1,2,4,2,2 status=TIMEOUT layouts=0/1 complete=False time=00:00:20
[RETURN id=15102 rank=00527] left=3,3,2,2,2,1,4 status=QUOTA_REACHED layouts=1/1 complete=True time=00:00:17
[GLOBAL] [----------------------------] done=34/3505 (0.97%) covered=34 layouts=34 running=14/14 remaining=3471 elapsed=00:06:30 rate=5.23 sig/min ETA=11:03:34
[COVERAGE] selected_mass(global)=47.579% covered_mass(global contribution)=3.196%
[LONGEST] id=15114 rank=530 left=3,3,2,2,4,2,1 elapsed=00:00:20
[RETURN id=15114 rank=00530] left=3,3,2,2,4,2,1 status=TIMEOUT layouts=0/1 complete=False time=00:00:20
[RETURN id=15152 rank=00531] left=3,3,2,4,1,2,2 status=TIMEOUT layouts=0/1 complete=False time=00:00:20
[RETURN id=15156 rank=00532] left=3,3,2,4,2,1,2 status=TIMEOUT layouts=0/1 complete=False time=00:00:20
[RETURN id=15266 rank=00537] left=3,3,3,3,1,1,3 status=TIMEOUT layouts=0/1 complete=False time=00:00:20
[RETURN id=15268 rank=00538] left=3,3,3,3,1,3,1 status=TIMEOUT layouts=0/1 complete=False time=00:00:20
[RETURN id=15370 rank=00543] left=3,3,4,2,2,2,1 status=TIMEOUT layouts=0/1 complete=False time=00:00:20
[RETURN id=15940 rank=00560] left=3,4,3,1,2,2,2 status=QUOTA_REACHED layouts=1/1 complete=True time=00:00:10
[RETURN id=15698 rank=00544] left=3,4,1,2,2,2,3 status=TIMEOUT layouts=0/1 complete=False time=00:00:20
[RETURN id=15704 rank=00546] left=3,4,1,2,3,2,2 status=TIMEOUT layouts=0/1 complete=False time=00:00:20
[RETURN id=15836 rank=00551] left=3,4,2,2,1,2,3 status=QUOTA_REACHED layouts=1/1 complete=True time=00:00:20
[RETURN id=15814 rank=00549] left=3,4,2,1,2,3,2 status=TIMEOUT layouts=0/1 complete=False time=00:00:20
[RETURN id=15846 rank=00555] left=3,4,2,2,3,1,2 status=TIMEOUT layouts=0/1 complete=False time=00:00:20
[RETURN id=15862 rank=00557] left=3,4,2,3,1,2,2 status=TIMEOUT layouts=0/1 complete=False time=00:00:20
[RETURN id=15866 rank=00558] left=3,4,2,3,2,1,2 status=TIMEOUT layouts=0/1 complete=False time=00:00:20
[RETURN id=15960 rank=00561] left=3,4,3,2,1,2,2 status=TIMEOUT layouts=0/1 complete=False time=00:00:20
[RETURN id=15964 rank=00562] left=3,4,3,2,2,1,2 status=TIMEOUT layouts=0/1 complete=False time=00:00:20
[RETURN id=17780 rank=00564] left=4,1,2,2,2,3,3 status=TIMEOUT layouts=0/1 complete=False time=00:00:20
[RETURN id=17786 rank=00566] left=4,1,2,2,3,3,2 status=TIMEOUT layouts=0/1 complete=False time=00:00:20
[RETURN id=17810 rank=00568] left=4,1,2,3,2,3,2 status=TIMEOUT layouts=0/1 complete=False time=00:00:20
[RETURN id=17934 rank=00570] left=4,1,3,2,2,2,3 status=TIMEOUT layouts=0/1 complete=False time=00:00:20
[RETURN id=17940 rank=00572] left=4,1,3,2,3,2,2 status=TIMEOUT layouts=0/1 complete=False time=00:00:20
[RETURN id=18560 rank=00580] left=4,2,2,1,2,3,3 status=QUOTA_REACHED layouts=1/1 complete=True time=00:00:14
[RETURN id=18440 rank=00575] left=4,2,1,2,3,2,3 status=TIMEOUT layouts=0/1 complete=False time=00:00:20
[GLOBAL] [----------------------------] done=37/3505 (1.06%) covered=37 layouts=37 running=14/14 remaining=3468 elapsed=00:07:00 rate=5.29 sig/min ETA=10:56:07
[COVERAGE] selected_mass(global)=47.579% covered_mass(global contribution)=3.361%
[LONGEST] id=18464 rank=577 left=4,2,1,3,2,2,3 elapsed=00:00:18
[RETURN id=18464 rank=00577] left=4,2,1,3,2,2,3 status=TIMEOUT layouts=0/1 complete=False time=00:00:20
[RETURN id=18470 rank=00579] left=4,2,1,3,3,2,2 status=TIMEOUT layouts=0/1 complete=False time=00:00:20
[RETURN id=18566 rank=00582] left=4,2,2,1,3,3,2 status=TIMEOUT layouts=0/1 complete=False time=00:00:20
[RETURN id=18584 rank=00583] left=4,2,2,2,1,3,3 status=TIMEOUT layouts=0/1 complete=False time=00:00:20
[RETURN id=18594 rank=00584] left=4,2,2,2,3,1,3 status=TIMEOUT layouts=0/1 complete=False time=00:00:20
[RETURN id=18734 rank=00598] left=4,2,3,2,2,3,1 status=QUOTA_REACHED layouts=1/1 complete=True time=00:00:12
[RETURN id=18596 rank=00585] left=4,2,2,2,3,3,1 status=TIMEOUT layouts=0/1 complete=False time=00:00:20
[RETURN id=18612 rank=00586] left=4,2,2,3,1,2,3 status=TIMEOUT layouts=0/1 complete=False time=00:00:20
[RETURN id=18622 rank=00590] left=4,2,2,3,3,1,2 status=TIMEOUT layouts=0/1 complete=False time=00:00:20
[RETURN id=18704 rank=00592] left=4,2,3,1,2,2,3 status=TIMEOUT layouts=0/1 complete=False time=00:00:20
[RETURN id=18728 rank=00596] left=4,2,3,2,1,3,2 status=TIMEOUT layouts=0/1 complete=False time=00:00:20
[RETURN id=18710 rank=00594] left=4,2,3,1,3,2,2 status=TIMEOUT layouts=0/1 complete=False time=00:00:20
[RETURN id=18732 rank=00597] left=4,2,3,2,2,1,3 status=TIMEOUT layouts=0/1 complete=False time=00:00:20
[RETURN id=18738 rank=00600] left=4,2,3,2,3,2,1 status=TIMEOUT layouts=0/1 complete=False time=00:00:20
[RETURN id=19184 rank=00604] left=4,3,1,2,2,2,3 status=QUOTA_REACHED layouts=1/1 complete=True time=00:00:16
[RETURN id=18758 rank=00603] left=4,2,3,3,2,2,1 status=TIMEOUT layouts=0/1 complete=False time=00:00:20
[RETURN id=19190 rank=00606] left=4,3,1,2,3,2,2 status=TIMEOUT layouts=0/1 complete=False time=00:00:20
[RETURN id=19300 rank=00609] left=4,3,2,1,2,3,2 status=TIMEOUT layouts=0/1 complete=False time=00:00:20
[RETURN id=19322 rank=00611] left=4,3,2,2,1,2,3 status=TIMEOUT layouts=0/1 complete=False time=00:00:20
[GLOBAL] [----------------------------] done=39/3505 (1.11%) covered=39 layouts=39 running=14/14 remaining=3466 elapsed=00:07:30 rate=5.20 sig/min ETA=11:06:32
[COVERAGE] selected_mass(global)=47.579% covered_mass(global contribution)=3.471%
[LONGEST] id=19332 rank=615 left=4,3,2,2,3,1,2 elapsed=00:00:18
[RETURN id=19426 rank=00620] left=4,3,3,1,2,2,2 status=QUOTA_REACHED layouts=1/1 complete=True time=00:00:13
[RETURN id=19332 rank=00615] left=4,3,2,2,3,1,2 status=TIMEOUT layouts=0/1 complete=False time=00:00:20
[RETURN id=19348 rank=00617] left=4,3,2,3,1,2,2 status=TIMEOUT layouts=0/1 complete=False time=00:00:20
[RETURN id=19352 rank=00618] left=4,3,2,3,2,1,2 status=TIMEOUT layouts=0/1 complete=False time=00:00:20
[RETURN id=19446 rank=00621] left=4,3,3,2,1,2,2 status=TIMEOUT layouts=0/1 complete=False time=00:00:20
[RETURN id=19450 rank=00622] left=4,3,3,2,2,1,2 status=TIMEOUT layouts=0/1 complete=False time=00:00:20
[RETURN id=04620 rank=00624] left=1,1,2,3,3,3,4 status=TIMEOUT layouts=0/1 complete=False time=00:00:20
[RETURN id=04718 rank=00628] left=1,1,3,2,3,3,4 status=TIMEOUT layouts=0/1 complete=False time=00:00:20
[RETURN id=04738 rank=00631] left=1,1,3,3,2,3,4 status=TIMEOUT layouts=0/1 complete=False time=00:00:20
[RETURN id=04742 rank=00633] left=1,1,3,3,3,2,4 status=TIMEOUT layouts=0/1 complete=False time=00:00:20
[RETURN id=04744 rank=00634] left=1,1,3,3,3,4,2 status=TIMEOUT layouts=0/1 complete=False time=00:00:20
[RETURN id=04748 rank=00635] left=1,1,3,3,4,2,3 status=TIMEOUT layouts=0/1 complete=False time=00:00:20
[RETURN id=04766 rank=00637] left=1,1,3,4,2,3,3 status=TIMEOUT layouts=0/1 complete=False time=00:00:20
[RETURN id=04858 rank=00640] left=1,1,4,2,3,3,3 status=TIMEOUT layouts=0/1 complete=False time=00:00:20
[RETURN id=04772 rank=00639] left=1,1,3,4,3,3,2 status=TIMEOUT layouts=0/1 complete=False time=00:00:20
[RETURN id=04886 rank=00642] left=1,1,4,3,3,2,3 status=TIMEOUT layouts=0/1 complete=False time=00:00:20
[RETURN id=05216 rank=00645] left=1,2,1,3,3,4,3 status=TIMEOUT layouts=0/1 complete=False time=00:00:20
[RETURN id=05220 rank=00646] left=1,2,1,3,4,3,3 status=TIMEOUT layouts=0/1 complete=False time=00:00:20
[RETURN id=05240 rank=00647] left=1,2,1,4,3,3,3 status=TIMEOUT layouts=0/1 complete=False time=00:00:20
[RETURN id=05310 rank=00648] left=1,2,2,2,2,4,4 status=TIMEOUT layouts=0/1 complete=False time=00:00:20
[GLOBAL] [----------------------------] done=40/3505 (1.14%) covered=40 layouts=40 running=14/14 remaining=3465 elapsed=00:08:00 rate=5.00 sig/min ETA=11:33:00
[COVERAGE] selected_mass(global)=47.579% covered_mass(global contribution)=3.526%
[LONGEST] id=5360 rank=651 left=1,2,2,4,2,2,4 elapsed=00:00:20
[RETURN id=05360 rank=00651] left=1,2,2,4,2,2,4 status=TIMEOUT layouts=0/1 complete=False time=00:00:20
[RETURN id=05362 rank=00652] left=1,2,2,4,2,4,2 status=TIMEOUT layouts=0/1 complete=False time=00:00:20
[RETURN id=05372 rank=00653] left=1,2,2,4,4,2,2 status=TIMEOUT layouts=0/1 complete=False time=00:00:20
[RETURN id=05428 rank=00654] left=1,2,3,1,3,3,4 status=TIMEOUT layouts=0/1 complete=False time=00:00:20
[RETURN id=05472 rank=00658] left=1,2,3,3,1,4,3 status=TIMEOUT layouts=0/1 complete=False time=00:00:20
[RETURN id=05500 rank=00663] left=1,2,3,4,1,3,3 status=QUOTA_REACHED layouts=1/1 complete=True time=00:00:17
[RETURN id=05480 rank=00659] left=1,2,3,3,3,1,4 status=TIMEOUT layouts=0/1 complete=False time=00:00:20
[RETURN id=05486 rank=00661] left=1,2,3,3,4,1,3 status=TIMEOUT layouts=0/1 complete=False time=00:00:20
[RETURN id=05488 rank=00662] left=1,2,3,3,4,3,1 status=TIMEOUT layouts=0/1 complete=False time=00:00:20
[RETURN id=05510 rank=00664] left=1,2,3,4,3,1,3 status=TIMEOUT layouts=0/1 complete=False time=00:00:20
[RETURN id=05512 rank=00665] left=1,2,3,4,3,3,1 status=TIMEOUT layouts=0/1 complete=False time=00:00:20
[RETURN id=05578 rank=00666] left=1,2,4,1,3,3,3 status=TIMEOUT layouts=0/1 complete=False time=00:00:20
[RETURN id=05992 rank=00679] left=1,3,1,3,3,2,4 status=QUOTA_REACHED layouts=1/1 complete=True time=00:00:14
[RETURN id=05600 rank=00667] left=1,2,4,2,2,2,4 status=TIMEOUT layouts=0/1 complete=False time=00:00:20
[RETURN id=05602 rank=00668] left=1,2,4,2,2,4,2 status=TIMEOUT layouts=0/1 complete=False time=00:00:20
[RETURN id=05612 rank=00669] left=1,2,4,2,4,2,2 status=TIMEOUT layouts=0/1 complete=False time=00:00:20
[RETURN id=05968 rank=00674] left=1,3,1,2,3,3,4 status=TIMEOUT layouts=0/1 complete=False time=00:00:20
[RETURN id=05988 rank=00677] left=1,3,1,3,2,3,4 status=TIMEOUT layouts=0/1 complete=False time=00:00:20
[RETURN id=05994 rank=00680] left=1,3,1,3,3,4,2 status=TIMEOUT layouts=0/1 complete=False time=00:00:20
[GLOBAL] [----------------------------] done=42/3505 (1.20%) covered=42 layouts=42 running=14/14 remaining=3463 elapsed=00:08:30 rate=4.94 sig/min ETA=11:40:51
[COVERAGE] selected_mass(global)=47.579% covered_mass(global contribution)=3.581%
[LONGEST] id=5998 rank=681 left=1,3,1,3,4,2,3 elapsed=00:00:21
[RETURN id=05998 rank=00681] left=1,3,1,3,4,2,3 status=TIMEOUT layouts=0/1 complete=False time=00:00:20
[RETURN id=06022 rank=00685] left=1,3,1,4,3,3,2 status=TIMEOUT layouts=0/1 complete=False time=00:00:20
[RETURN id=06016 rank=00683] left=1,3,1,4,2,3,3 status=TIMEOUT layouts=0/1 complete=False time=00:00:20
[RETURN id=06084 rank=00687] left=1,3,2,1,3,4,3 status=TIMEOUT layouts=0/1 complete=False time=00:00:20
[RETURN id=06088 rank=00688] left=1,3,2,1,4,3,3 status=TIMEOUT layouts=0/1 complete=False time=00:00:20
[RETURN id=06126 rank=00689] left=1,3,2,3,1,3,4 status=TIMEOUT layouts=0/1 complete=False time=00:00:20
[RETURN id=06138 rank=00692] left=1,3,2,3,3,4,1 status=TIMEOUT layouts=0/1 complete=False time=00:00:20
[RETURN id=06228 rank=00698] left=1,3,3,1,2,3,4 status=TIMEOUT layouts=0/1 complete=False time=00:00:20
[RETURN id=06232 rank=00700] left=1,3,3,1,3,2,4 status=TIMEOUT layouts=0/1 complete=False time=00:00:20
[RETURN id=06238 rank=00702] left=1,3,3,1,4,2,3 status=TIMEOUT layouts=0/1 complete=False time=00:00:20
[RETURN id=06234 rank=00701] left=1,3,3,1,3,4,2 status=TIMEOUT layouts=0/1 complete=False time=00:00:20
[RETURN id=06252 rank=00705] left=1,3,3,2,1,4,3 status=TIMEOUT layouts=0/1 complete=False time=00:00:20
[RETURN id=06260 rank=00706] left=1,3,3,2,3,1,4 status=TIMEOUT layouts=0/1 complete=False time=00:00:20
[RETURN id=06266 rank=00708] left=1,3,3,2,4,1,3 status=TIMEOUT layouts=0/1 complete=False time=00:00:20
[RETURN id=06268 rank=00709] left=1,3,3,2,4,3,1 status=TIMEOUT layouts=0/1 complete=False time=00:00:20
[RETURN id=06284 rank=00712] left=1,3,3,3,2,1,4 status=TIMEOUT layouts=0/1 complete=False time=00:00:20
[RETURN id=06296 rank=00715] left=1,3,3,3,4,2,1 status=TIMEOUT layouts=0/1 complete=False time=00:00:20
[RETURN id=06308 rank=00716] left=1,3,3,4,1,2,3 status=TIMEOUT layouts=0/1 complete=False time=00:00:20
[RETURN id=06318 rank=00720] left=1,3,3,4,3,1,2 status=TIMEOUT layouts=0/1 complete=False time=00:00:20
[RETURN id=06386 rank=00723] left=1,3,4,1,3,2,3 status=TIMEOUT layouts=0/1 complete=False time=00:00:20
[RETURN id=06434 rank=00729] left=1,3,4,3,1,3,2 status=TIMEOUT layouts=0/1 complete=False time=00:00:20
[GLOBAL] [----------------------------] done=42/3505 (1.20%) covered=42 layouts=42 running=14/14 remaining=3463 elapsed=00:09:00 rate=4.67 sig/min ETA=12:22:04
[COVERAGE] selected_mass(global)=47.579% covered_mass(global contribution)=3.581%
[LONGEST] id=6438 rank=730 left=1,3,4,3,2,1,3 elapsed=00:00:20
[RETURN id=06438 rank=00730] left=1,3,4,3,2,1,3 status=TIMEOUT layouts=0/1 complete=False time=00:00:20
[RETURN id=06440 rank=00731] left=1,3,4,3,2,3,1 status=TIMEOUT layouts=0/1 complete=False time=00:00:20
[RETURN id=06444 rank=00733] left=1,3,4,3,3,2,1 status=TIMEOUT layouts=0/1 complete=False time=00:00:20
[RETURN id=06784 rank=00734] left=1,4,1,2,3,3,3 status=TIMEOUT layouts=0/1 complete=False time=00:00:20
[RETURN id=06812 rank=00736] left=1,4,1,3,3,2,3 status=TIMEOUT layouts=0/1 complete=False time=00:00:20
[RETURN id=06956 rank=00742] left=1,4,2,3,1,3,3 status=TIMEOUT layouts=0/1 complete=False time=00:00:20
[RETURN id=06966 rank=00743] left=1,4,2,3,3,1,3 status=TIMEOUT layouts=0/1 complete=False time=00:00:20
[RETURN id=06968 rank=00744] left=1,4,2,3,3,3,1 status=TIMEOUT layouts=0/1 complete=False time=00:00:20
[RETURN id=06990 rank=00745] left=1,4,2,4,2,2,2 status=TIMEOUT layouts=0/1 complete=False time=00:00:20
[RETURN id=07062 rank=00747] left=1,4,3,1,3,2,3 status=TIMEOUT layouts=0/1 complete=False time=00:00:20
[RETURN id=09152 rank=00772] left=2,1,3,3,1,3,4 status=QUOTA_REACHED layouts=1/1 complete=True time=00:00:04
[RETURN id=07110 rank=00753] left=1,4,3,3,1,3,2 status=TIMEOUT layouts=0/1 complete=False time=00:00:20
[RETURN id=07114 rank=00754] left=1,4,3,3,2,1,3 status=TIMEOUT layouts=0/1 complete=False time=00:00:20
[RETURN id=07120 rank=00757] left=1,4,3,3,3,2,1 status=QUOTA_REACHED layouts=1/1 complete=True time=00:00:18
[RETURN id=07116 rank=00755] left=1,4,3,3,2,3,1 status=TIMEOUT layouts=0/1 complete=False time=00:00:20
[RETURN id=07230 rank=00758] left=1,4,4,2,2,2,2 status=TIMEOUT layouts=0/1 complete=False time=00:00:20
[RETURN id=09114 rank=00771] left=2,1,3,1,4,3,3 status=QUOTA_REACHED layouts=1/1 complete=True time=00:00:15
[RETURN id=08896 rank=00759] left=2,1,1,3,3,3,4 status=TIMEOUT layouts=0/1 complete=False time=00:00:20
[RETURN id=09306 rank=00785] left=2,1,4,3,1,3,3 status=QUOTA_REACHED layouts=1/1 complete=True time=00:00:09
[RETURN id=08998 rank=00764] left=2,1,2,2,4,2,4 status=TIMEOUT layouts=0/1 complete=False time=00:00:20
[RETURN id=09318 rank=00787] left=2,1,4,3,3,3,1 status=QUOTA_REACHED layouts=1/1 complete=True time=00:00:08
[RETURN id=09000 rank=00765] left=2,1,2,2,4,4,2 status=TIMEOUT layouts=0/1 complete=False time=00:00:20
[RETURN id=09110 rank=00770] left=2,1,3,1,3,4,3 status=TIMEOUT layouts=0/1 complete=False time=00:00:20
[GLOBAL] [----------------------------] done=47/3505 (1.34%) covered=47 layouts=47 running=14/14 remaining=3458 elapsed=00:09:30 rate=4.95 sig/min ETA=11:38:57
[COVERAGE] selected_mass(global)=47.579% covered_mass(global contribution)=3.719%
[LONGEST] id=9164 rank=775 left=2,1,3,3,3,4,1 elapsed=00:00:18
[RETURN id=09164 rank=00775] left=2,1,3,3,3,4,1 status=TIMEOUT layouts=0/1 complete=False time=00:00:20
[RETURN id=09316 rank=00786] left=2,1,4,3,3,1,3 status=TIMEOUT layouts=0/1 complete=False time=00:00:20
[RETURN id=09646 rank=00789] left=2,2,1,2,2,4,4 status=TIMEOUT layouts=0/1 complete=False time=00:00:20
[RETURN id=09340 rank=00788] left=2,1,4,4,2,2,2 status=TIMEOUT layouts=0/1 complete=False time=00:00:20
[RETURN id=09696 rank=00792] left=2,2,1,4,2,2,4 status=TIMEOUT layouts=0/1 complete=False time=00:00:20
[RETURN id=09698 rank=00793] left=2,2,1,4,2,4,2 status=TIMEOUT layouts=0/1 complete=False time=00:00:20
[RETURN id=09708 rank=00794] left=2,2,1,4,4,2,2 status=TIMEOUT layouts=0/1 complete=False time=00:00:20
[RETURN id=09768 rank=00796] left=2,2,2,1,4,2,4 status=TIMEOUT layouts=0/1 complete=False time=00:00:20
[RETURN id=09770 rank=00797] left=2,2,2,1,4,4,2 status=TIMEOUT layouts=0/1 complete=False time=00:00:20
[RETURN id=09840 rank=00803] left=2,2,2,4,2,1,4 status=TIMEOUT layouts=0/1 complete=False time=00:00:20
[RETURN id=09796 rank=00800] left=2,2,2,2,4,4,1 status=TIMEOUT layouts=0/1 complete=False time=00:00:20
[RETURN id=09852 rank=00806] left=2,2,2,4,4,2,1 status=TIMEOUT layouts=0/1 complete=False time=00:00:20
[RETURN id=10090 rank=00812] left=2,2,4,2,2,1,4 status=TIMEOUT layouts=0/1 complete=False time=00:00:20
[RETURN id=10102 rank=00815] left=2,2,4,2,4,2,1 status=TIMEOUT layouts=0/1 complete=False time=00:00:20
[RETURN id=10140 rank=00816] left=2,2,4,4,1,2,2 status=TIMEOUT layouts=0/1 complete=False time=00:00:20
[RETURN id=10144 rank=00817] left=2,2,4,4,2,1,2 status=TIMEOUT layouts=0/1 complete=False time=00:00:20
[RETURN id=10440 rank=00819] left=2,3,1,1,3,3,4 status=TIMEOUT layouts=0/1 complete=False time=00:00:20
[RETURN id=10484 rank=00823] left=2,3,1,3,1,4,3 status=TIMEOUT layouts=0/1 complete=False time=00:00:20
[GLOBAL] [----------------------------] done=47/3505 (1.34%) covered=47 layouts=47 running=14/14 remaining=3458 elapsed=00:10:00 rate=4.70 sig/min ETA=12:15:45
[COVERAGE] selected_mass(global)=47.579% covered_mass(global contribution)=3.719%
[LONGEST] id=10492 rank=824 left=2,3,1,3,3,1,4 elapsed=00:00:20
[RETURN id=10492 rank=00824] left=2,3,1,3,3,1,4 status=TIMEOUT layouts=0/1 complete=False time=00:00:20
[RETURN id=10498 rank=00826] left=2,3,1,3,4,1,3 status=TIMEOUT layouts=0/1 complete=False time=00:00:20
[RETURN id=10500 rank=00827] left=2,3,1,3,4,3,1 status=TIMEOUT layouts=0/1 complete=False time=00:00:20
[RETURN id=10512 rank=00828] left=2,3,1,4,1,3,3 status=TIMEOUT layouts=0/1 complete=False time=00:00:20
[RETURN id=10522 rank=00829] left=2,3,1,4,3,1,3 status=TIMEOUT layouts=0/1 complete=False time=00:00:20
[RETURN id=10734 rank=00832] left=2,3,3,1,1,4,3 status=TIMEOUT layouts=0/1 complete=False time=00:00:20
[RETURN id=10524 rank=00830] left=2,3,1,4,3,3,1 status=TIMEOUT layouts=0/1 complete=False time=00:00:20
[RETURN id=10742 rank=00833] left=2,3,3,1,3,1,4 status=TIMEOUT layouts=0/1 complete=False time=00:00:20
[RETURN id=10748 rank=00835] left=2,3,3,1,4,1,3 status=TIMEOUT layouts=0/1 complete=False time=00:00:20
[RETURN id=10750 rank=00836] left=2,3,3,1,4,3,1 status=TIMEOUT layouts=0/1 complete=False time=00:00:20
[RETURN id=11304 rank=00855] left=2,4,1,3,3,3,1 status=QUOTA_REACHED layouts=1/1 complete=True time=00:00:11
[RETURN id=10792 rank=00838] left=2,3,3,3,1,4,1 status=TIMEOUT layouts=0/1 complete=False time=00:00:20
[RETURN id=10804 rank=00839] left=2,3,3,3,4,1,1 status=TIMEOUT layouts=0/1 complete=False time=00:00:20
[RETURN id=10824 rank=00842] left=2,3,3,4,3,1,1 status=TIMEOUT layouts=0/1 complete=False time=00:00:20
[RETURN id=10930 rank=00846] left=2,3,4,3,1,1,3 status=TIMEOUT layouts=0/1 complete=False time=00:00:20
[RETURN id=10932 rank=00847] left=2,3,4,3,1,3,1 status=TIMEOUT layouts=0/1 complete=False time=00:00:20
[RETURN id=11292 rank=00853] left=2,4,1,3,1,3,3 status=TIMEOUT layouts=0/1 complete=False time=00:00:20
[RETURN id=11302 rank=00854] left=2,4,1,3,3,1,3 status=TIMEOUT layouts=0/1 complete=False time=00:00:20
[RETURN id=11326 rank=00856] left=2,4,1,4,2,2,2 status=TIMEOUT layouts=0/1 complete=False time=00:00:20
[RETURN id=11392 rank=00857] left=2,4,2,1,2,2,4 status=TIMEOUT layouts=0/1 complete=False time=00:00:20
[RETURN id=11394 rank=00858] left=2,4,2,1,2,4,2 status=TIMEOUT layouts=0/1 complete=False time=00:00:20
[RETURN id=11404 rank=00859] left=2,4,2,1,4,2,2 status=TIMEOUT layouts=0/1 complete=False time=00:00:20
[RETURN id=11416 rank=00860] left=2,4,2,2,1,2,4 status=TIMEOUT layouts=0/1 complete=False time=00:00:20
[RETURN id=11418 rank=00861] left=2,4,2,2,1,4,2 status=TIMEOUT layouts=0/1 complete=False time=00:00:20
[GLOBAL] [----------------------------] done=48/3505 (1.37%) covered=48 layouts=48 running=14/14 remaining=3457 elapsed=00:10:30 rate=4.57 sig/min ETA=12:36:13
[COVERAGE] selected_mass(global)=47.579% covered_mass(global contribution)=3.747%
[LONGEST] id=11424 rank=863 left=2,4,2,2,2,4,1 elapsed=00:00:16
[RETURN id=11424 rank=00863] left=2,4,2,2,2,4,1 status=TIMEOUT layouts=0/1 complete=False time=00:00:20
[RETURN id=11432 rank=00864] left=2,4,2,2,4,1,2 status=TIMEOUT layouts=0/1 complete=False time=00:00:20
[RETURN id=11476 rank=00868] left=2,4,2,4,2,2,1 status=TIMEOUT layouts=0/1 complete=False time=00:00:20
[RETURN id=11532 rank=00869] left=2,4,3,1,1,3,3 status=TIMEOUT layouts=0/1 complete=False time=00:00:20
[RETURN id=11542 rank=00870] left=2,4,3,1,3,1,3 status=TIMEOUT layouts=0/1 complete=False time=00:00:20
[RETURN id=11688 rank=00877] left=2,4,4,2,2,1,2 status=QUOTA_REACHED layouts=1/1 complete=True time=00:00:16
[RETURN id=11544 rank=00871] left=2,4,3,1,3,3,1 status=TIMEOUT layouts=0/1 complete=False time=00:00:20
[RETURN id=11664 rank=00875] left=2,4,4,1,2,2,2 status=TIMEOUT layouts=0/1 complete=False time=00:00:20
[RETURN id=11594 rank=00874] left=2,4,3,3,3,1,1 status=TIMEOUT layouts=0/1 complete=False time=00:00:20
[RETURN id=11684 rank=00876] left=2,4,4,2,1,2,2 status=TIMEOUT layouts=0/1 complete=False time=00:00:20
[RETURN id=13330 rank=00879] left=3,1,1,2,3,3,4 status=TIMEOUT layouts=0/1 complete=False time=00:00:20
[RETURN id=13350 rank=00882] left=3,1,1,3,2,3,4 status=TIMEOUT layouts=0/1 complete=False time=00:00:20
[RETURN id=13354 rank=00884] left=3,1,1,3,3,2,4 status=TIMEOUT layouts=0/1 complete=False time=00:00:20
[RETURN id=13356 rank=00885] left=3,1,1,3,3,4,2 status=TIMEOUT layouts=0/1 complete=False time=00:00:20
[RETURN id=13378 rank=00888] left=3,1,1,4,2,3,3 status=QUOTA_REACHED layouts=1/1 complete=True time=00:00:17
[RETURN id=13360 rank=00886] left=3,1,1,3,4,2,3 status=TIMEOUT layouts=0/1 complete=False time=00:00:20
[RETURN id=13500 rank=00897] left=3,1,2,3,3,4,1 status=QUOTA_REACHED layouts=1/1 complete=True time=00:00:13
[RETURN id=13446 rank=00892] left=3,1,2,1,3,4,3 status=TIMEOUT layouts=0/1 complete=False time=00:00:20
[RETURN id=13384 rank=00890] left=3,1,1,4,3,3,2 status=TIMEOUT layouts=0/1 complete=False time=00:00:20
[GLOBAL] [----------------------------] done=51/3505 (1.46%) covered=51 layouts=51 running=14/14 remaining=3454 elapsed=00:11:00 rate=4.64 sig/min ETA=12:24:59
[COVERAGE] selected_mass(global)=47.579% covered_mass(global contribution)=3.829%
[LONGEST] id=13450 rank=893 left=3,1,2,1,4,3,3 elapsed=00:00:20
[RETURN id=13450 rank=00893] left=3,1,2,1,4,3,3 status=TIMEOUT layouts=0/1 complete=False time=00:00:20
[RETURN id=13488 rank=00894] left=3,1,2,3,1,3,4 status=TIMEOUT layouts=0/1 complete=False time=00:00:20
[RETURN id=13590 rank=00903] left=3,1,3,1,2,3,4 status=TIMEOUT layouts=0/1 complete=False time=00:00:20
[RETURN id=13594 rank=00905] left=3,1,3,1,3,2,4 status=TIMEOUT layouts=0/1 complete=False time=00:00:20
[RETURN id=13614 rank=00910] left=3,1,3,2,1,4,3 status=QUOTA_REACHED layouts=1/1 complete=True time=00:00:18
[RETURN id=13596 rank=00906] left=3,1,3,1,3,4,2 status=TIMEOUT layouts=0/1 complete=False time=00:00:20
[RETURN id=13600 rank=00907] left=3,1,3,1,4,2,3 status=TIMEOUT layouts=0/1 complete=False time=00:00:20
[RETURN id=13622 rank=00911] left=3,1,3,2,3,1,4 status=TIMEOUT layouts=0/1 complete=False time=00:00:20
[RETURN id=13646 rank=00917] left=3,1,3,3,2,1,4 status=QUOTA_REACHED layouts=1/1 complete=True time=00:00:13
[RETURN id=13628 rank=00913] left=3,1,3,2,4,1,3 status=TIMEOUT layouts=0/1 complete=False time=00:00:20
[RETURN id=13630 rank=00914] left=3,1,3,2,4,3,1 status=TIMEOUT layouts=0/1 complete=False time=00:00:20
[RETURN id=13796 rank=00934] left=3,1,4,3,1,3,2 status=QUOTA_REACHED layouts=1/1 complete=True time=00:00:11
[RETURN id=13658 rank=00920] left=3,1,3,3,4,2,1 status=TIMEOUT layouts=0/1 complete=False time=00:00:20
[RETURN id=13670 rank=00921] left=3,1,3,4,1,2,3 status=TIMEOUT layouts=0/1 complete=False time=00:00:20
[RETURN id=13680 rank=00925] left=3,1,3,4,3,1,2 status=TIMEOUT layouts=0/1 complete=False time=00:00:20
[RETURN id=13806 rank=00938] left=3,1,4,3,3,2,1 status=QUOTA_REACHED layouts=1/1 complete=True time=00:00:13
[RETURN id=13748 rank=00928] left=3,1,4,1,3,2,3 status=TIMEOUT layouts=0/1 complete=False time=00:00:20
[RETURN id=14426 rank=00954] left=3,2,3,1,3,4,1 status=QUOTA_REACHED layouts=1/1 complete=True time=00:00:09
[RETURN id=13800 rank=00935] left=3,1,4,3,2,1,3 status=TIMEOUT layouts=0/1 complete=False time=00:00:20
[RETURN id=13802 rank=00936] left=3,1,4,3,2,3,1 status=TIMEOUT layouts=0/1 complete=False time=00:00:20
[RETURN id=14122 rank=00940] left=3,2,1,1,3,4,3 status=TIMEOUT layouts=0/1 complete=False time=00:00:20
[RETURN id=14126 rank=00941] left=3,2,1,1,4,3,3 status=TIMEOUT layouts=0/1 complete=False time=00:00:20
[GLOBAL] [----------------------------] done=56/3505 (1.60%) covered=56 layouts=56 running=14/14 remaining=3449 elapsed=00:11:30 rate=4.87 sig/min ETA=11:48:17
[COVERAGE] selected_mass(global)=47.579% covered_mass(global contribution)=3.967%
[LONGEST] id=14164 rank=942 left=3,2,1,3,1,3,4 elapsed=00:00:21
[RETURN id=14164 rank=00942] left=3,2,1,3,1,3,4 status=TIMEOUT layouts=0/1 complete=False time=00:00:20
[RETURN id=14176 rank=00945] left=3,2,1,3,3,4,1 status=TIMEOUT layouts=0/1 complete=False time=00:00:20
[RETURN id=14414 rank=00951] left=3,2,3,1,1,3,4 status=TIMEOUT layouts=0/1 complete=False time=00:00:20
[RETURN id=14470 rank=00957] left=3,2,3,3,1,1,4 status=TIMEOUT layouts=0/1 complete=False time=00:00:20
[RETURN id=14558 rank=00963] left=3,2,4,1,1,3,3 status=QUOTA_REACHED layouts=1/1 complete=True time=00:00:17
[RETURN id=14496 rank=00960] left=3,2,3,4,1,1,3 status=TIMEOUT layouts=0/1 complete=False time=00:00:20
[RETURN id=14498 rank=00961] left=3,2,3,4,1,3,1 status=TIMEOUT layouts=0/1 complete=False time=00:00:20
[RETURN id=14568 rank=00964] left=3,2,4,1,3,1,3 status=TIMEOUT layouts=0/1 complete=False time=00:00:20
[RETURN id=14570 rank=00965] left=3,2,4,1,3,3,1 status=TIMEOUT layouts=0/1 complete=False time=00:00:20
[RETURN id=14620 rank=00968] left=3,2,4,3,3,1,1 status=TIMEOUT layouts=0/1 complete=False time=00:00:20
[RETURN id=14922 rank=00970] left=3,3,1,1,2,4,3 status=TIMEOUT layouts=0/1 complete=False time=00:00:20
[RETURN id=14932 rank=00974] left=3,3,1,1,4,3,2 status=TIMEOUT layouts=0/1 complete=False time=00:00:20
[RETURN id=14944 rank=00975] left=3,3,1,2,1,3,4 status=TIMEOUT layouts=0/1 complete=False time=00:00:20
[RETURN id=14956 rank=00978] left=3,3,1,2,3,4,1 status=TIMEOUT layouts=0/1 complete=False time=00:00:20
[RETURN id=14972 rank=00981] left=3,3,1,3,1,2,4 status=TIMEOUT layouts=0/1 complete=False time=00:00:20
[RETURN id=14974 rank=00982] left=3,3,1,3,1,4,2 status=TIMEOUT layouts=0/1 complete=False time=00:00:20
[RETURN id=14980 rank=00984] left=3,3,1,3,2,4,1 status=TIMEOUT layouts=0/1 complete=False time=00:00:20
[RETURN id=14988 rank=00985] left=3,3,1,3,4,1,2 status=TIMEOUT layouts=0/1 complete=False time=00:00:20
[RETURN id=15006 rank=00989] left=3,3,1,4,2,1,3 status=TIMEOUT layouts=0/1 complete=False time=00:00:20
[RETURN id=15002 rank=00988] left=3,3,1,4,1,3,2 status=TIMEOUT layouts=0/1 complete=False time=00:00:20
[GLOBAL] [----------------------------] done=57/3505 (1.63%) covered=57 layouts=57 running=14/14 remaining=3448 elapsed=00:12:00 rate=4.75 sig/min ETA=12:05:54
[COVERAGE] selected_mass(global)=47.579% covered_mass(global contribution)=3.994%
[LONGEST] id=15008 rank=990 left=3,3,1,4,2,3,1 elapsed=00:00:20
[RETURN id=15008 rank=00990] left=3,3,1,4,2,3,1 status=TIMEOUT layouts=0/1 complete=False time=00:00:20
[RETURN id=15012 rank=00992] left=3,3,1,4,3,2,1 status=TIMEOUT layouts=0/1 complete=False time=00:00:20
[RETURN id=15070 rank=00994] left=3,3,2,1,1,4,3 status=TIMEOUT layouts=0/1 complete=False time=00:00:20
[RETURN id=15078 rank=00995] left=3,3,2,1,3,1,4 status=TIMEOUT layouts=0/1 complete=False time=00:00:20
[RETURN id=15084 rank=00997] left=3,3,2,1,4,1,3 status=TIMEOUT layouts=0/1 complete=False time=00:00:20
[RETURN id=15086 rank=00998] left=3,3,2,1,4,3,1 status=TIMEOUT layouts=0/1 complete=False time=00:00:20
[RETURN id=15128 rank=01000] left=3,3,2,3,1,4,1 status=TIMEOUT layouts=0/1 complete=False time=00:00:20
[RETURN id=15140 rank=01001] left=3,3,2,3,4,1,1 status=TIMEOUT layouts=0/1 complete=False time=00:00:20
[RETURN id=15160 rank=01004] left=3,3,2,4,3,1,1 status=TIMEOUT layouts=0/1 complete=False time=00:00:20
[RETURN id=15212 rank=01005] left=3,3,3,1,1,2,4 status=TIMEOUT layouts=0/1 complete=False time=00:00:20
[RETURN id=15214 rank=01006] left=3,3,3,1,1,4,2 status=TIMEOUT layouts=0/1 complete=False time=00:00:20
[RETURN id=15220 rank=01008] left=3,3,3,1,2,4,1 status=TIMEOUT layouts=0/1 complete=False time=00:00:20
[RETURN id=15228 rank=01009] left=3,3,3,1,4,1,2 status=QUOTA_REACHED layouts=1/1 complete=True time=00:00:18
[RETURN id=15240 rank=01011] left=3,3,3,2,1,1,4 status=TIMEOUT layouts=0/1 complete=False time=00:00:20
[RETURN id=15286 rank=01014] left=3,3,3,4,1,1,2 status=TIMEOUT layouts=0/1 complete=False time=00:00:20
[RETURN id=15290 rank=01016] left=3,3,3,4,2,1,1 status=TIMEOUT layouts=0/1 complete=False time=00:00:20
[RETURN id=15340 rank=01018] left=3,3,4,1,1,3,2 status=TIMEOUT layouts=0/1 complete=False time=00:00:20
[RETURN id=15344 rank=01019] left=3,3,4,1,2,1,3 status=TIMEOUT layouts=0/1 complete=False time=00:00:20
[RETURN id=15722 rank=01036] left=3,4,1,3,1,3,2 status=QUOTA_REACHED layouts=1/1 complete=True time=00:00:10
[RETURN id=15346 rank=01020] left=3,3,4,1,2,3,1 status=TIMEOUT layouts=0/1 complete=False time=00:00:20
[RETURN id=15350 rank=01022] left=3,3,4,1,3,2,1 status=TIMEOUT layouts=0/1 complete=False time=00:00:20
[GLOBAL] [----------------------------] done=59/3505 (1.68%) covered=59 layouts=59 running=14/14 remaining=3446 elapsed=00:12:30 rate=4.72 sig/min ETA=12:10:05
[COVERAGE] selected_mass(global)=47.579% covered_mass(global contribution)=4.050%
[LONGEST] id=15364 rank=1023 left=3,3,4,2,1,1,3 elapsed=00:00:20
[RETURN id=15674 rank=01030] left=3,4,1,1,3,2,3 status=QUOTA_REACHED layouts=1/1 complete=True time=00:00:15
[RETURN id=15364 rank=01023] left=3,3,4,2,1,1,3 status=TIMEOUT layouts=0/1 complete=False time=00:00:20
[RETURN id=15366 rank=01024] left=3,3,4,2,1,3,1 status=TIMEOUT layouts=0/1 complete=False time=00:00:20
[RETURN id=15388 rank=01028] left=3,3,4,3,2,1,1 status=TIMEOUT layouts=0/1 complete=False time=00:00:20
[RETURN id=15384 rank=01026] left=3,3,4,3,1,1,2 status=TIMEOUT layouts=0/1 complete=False time=00:00:20
[RETURN id=15726 rank=01037] left=3,4,1,3,2,1,3 status=TIMEOUT layouts=0/1 complete=False time=00:00:20
[RETURN id=15808 rank=01041] left=3,4,2,1,1,3,3 status=QUOTA_REACHED layouts=1/1 complete=True time=00:00:16
[RETURN id=15728 rank=01038] left=3,4,1,3,2,3,1 status=TIMEOUT layouts=0/1 complete=False time=00:00:20
[RETURN id=15732 rank=01040] left=3,4,1,3,3,2,1 status=TIMEOUT layouts=0/1 complete=False time=00:00:20
[RETURN id=15818 rank=01042] left=3,4,2,1,3,1,3 status=TIMEOUT layouts=0/1 complete=False time=00:00:20
[RETURN id=15820 rank=01043] left=3,4,2,1,3,3,1 status=TIMEOUT layouts=0/1 complete=False time=00:00:20
[RETURN id=15870 rank=01046] left=3,4,2,3,3,1,1 status=TIMEOUT layouts=0/1 complete=False time=00:00:20
[RETURN id=15934 rank=01047] left=3,4,3,1,1,2,3 status=TIMEOUT layouts=0/1 complete=False time=00:00:20
[RETURN id=15944 rank=01051] left=3,4,3,1,3,1,2 status=TIMEOUT layouts=0/1 complete=False time=00:00:20
[RETURN id=15968 rank=01055] left=3,4,3,2,3,1,1 status=TIMEOUT layouts=0/1 complete=False time=00:00:20
[RETURN id=15980 rank=01057] left=3,4,3,3,1,2,1 status=TIMEOUT layouts=0/1 complete=False time=00:00:20
[RETURN id=17632 rank=01059] left=4,1,1,2,3,3,3 status=TIMEOUT layouts=0/1 complete=False time=00:00:20
[RETURN id=17660 rank=01061] left=4,1,1,3,3,2,3 status=TIMEOUT layouts=0/1 complete=False time=00:00:20
[RETURN id=17804 rank=01067] left=4,1,2,3,1,3,3 status=TIMEOUT layouts=0/1 complete=False time=00:00:20
[RETURN id=17814 rank=01068] left=4,1,2,3,3,1,3 status=TIMEOUT layouts=0/1 complete=False time=00:00:20
[GLOBAL] [----------------------------] done=61/3505 (1.74%) covered=61 layouts=61 running=14/14 remaining=3444 elapsed=00:13:00 rate=4.69 sig/min ETA=12:13:58
[COVERAGE] selected_mass(global)=47.579% covered_mass(global contribution)=4.105%
[LONGEST] id=17816 rank=1069 left=4,1,2,3,3,3,1 elapsed=00:00:19
[RETURN id=17816 rank=01069] left=4,1,2,3,3,3,1 status=TIMEOUT layouts=0/1 complete=False time=00:00:20
[RETURN id=17838 rank=01070] left=4,1,2,4,2,2,2 status=TIMEOUT layouts=0/1 complete=False time=00:00:20
[RETURN id=17910 rank=01072] left=4,1,3,1,3,2,3 status=TIMEOUT layouts=0/1 complete=False time=00:00:20
[RETURN id=17964 rank=01080] left=4,1,3,3,2,3,1 status=QUOTA_REACHED layouts=1/1 complete=True time=00:00:16
[RETURN id=18412 rank=01084] left=4,2,1,1,3,3,3 status=QUOTA_REACHED layouts=1/1 complete=True time=00:00:12
[RETURN id=17968 rank=01082] left=4,1,3,3,3,2,1 status=QUOTA_REACHED layouts=1/1 complete=True time=00:00:18
[RETURN id=17958 rank=01078] left=4,1,3,3,1,3,2 status=TIMEOUT layouts=0/1 complete=False time=00:00:20
[RETURN id=17962 rank=01079] left=4,1,3,3,2,1,3 status=TIMEOUT layouts=0/1 complete=False time=00:00:20
[RETURN id=18078 rank=01083] left=4,1,4,2,2,2,2 status=TIMEOUT layouts=0/1 complete=False time=00:00:20
[RETURN id=18434 rank=01085] left=4,2,1,2,2,2,4 status=TIMEOUT layouts=0/1 complete=False time=00:00:20
[RETURN id=18436 rank=01086] left=4,2,1,2,2,4,2 status=TIMEOUT layouts=0/1 complete=False time=00:00:20
[RETURN id=18446 rank=01087] left=4,2,1,2,4,2,2 status=TIMEOUT layouts=0/1 complete=False time=00:00:20
[RETURN id=18588 rank=01097] left=4,2,2,2,2,1,4 status=TIMEOUT layouts=0/1 complete=False time=00:00:20
[RETURN id=18856 rank=01113] left=4,2,4,2,2,2,1 status=QUOTA_REACHED layouts=1/1 complete=True time=00:00:10
[RETURN id=18600 rank=01100] left=4,2,2,2,4,2,1 status=TIMEOUT layouts=0/1 complete=False time=00:00:20
[RETURN id=18754 rank=01108] left=4,2,3,3,1,3,1 status=QUOTA_REACHED layouts=1/1 complete=True time=00:00:17
[RETURN id=18638 rank=01101] left=4,2,2,4,1,2,2 status=TIMEOUT layouts=0/1 complete=False time=00:00:20
[RETURN id=18642 rank=01102] left=4,2,2,4,2,1,2 status=TIMEOUT layouts=0/1 complete=False time=00:00:20
[RETURN id=18752 rank=01107] left=4,2,3,3,1,1,3 status=TIMEOUT layouts=0/1 complete=False time=00:00:20
[RETURN id=19160 rank=01115] left=4,3,1,1,3,2,3 status=TIMEOUT layouts=0/1 complete=False time=00:00:20
[RETURN id=19208 rank=01121] left=4,3,1,3,1,3,2 status=TIMEOUT layouts=0/1 complete=False time=00:00:20
[RETURN id=19212 rank=01122] left=4,3,1,3,2,1,3 status=QUOTA_REACHED layouts=1/1 complete=True time=00:00:20
[GLOBAL] [----------------------------] done=67/3505 (1.91%) covered=67 layouts=67 running=14/14 remaining=3438 elapsed=00:13:30 rate=4.96 sig/min ETA=11:32:44
[COVERAGE] selected_mass(global)=47.579% covered_mass(global contribution)=4.270%
[LONGEST] id=19214 rank=1123 left=4,3,1,3,2,3,1 elapsed=00:00:18
[RETURN id=19218 rank=01125] left=4,3,1,3,3,2,1 status=QUOTA_REACHED layouts=1/1 complete=True time=00:00:17
[RETURN id=19214 rank=01123] left=4,3,1,3,2,3,1 status=TIMEOUT layouts=0/1 complete=False time=00:00:20
[RETURN id=19294 rank=01126] left=4,3,2,1,1,3,3 status=TIMEOUT layouts=0/1 complete=False time=00:00:20
[RETURN id=19304 rank=01127] left=4,3,2,1,3,1,3 status=TIMEOUT layouts=0/1 complete=False time=00:00:20
[RETURN id=19306 rank=01128] left=4,3,2,1,3,3,1 status=TIMEOUT layouts=0/1 complete=False time=00:00:20
[RETURN id=19356 rank=01131] left=4,3,2,3,3,1,1 status=TIMEOUT layouts=0/1 complete=False time=00:00:20
[RETURN id=19420 rank=01132] left=4,3,3,1,1,2,3 status=TIMEOUT layouts=0/1 complete=False time=00:00:20
[RETURN id=19454 rank=01140] left=4,3,3,2,3,1,1 status=TIMEOUT layouts=0/1 complete=False time=00:00:20
[RETURN id=19430 rank=01136] left=4,3,3,1,3,1,2 status=TIMEOUT layouts=0/1 complete=False time=00:00:20
[RETURN id=19956 rank=01148] left=4,4,2,2,2,2,1 status=TIMEOUT layouts=0/1 complete=False time=00:00:20
[RETURN id=19466 rank=01142] left=4,3,3,3,1,2,1 status=TIMEOUT layouts=0/1 complete=False time=00:00:20
[RETURN id=01990 rank=01152] left=0,3,3,3,2,3,3 status=QUOTA_REACHED layouts=1/1 complete=True time=00:00:16
[RETURN id=08424 rank=01155] left=2,0,3,3,3,3,3 status=QUOTA_REACHED layouts=1/1 complete=True time=00:00:16
[RETURN id=01852 rank=01150] left=0,3,2,3,3,3,3 status=TIMEOUT layouts=0/1 complete=False time=00:00:20
[RETURN id=01996 rank=01154] left=0,3,3,3,3,3,2 status=TIMEOUT layouts=0/1 complete=False time=00:00:20
[RETURN id=09786 rank=01157] left=2,2,2,2,2,5,2 status=TIMEOUT layouts=0/1 complete=False time=00:00:20
[RETURN id=09800 rank=01158] left=2,2,2,2,5,2,2 status=TIMEOUT layouts=0/1 complete=False time=00:00:20
[RETURN id=09870 rank=01159] left=2,2,2,5,2,2,2 status=TIMEOUT layouts=0/1 complete=False time=00:00:20
[RETURN id=10350 rank=01161] left=2,3,0,3,3,3,3 status=TIMEOUT layouts=0/1 complete=False time=00:00:20
[RETURN id=12700 rank=01167] left=3,0,2,3,3,3,3 status=QUOTA_REACHED layouts=1/1 complete=True time=00:00:17
[RETURN id=10802 rank=01165] left=2,3,3,3,3,3,0 status=TIMEOUT layouts=0/1 complete=False time=00:00:20
[GLOBAL] [----------------------------] done=71/3505 (2.03%) covered=71 layouts=71 running=14/14 remaining=3434 elapsed=00:14:00 rate=5.07 sig/min ETA=11:17:08
[COVERAGE] selected_mass(global)=47.579% covered_mass(global contribution)=4.364%
[LONGEST] id=12838 rank=1169 left=3,0,3,3,2,3,3 elapsed=00:00:17
[RETURN id=12838 rank=01169] left=3,0,3,3,2,3,3 status=TIMEOUT layouts=0/1 complete=False time=00:00:20
[RETURN id=15274 rank=01195] left=3,3,3,3,3,0,2 status=QUOTA_REACHED layouts=1/1 complete=True time=00:00:04
[RETURN id=12844 rank=01171] left=3,0,3,3,3,3,2 status=TIMEOUT layouts=0/1 complete=False time=00:00:20
[RETURN id=14396 rank=01173] left=3,2,3,0,3,3,3 status=TIMEOUT layouts=0/1 complete=False time=00:00:20
[RETURN id=14466 rank=01174] left=3,2,3,3,0,3,3 status=TIMEOUT layouts=0/1 complete=False time=00:00:20
[RETURN id=14480 rank=01175] left=3,2,3,3,3,0,3 status=TIMEOUT layouts=0/1 complete=False time=00:00:20
[RETURN id=14824 rank=01178] left=3,3,0,3,2,3,3 status=TIMEOUT layouts=0/1 complete=False time=00:00:20
[RETURN id=14830 rank=01180] left=3,3,0,3,3,3,2 status=TIMEOUT layouts=0/1 complete=False time=00:00:20
[RETURN id=15138 rank=01184] left=3,3,2,3,3,3,0 status=TIMEOUT layouts=0/1 complete=False time=00:00:20
[RETURN id=15276 rank=01196] left=3,3,3,3,3,2,0 status=QUOTA_REACHED layouts=1/1 complete=True time=00:00:10
[RETURN id=15194 rank=01186] left=3,3,3,0,3,2,3 status=TIMEOUT layouts=0/1 complete=False time=00:00:20
[RETURN id=15236 rank=01188] left=3,3,3,2,0,3,3 status=TIMEOUT layouts=0/1 complete=False time=00:00:20
[RETURN id=15250 rank=01189] left=3,3,3,2,3,0,3 status=TIMEOUT layouts=0/1 complete=False time=00:00:20
[RETURN id=15262 rank=01192] left=3,3,3,3,0,3,2 status=TIMEOUT layouts=0/1 complete=False time=00:00:20
[RETURN id=15270 rank=01193] left=3,3,3,3,2,0,3 status=TIMEOUT layouts=0/1 complete=False time=00:00:20
[RETURN id=04606 rank=01200] left=1,1,2,2,4,4,3 status=QUOTA_REACHED layouts=1/1 complete=True time=00:00:17
[RETURN id=04602 rank=01198] left=1,1,2,2,3,4,4 status=QUOTA_REACHED layouts=1/1 complete=True time=00:00:16
[RETURN id=04640 rank=01204] left=1,1,2,4,2,3,4 status=QUOTA_REACHED layouts=1/1 complete=True time=00:00:13
[RETURN id=22454 rank=01197] left=5,2,2,2,2,2,2 status=TIMEOUT layouts=0/1 complete=False time=00:00:20
[RETURN id=04624 rank=01202] left=1,1,2,3,4,2,4 status=TIMEOUT layouts=0/1 complete=False time=00:00:20
[RETURN id=04626 rank=01203] left=1,1,2,3,4,4,2 status=TIMEOUT layouts=0/1 complete=False time=00:00:20
[GLOBAL] [----------------------------] done=76/3505 (2.17%) covered=76 layouts=76 running=14/14 remaining=3429 elapsed=00:14:30 rate=5.24 sig/min ETA=10:54:13
[COVERAGE] selected_mass(global)=47.579% covered_mass(global contribution)=4.449%
[LONGEST] id=4644 rank=1206 left=1,1,2,4,3,2,4 elapsed=00:00:20
[RETURN id=04644 rank=01206] left=1,1,2,4,3,2,4 status=TIMEOUT layouts=0/1 complete=False time=00:00:20
[RETURN id=04646 rank=01207] left=1,1,2,4,3,4,2 status=TIMEOUT layouts=0/1 complete=False time=00:00:20
[RETURN id=04650 rank=01208] left=1,1,2,4,4,2,3 status=TIMEOUT layouts=0/1 complete=False time=00:00:20
[RETURN id=04722 rank=01211] left=1,1,3,2,4,2,4 status=TIMEOUT layouts=0/1 complete=False time=00:00:20
[RETURN id=04854 rank=01217] left=1,1,4,2,2,4,3 status=QUOTA_REACHED layouts=1/1 complete=True time=00:00:17
[RETURN id=04724 rank=01212] left=1,1,3,2,4,4,2 status=TIMEOUT layouts=0/1 complete=False time=00:00:20
[RETURN id=04864 rank=01221] left=1,1,4,2,4,3,2 status=TIMEOUT layouts=0/1 complete=False time=00:00:20
[RETURN id=04880 rank=01222] left=1,1,4,3,2,2,4 status=TIMEOUT layouts=0/1 complete=False time=00:00:20
[RETURN id=04882 rank=01223] left=1,1,4,3,2,4,2 status=TIMEOUT layouts=0/1 complete=False time=00:00:20
[RETURN id=04892 rank=01224] left=1,1,4,3,4,2,2 status=TIMEOUT layouts=0/1 complete=False time=00:00:20
[RETURN id=04910 rank=01225] left=1,1,4,4,2,2,3 status=TIMEOUT layouts=0/1 complete=False time=00:00:20
[RETURN id=04916 rank=01227] left=1,1,4,4,3,2,2 status=TIMEOUT layouts=0/1 complete=False time=00:00:20
[RETURN id=05330 rank=01243] left=1,2,2,3,1,4,4 status=QUOTA_REACHED layouts=1/1 complete=True time=00:00:11
[RETURN id=05200 rank=01229] left=1,2,1,2,4,3,4 status=TIMEOUT layouts=0/1 complete=False time=00:00:20
[RETURN id=05212 rank=01231] left=1,2,1,3,2,4,4 status=TIMEOUT layouts=0/1 complete=False time=00:00:20
[RETURN id=05236 rank=01235] left=1,2,1,4,2,4,3 status=TIMEOUT layouts=0/1 complete=False time=00:00:20
[RETURN id=05246 rank=01239] left=1,2,1,4,4,3,2 status=TIMEOUT layouts=0/1 complete=False time=00:00:20
[RETURN id=05298 rank=01241] left=1,2,2,1,4,3,4 status=TIMEOUT layouts=0/1 complete=False time=00:00:20
[RETURN id=05342 rank=01244] left=1,2,2,3,4,1,4 status=TIMEOUT layouts=0/1 complete=False time=00:00:20
[RETURN id=05356 rank=01246] left=1,2,2,4,1,3,4 status=TIMEOUT layouts=0/1 complete=False time=00:00:20
[RETURN id=05516 rank=01263] left=1,2,3,4,4,2,1 status=QUOTA_REACHED layouts=1/1 complete=True time=00:00:12
[GLOBAL] [----------------------------] done=79/3505 (2.25%) covered=79 layouts=79 running=14/14 remaining=3426 elapsed=00:15:00 rate=5.27 sig/min ETA=10:50:30
[COVERAGE] selected_mass(global)=47.579% covered_mass(global contribution)=4.490%
[LONGEST] id=5368 rank=1249 left=1,2,2,4,3,4,1 elapsed=00:00:20
[RETURN id=05368 rank=01249] left=1,2,2,4,3,4,1 status=TIMEOUT layouts=0/1 complete=False time=00:00:20
[RETURN id=05432 rank=01253] left=1,2,3,1,4,2,4 status=TIMEOUT layouts=0/1 complete=False time=00:00:20
[RETURN id=05434 rank=01254] left=1,2,3,1,4,4,2 status=TIMEOUT layouts=0/1 complete=False time=00:00:20
[RETURN id=05460 rank=01257] left=1,2,3,2,4,4,1 status=TIMEOUT layouts=0/1 complete=False time=00:00:20
[RETURN id=05504 rank=01260] left=1,2,3,4,2,1,4 status=TIMEOUT layouts=0/1 complete=False time=00:00:20
[RETURN id=05574 rank=01265] left=1,2,4,1,2,4,3 status=TIMEOUT layouts=0/1 complete=False time=00:00:20
[RETURN id=05584 rank=01269] left=1,2,4,1,4,3,2 status=TIMEOUT layouts=0/1 complete=False time=00:00:20
[RETURN id=05596 rank=01270] left=1,2,4,2,1,3,4 status=TIMEOUT layouts=0/1 complete=False time=00:00:20
[RETURN id=05608 rank=01273] left=1,2,4,2,3,4,1 status=TIMEOUT layouts=0/1 complete=False time=00:00:20
[RETURN id=05624 rank=01276] left=1,2,4,3,1,2,4 status=TIMEOUT layouts=0/1 complete=False time=00:00:20
[RETURN id=05974 rank=01290] left=1,3,1,2,4,4,2 status=QUOTA_REACHED layouts=1/1 complete=True time=00:00:11
[RETURN id=05626 rank=01277] left=1,2,4,3,1,4,2 status=TIMEOUT layouts=0/1 complete=False time=00:00:20
[RETURN id=05660 rank=01285] left=1,2,4,4,2,3,1 status=QUOTA_REACHED layouts=1/1 complete=True time=00:00:15
[RETURN id=05632 rank=01279] left=1,2,4,3,2,4,1 status=TIMEOUT layouts=0/1 complete=False time=00:00:20
[RETURN id=05640 rank=01280] left=1,2,4,3,4,1,2 status=TIMEOUT layouts=0/1 complete=False time=00:00:20
[RETURN id=05654 rank=01283] left=1,2,4,4,1,3,2 status=TIMEOUT layouts=0/1 complete=False time=00:00:20
[RETURN id=05658 rank=01284] left=1,2,4,4,2,1,3 status=TIMEOUT layouts=0/1 complete=False time=00:00:20
[RETURN id=05664 rank=01287] left=1,2,4,4,3,2,1 status=TIMEOUT layouts=0/1 complete=False time=00:00:20
[RETURN id=05972 rank=01289] left=1,3,1,2,4,2,4 status=TIMEOUT layouts=0/1 complete=False time=00:00:20
[RETURN id=06080 rank=01294] left=1,3,2,1,2,4,4 status=TIMEOUT layouts=0/1 complete=False time=00:00:20
[RETURN id=06162 rank=01303] left=1,3,2,4,2,4,1 status=QUOTA_REACHED layouts=1/1 complete=True time=00:00:12
[GLOBAL] [----------------------------] done=82/3505 (2.34%) covered=82 layouts=82 running=14/14 remaining=3423 elapsed=00:15:30 rate=5.29 sig/min ETA=10:47:02
[COVERAGE] selected_mass(global)=47.579% covered_mass(global contribution)=4.532%
[LONGEST] id=6100 rank=1297 left=1,3,2,2,1,4,4 elapsed=00:00:21
[RETURN id=06100 rank=01297] left=1,3,2,2,1,4,4 status=TIMEOUT layouts=0/1 complete=False time=00:00:20
[RETURN id=06112 rank=01298] left=1,3,2,2,4,1,4 status=TIMEOUT layouts=0/1 complete=False time=00:00:20
[RETURN id=06154 rank=01300] left=1,3,2,4,1,2,4 status=TIMEOUT layouts=0/1 complete=False time=00:00:20
[RETURN id=06156 rank=01301] left=1,3,2,4,1,4,2 status=TIMEOUT layouts=0/1 complete=False time=00:00:20
[RETURN id=06170 rank=01304] left=1,3,2,4,4,1,2 status=TIMEOUT layouts=0/1 complete=False time=00:00:20
[RETURN id=06380 rank=01306] left=1,3,4,1,2,2,4 status=TIMEOUT layouts=0/1 complete=False time=00:00:20
[RETURN id=06382 rank=01307] left=1,3,4,1,2,4,2 status=TIMEOUT layouts=0/1 complete=False time=00:00:20
[RETURN id=06392 rank=01308] left=1,3,4,1,4,2,2 status=TIMEOUT layouts=0/1 complete=False time=00:00:20
[RETURN id=06406 rank=01310] left=1,3,4,2,1,4,2 status=TIMEOUT layouts=0/1 complete=False time=00:00:20
[RETURN id=06404 rank=01309] left=1,3,4,2,1,2,4 status=TIMEOUT layouts=0/1 complete=False time=00:00:20
[RETURN id=06790 rank=01323] left=1,4,1,2,4,3,2 status=QUOTA_REACHED layouts=1/1 complete=True time=00:00:14
[RETURN id=06412 rank=01312] left=1,3,4,2,2,4,1 status=TIMEOUT layouts=0/1 complete=False time=00:00:20
[RETURN id=06904 rank=01330] left=1,4,2,1,2,3,4 status=QUOTA_REACHED layouts=1/1 complete=True time=00:00:07
[RETURN id=06420 rank=01313] left=1,3,4,2,4,1,2 status=TIMEOUT layouts=0/1 complete=False time=00:00:20
[RETURN id=06464 rank=01317] left=1,3,4,4,2,2,1 status=TIMEOUT layouts=0/1 complete=False time=00:00:20
[RETURN id=06780 rank=01319] left=1,4,1,2,2,4,3 status=TIMEOUT layouts=0/1 complete=False time=00:00:20
[RETURN id=06806 rank=01324] left=1,4,1,3,2,2,4 status=TIMEOUT layouts=0/1 complete=False time=00:00:20
[RETURN id=06808 rank=01325] left=1,4,1,3,2,4,2 status=TIMEOUT layouts=0/1 complete=False time=00:00:20
[RETURN id=06818 rank=01326] left=1,4,1,3,4,2,2 status=TIMEOUT layouts=0/1 complete=False time=00:00:20
[RETURN id=06836 rank=01327] left=1,4,1,4,2,2,3 status=TIMEOUT layouts=0/1 complete=False time=00:00:20
[RETURN id=06842 rank=01329] left=1,4,1,4,3,2,2 status=TIMEOUT layouts=0/1 complete=False time=00:00:20
[GLOBAL] [----------------------------] done=84/3505 (2.40%) covered=84 layouts=84 running=14/14 remaining=3421 elapsed=00:16:00 rate=5.25 sig/min ETA=10:51:37
[COVERAGE] selected_mass(global)=47.579% covered_mass(global contribution)=4.559%
[LONGEST] id=6908 rank=1332 left=1,4,2,1,3,2,4 elapsed=00:00:21
[RETURN id=06908 rank=01332] left=1,4,2,1,3,2,4 status=TIMEOUT layouts=0/1 complete=False time=00:00:20
[RETURN id=06910 rank=01333] left=1,4,2,1,3,4,2 status=TIMEOUT layouts=0/1 complete=False time=00:00:20
[RETURN id=06914 rank=01334] left=1,4,2,1,4,2,3 status=TIMEOUT layouts=0/1 complete=False time=00:00:20
[RETURN id=06936 rank=01338] left=1,4,2,2,3,1,4 status=TIMEOUT layouts=0/1 complete=False time=00:00:20
[RETURN id=06928 rank=01337] left=1,4,2,2,1,4,3 status=TIMEOUT layouts=0/1 complete=False time=00:00:20
[RETURN id=06942 rank=01340] left=1,4,2,2,4,1,3 status=TIMEOUT layouts=0/1 complete=False time=00:00:20
[RETURN id=06944 rank=01341] left=1,4,2,2,4,3,1 status=TIMEOUT layouts=0/1 complete=False time=00:00:20
[RETURN id=06960 rank=01344] left=1,4,2,3,2,1,4 status=TIMEOUT layouts=0/1 complete=False time=00:00:20
[RETURN id=06972 rank=01347] left=1,4,2,3,4,2,1 status=TIMEOUT layouts=0/1 complete=False time=00:00:20
[RETURN id=06984 rank=01348] left=1,4,2,4,1,2,3 status=TIMEOUT layouts=0/1 complete=False time=00:00:20
[RETURN id=06994 rank=01352] left=1,4,2,4,3,1,2 status=TIMEOUT layouts=0/1 complete=False time=00:00:20
[RETURN id=07056 rank=01354] left=1,4,3,1,2,2,4 status=TIMEOUT layouts=0/1 complete=False time=00:00:20
[RETURN id=07058 rank=01355] left=1,4,3,1,2,4,2 status=TIMEOUT layouts=0/1 complete=False time=00:00:20
[RETURN id=07068 rank=01356] left=1,4,3,1,4,2,2 status=TIMEOUT layouts=0/1 complete=False time=00:00:20
[RETURN id=07080 rank=01357] left=1,4,3,2,1,2,4 status=TIMEOUT layouts=0/1 complete=False time=00:00:20
[RETURN id=07082 rank=01358] left=1,4,3,2,1,4,2 status=TIMEOUT layouts=0/1 complete=False time=00:00:20
[RETURN id=07088 rank=01360] left=1,4,3,2,2,4,1 status=TIMEOUT layouts=0/1 complete=False time=00:00:20
[RETURN id=07096 rank=01361] left=1,4,3,2,4,1,2 status=TIMEOUT layouts=0/1 complete=False time=00:00:20
[RETURN id=07140 rank=01365] left=1,4,3,4,2,2,1 status=QUOTA_REACHED layouts=1/1 complete=True time=00:00:20
[RETURN id=07202 rank=01367] left=1,4,4,1,2,3,2 status=TIMEOUT layouts=0/1 complete=False time=00:00:20
[RETURN id=07224 rank=01369] left=1,4,4,2,1,2,3 status=TIMEOUT layouts=0/1 complete=False time=00:00:20
[GLOBAL] [----------------------------] done=85/3505 (2.43%) covered=85 layouts=85 running=14/14 remaining=3420 elapsed=00:16:30 rate=5.15 sig/min ETA=11:03:53
[COVERAGE] selected_mass(global)=47.579% covered_mass(global contribution)=4.573%
[LONGEST] id=7234 rank=1373 left=1,4,4,2,3,1,2 elapsed=00:00:20
[RETURN id=07234 rank=01373] left=1,4,4,2,3,1,2 status=TIMEOUT layouts=0/1 complete=False time=00:00:20
[RETURN id=07250 rank=01375] left=1,4,4,3,1,2,2 status=TIMEOUT layouts=0/1 complete=False time=00:00:20
[RETURN id=07254 rank=01376] left=1,4,4,3,2,1,2 status=TIMEOUT layouts=0/1 complete=False time=00:00:20
[RETURN id=08882 rank=01380] left=2,1,1,2,4,4,3 status=TIMEOUT layouts=0/1 complete=False time=00:00:20
[RETURN id=08878 rank=01378] left=2,1,1,2,3,4,4 status=TIMEOUT layouts=0/1 complete=False time=00:00:20
[RETURN id=08900 rank=01382] left=2,1,1,3,4,2,4 status=TIMEOUT layouts=0/1 complete=False time=00:00:20
[RETURN id=08902 rank=01383] left=2,1,1,3,4,4,2 status=TIMEOUT layouts=0/1 complete=False time=00:00:20
[RETURN id=08916 rank=01384] left=2,1,1,4,2,3,4 status=TIMEOUT layouts=0/1 complete=False time=00:00:20
[RETURN id=08922 rank=01387] left=2,1,1,4,3,4,2 status=QUOTA_REACHED layouts=1/1 complete=True time=00:00:17
[RETURN id=08920 rank=01386] left=2,1,1,4,3,2,4 status=TIMEOUT layouts=0/1 complete=False time=00:00:20
[RETURN id=08926 rank=01388] left=2,1,1,4,4,2,3 status=TIMEOUT layouts=0/1 complete=False time=00:00:20
[RETURN id=08976 rank=01390] left=2,1,2,1,3,4,4 status=TIMEOUT layouts=0/1 complete=False time=00:00:20
[RETURN id=08980 rank=01392] left=2,1,2,1,4,4,3 status=TIMEOUT layouts=0/1 complete=False time=00:00:20
[RETURN id=09052 rank=01400] left=2,1,2,4,4,1,3 status=QUOTA_REACHED layouts=1/1 complete=True time=00:00:14
[RETURN id=09026 rank=01395] left=2,1,2,3,4,4,1 status=TIMEOUT layouts=0/1 complete=False time=00:00:20
[RETURN id=09038 rank=01397] left=2,1,2,4,1,4,3 status=TIMEOUT layouts=0/1 complete=False time=00:00:20
[RETURN id=09046 rank=01398] left=2,1,2,4,3,1,4 status=TIMEOUT layouts=0/1 complete=False time=00:00:20
[RETURN id=09054 rank=01401] left=2,1,2,4,4,3,1 status=TIMEOUT layouts=0/1 complete=False time=00:00:20
[RETURN id=09106 rank=01402] left=2,1,3,1,2,4,4 status=TIMEOUT layouts=0/1 complete=False time=00:00:20
[RETURN id=09182 rank=01409] left=2,1,3,4,1,4,2 status=QUOTA_REACHED layouts=1/1 complete=True time=00:00:16
[GLOBAL] [----------------------------] done=88/3505 (2.51%) covered=88 layouts=88 running=14/14 remaining=3417 elapsed=00:17:00 rate=5.18 sig/min ETA=11:00:06
[COVERAGE] selected_mass(global)=47.579% covered_mass(global contribution)=4.614%
[LONGEST] id=9126 rank=1405 left=2,1,3,2,1,4,4 elapsed=00:00:18
[RETURN id=09126 rank=01405] left=2,1,3,2,1,4,4 status=TIMEOUT layouts=0/1 complete=False time=00:00:20
[RETURN id=09138 rank=01406] left=2,1,3,2,4,1,4 status=TIMEOUT layouts=0/1 complete=False time=00:00:20
[RETURN id=09180 rank=01408] left=2,1,3,4,1,2,4 status=TIMEOUT layouts=0/1 complete=False time=00:00:20
[RETURN id=09188 rank=01411] left=2,1,3,4,2,4,1 status=QUOTA_REACHED layouts=1/1 complete=True time=00:00:19
[RETURN id=09286 rank=01422] left=2,1,4,2,3,1,4 status=QUOTA_REACHED layouts=1/1 complete=True time=00:00:12
[RETURN id=09196 rank=01412] left=2,1,3,4,4,1,2 status=TIMEOUT layouts=0/1 complete=False time=00:00:20
[RETURN id=09254 rank=01414] left=2,1,4,1,2,3,4 status=TIMEOUT layouts=0/1 complete=False time=00:00:20
[RETURN id=09258 rank=01416] left=2,1,4,1,3,2,4 status=TIMEOUT layouts=0/1 complete=False time=00:00:20
[RETURN id=09260 rank=01417] left=2,1,4,1,3,4,2 status=TIMEOUT layouts=0/1 complete=False time=00:00:20
[RETURN id=09264 rank=01418] left=2,1,4,1,4,2,3 status=TIMEOUT layouts=0/1 complete=False time=00:00:20
[RETURN id=09278 rank=01421] left=2,1,4,2,1,4,3 status=TIMEOUT layouts=0/1 complete=False time=00:00:20
[RETURN id=09292 rank=01424] left=2,1,4,2,4,1,3 status=TIMEOUT layouts=0/1 complete=False time=00:00:20
[RETURN id=09294 rank=01425] left=2,1,4,2,4,3,1 status=TIMEOUT layouts=0/1 complete=False time=00:00:20
[RETURN id=09310 rank=01428] left=2,1,4,3,2,1,4 status=TIMEOUT layouts=0/1 complete=False time=00:00:20
[RETURN id=09322 rank=01431] left=2,1,4,3,4,2,1 status=TIMEOUT layouts=0/1 complete=False time=00:00:20
[RETURN id=09334 rank=01432] left=2,1,4,4,1,2,3 status=TIMEOUT layouts=0/1 complete=False time=00:00:20
[RETURN id=09634 rank=01439] left=2,2,1,1,4,3,4 status=TIMEOUT layouts=0/1 complete=False time=00:00:20
[RETURN id=09344 rank=01436] left=2,1,4,4,3,1,2 status=TIMEOUT layouts=0/1 complete=False time=00:00:20
[RETURN id=09666 rank=01441] left=2,2,1,3,1,4,4 status=TIMEOUT layouts=0/1 complete=False time=00:00:20
[RETURN id=09704 rank=01447] left=2,2,1,4,3,4,1 status=QUOTA_REACHED layouts=1/1 complete=True time=00:00:17
[RETURN id=09678 rank=01442] left=2,2,1,3,4,1,4 status=TIMEOUT layouts=0/1 complete=False time=00:00:20
[GLOBAL] [----------------------------] done=91/3505 (2.60%) covered=91 layouts=91 running=14/14 remaining=3414 elapsed=00:17:30 rate=5.20 sig/min ETA=10:56:32
[COVERAGE] selected_mass(global)=47.579% covered_mass(global contribution)=4.656%
[LONGEST] id=9692 rank=1444 left=2,2,1,4,1,3,4 elapsed=00:00:21
[RETURN id=09692 rank=01444] left=2,2,1,4,1,3,4 status=TIMEOUT layouts=0/1 complete=False time=00:00:20
[RETURN id=09906 rank=01450] left=2,2,3,1,1,4,4 status=TIMEOUT layouts=0/1 complete=False time=00:00:20
[RETURN id=09918 rank=01451] left=2,2,3,1,4,1,4 status=TIMEOUT layouts=0/1 complete=False time=00:00:20
[RETURN id=09988 rank=01453] left=2,2,3,4,1,1,4 status=TIMEOUT layouts=0/1 complete=False time=00:00:20
[RETURN id=10058 rank=01457] left=2,2,4,1,1,4,3 status=TIMEOUT layouts=0/1 complete=False time=00:00:20
[RETURN id=10066 rank=01458] left=2,2,4,1,3,1,4 status=TIMEOUT layouts=0/1 complete=False time=00:00:20
[RETURN id=10072 rank=01460] left=2,2,4,1,4,1,3 status=TIMEOUT layouts=0/1 complete=False time=00:00:20
[RETURN id=10128 rank=01464] left=2,2,4,3,4,1,1 status=QUOTA_REACHED layouts=1/1 complete=True time=00:00:18
[RETURN id=10074 rank=01461] left=2,2,4,1,4,3,1 status=TIMEOUT layouts=0/1 complete=False time=00:00:20
[RETURN id=10116 rank=01463] left=2,2,4,3,1,4,1 status=TIMEOUT layouts=0/1 complete=False time=00:00:20
[RETURN id=10148 rank=01467] left=2,2,4,4,3,1,1 status=TIMEOUT layouts=0/1 complete=False time=00:00:20
[RETURN id=10444 rank=01469] left=2,3,1,1,4,2,4 status=TIMEOUT layouts=0/1 complete=False time=00:00:20
[RETURN id=10446 rank=01470] left=2,3,1,1,4,4,2 status=TIMEOUT layouts=0/1 complete=False time=00:00:20
[RETURN id=10472 rank=01473] left=2,3,1,2,4,4,1 status=TIMEOUT layouts=0/1 complete=False time=00:00:20
[RETURN id=10516 rank=01476] left=2,3,1,4,2,1,4 status=TIMEOUT layouts=0/1 complete=False time=00:00:20
[RETURN id=10528 rank=01479] left=2,3,1,4,4,2,1 status=TIMEOUT layouts=0/1 complete=False time=00:00:20
[RETURN id=10582 rank=01480] left=2,3,2,1,1,4,4 status=TIMEOUT layouts=0/1 complete=False time=00:00:20
[RETURN id=10594 rank=01481] left=2,3,2,1,4,1,4 status=TIMEOUT layouts=0/1 complete=False time=00:00:20
[RETURN id=10664 rank=01483] left=2,3,2,4,1,1,4 status=QUOTA_REACHED layouts=1/1 complete=True time=00:00:17
[GLOBAL] [----------------------------] done=93/3505 (2.65%) covered=93 layouts=93 running=14/14 remaining=3412 elapsed=00:18:00 rate=5.17 sig/min ETA=11:00:23
[COVERAGE] selected_mass(global)=47.579% covered_mass(global contribution)=4.683%
[LONGEST] id=10876 rank=1486 left=2,3,4,1,1,2,4 elapsed=00:00:19
[RETURN id=10876 rank=01486] left=2,3,4,1,1,2,4 status=TIMEOUT layouts=0/1 complete=False time=00:00:20
[RETURN id=10878 rank=01487] left=2,3,4,1,1,4,2 status=TIMEOUT layouts=0/1 complete=False time=00:00:20
[RETURN id=10884 rank=01489] left=2,3,4,1,2,4,1 status=TIMEOUT layouts=0/1 complete=False time=00:00:20
[RETURN id=10892 rank=01490] left=2,3,4,1,4,1,2 status=TIMEOUT layouts=0/1 complete=False time=00:00:20
[RETURN id=10904 rank=01492] left=2,3,4,2,1,1,4 status=TIMEOUT layouts=0/1 complete=False time=00:00:20
[RETURN id=10950 rank=01495] left=2,3,4,4,1,1,2 status=TIMEOUT layouts=0/1 complete=False time=00:00:20
[RETURN id=10954 rank=01497] left=2,3,4,4,2,1,1 status=TIMEOUT layouts=0/1 complete=False time=00:00:20
[RETURN id=11240 rank=01498] left=2,4,1,1,2,3,4 status=TIMEOUT layouts=0/1 complete=False time=00:00:20
[RETURN id=11244 rank=01500] left=2,4,1,1,3,2,4 status=TIMEOUT layouts=0/1 complete=False time=00:00:20
[RETURN id=11246 rank=01501] left=2,4,1,1,3,4,2 status=TIMEOUT layouts=0/1 complete=False time=00:00:20
[RETURN id=11250 rank=01502] left=2,4,1,1,4,2,3 status=TIMEOUT layouts=0/1 complete=False time=00:00:20
[RETURN id=11264 rank=01505] left=2,4,1,2,1,4,3 status=TIMEOUT layouts=0/1 complete=False time=00:00:20
[RETURN id=11280 rank=01509] left=2,4,1,2,4,3,1 status=QUOTA_REACHED layouts=1/1 complete=True time=00:00:11
[RETURN id=11272 rank=01506] left=2,4,1,2,3,1,4 status=TIMEOUT layouts=0/1 complete=False time=00:00:20
[RETURN id=11278 rank=01508] left=2,4,1,2,4,1,3 status=TIMEOUT layouts=0/1 complete=False time=00:00:20
[RETURN id=11296 rank=01512] left=2,4,1,3,2,1,4 status=TIMEOUT layouts=0/1 complete=False time=00:00:20
[RETURN id=11472 rank=01532] left=2,4,2,4,1,3,1 status=QUOTA_REACHED layouts=1/1 complete=True time=00:00:13
[RETURN id=11308 rank=01515] left=2,4,1,3,4,2,1 status=TIMEOUT layouts=0/1 complete=False time=00:00:20
[RETURN id=11320 rank=01516] left=2,4,1,4,1,2,3 status=TIMEOUT layouts=0/1 complete=False time=00:00:20
[RETURN id=11330 rank=01520] left=2,4,1,4,3,1,2 status=TIMEOUT layouts=0/1 complete=False time=00:00:20
[RETURN id=11388 rank=01522] left=2,4,2,1,1,3,4 status=TIMEOUT layouts=0/1 complete=False time=00:00:20
[RETURN id=11400 rank=01525] left=2,4,2,1,3,4,1 status=TIMEOUT layouts=0/1 complete=False time=00:00:20
[RETURN id=11444 rank=01528] left=2,4,2,3,1,1,4 status=TIMEOUT layouts=0/1 complete=False time=00:00:20
[GLOBAL] [----------------------------] done=95/3505 (2.71%) covered=95 layouts=95 running=14/14 remaining=3410 elapsed=00:18:30 rate=5.14 sig/min ETA=11:04:03
[COVERAGE] selected_mass(global)=47.579% covered_mass(global contribution)=4.711%
[LONGEST] id=11470 rank=1531 left=2,4,2,4,1,1,3 elapsed=00:00:19
[RETURN id=11470 rank=01531] left=2,4,2,4,1,1,3 status=TIMEOUT layouts=0/1 complete=False time=00:00:20
[RETURN id=11536 rank=01536] left=2,4,3,1,2,1,4 status=TIMEOUT layouts=0/1 complete=False time=00:00:20
[RETURN id=11548 rank=01539] left=2,4,3,1,4,2,1 status=TIMEOUT layouts=0/1 complete=False time=00:00:20
[RETURN id=11562 rank=01541] left=2,4,3,2,1,4,1 status=TIMEOUT layouts=0/1 complete=False time=00:00:20
[RETURN id=11574 rank=01542] left=2,4,3,2,4,1,1 status=QUOTA_REACHED layouts=1/1 complete=True time=00:00:20
[RETURN id=11704 rank=01556] left=2,4,4,3,1,2,1 status=QUOTA_REACHED layouts=1/1 complete=True time=00:00:11
[RETURN id=11692 rank=01554] left=2,4,4,2,3,1,1 status=QUOTA_REACHED layouts=1/1 complete=True time=00:00:11
[RETURN id=13334 rank=01559] left=3,1,1,2,4,2,4 status=QUOTA_REACHED layouts=1/1 complete=True time=00:00:11
[RETURN id=11606 rank=01544] left=2,4,3,4,1,2,1 status=TIMEOUT layouts=0/1 complete=False time=00:00:20
[RETURN id=11658 rank=01546] left=2,4,4,1,1,2,3 status=TIMEOUT layouts=0/1 complete=False time=00:00:20
[RETURN id=11668 rank=01550] left=2,4,4,1,3,1,2 status=TIMEOUT layouts=0/1 complete=False time=00:00:20
[RETURN id=13336 rank=01560] left=3,1,1,2,4,4,2 status=TIMEOUT layouts=0/1 complete=False time=00:00:20
[RETURN id=13462 rank=01567] left=3,1,2,2,1,4,4 status=TIMEOUT layouts=0/1 complete=False time=00:00:20
[RETURN id=13442 rank=01564] left=3,1,2,1,2,4,4 status=TIMEOUT layouts=0/1 complete=False time=00:00:20
[RETURN id=13474 rank=01568] left=3,1,2,2,4,1,4 status=TIMEOUT layouts=0/1 complete=False time=00:00:20
[RETURN id=13516 rank=01570] left=3,1,2,4,1,2,4 status=TIMEOUT layouts=0/1 complete=False time=00:00:20
[RETURN id=13518 rank=01571] left=3,1,2,4,1,4,2 status=TIMEOUT layouts=0/1 complete=False time=00:00:20
[RETURN id=13524 rank=01573] left=3,1,2,4,2,4,1 status=TIMEOUT layouts=0/1 complete=False time=00:00:20
[RETURN id=13532 rank=01574] left=3,1,2,4,4,1,2 status=TIMEOUT layouts=0/1 complete=False time=00:00:20
[RETURN id=13744 rank=01577] left=3,1,4,1,2,4,2 status=TIMEOUT layouts=0/1 complete=False time=00:00:20
[RETURN id=13742 rank=01576] left=3,1,4,1,2,2,4 status=TIMEOUT layouts=0/1 complete=False time=00:00:20
[RETURN id=13754 rank=01578] left=3,1,4,1,4,2,2 status=TIMEOUT layouts=0/1 complete=False time=00:00:20
[GLOBAL] [----------------------------] done=99/3505 (2.82%) covered=99 layouts=99 running=14/14 remaining=3406 elapsed=00:19:00 rate=5.21 sig/min ETA=10:53:41
[COVERAGE] selected_mass(global)=47.579% covered_mass(global contribution)=4.766%
[LONGEST] id=13766 rank=1579 left=3,1,4,2,1,2,4 elapsed=00:00:20
[RETURN id=13766 rank=01579] left=3,1,4,2,1,2,4 status=TIMEOUT layouts=0/1 complete=False time=00:00:20
[RETURN id=13768 rank=01580] left=3,1,4,2,1,4,2 status=TIMEOUT layouts=0/1 complete=False time=00:00:20
[RETURN id=13774 rank=01582] left=3,1,4,2,2,4,1 status=TIMEOUT layouts=0/1 complete=False time=00:00:20
[RETURN id=13782 rank=01583] left=3,1,4,2,4,1,2 status=TIMEOUT layouts=0/1 complete=False time=00:00:20
[RETURN id=13826 rank=01587] left=3,1,4,4,2,2,1 status=TIMEOUT layouts=0/1 complete=False time=00:00:20
[RETURN id=14118 rank=01588] left=3,2,1,1,2,4,4 status=TIMEOUT layouts=0/1 complete=False time=00:00:20
[RETURN id=14138 rank=01591] left=3,2,1,2,1,4,4 status=TIMEOUT layouts=0/1 complete=False time=00:00:20
[RETURN id=14150 rank=01592] left=3,2,1,2,4,1,4 status=TIMEOUT layouts=0/1 complete=False time=00:00:20
[RETURN id=14192 rank=01594] left=3,2,1,4,1,2,4 status=TIMEOUT layouts=0/1 complete=False time=00:00:20
[RETURN id=14194 rank=01595] left=3,2,1,4,1,4,2 status=TIMEOUT layouts=0/1 complete=False time=00:00:20
[RETURN id=14200 rank=01597] left=3,2,1,4,2,4,1 status=TIMEOUT layouts=0/1 complete=False time=00:00:20
[RETURN id=14208 rank=01598] left=3,2,1,4,4,1,2 status=TIMEOUT layouts=0/1 complete=False time=00:00:20
[RETURN id=14278 rank=01602] left=3,2,2,1,4,4,1 status=TIMEOUT layouts=0/1 complete=False time=00:00:20
[RETURN id=14348 rank=01604] left=3,2,2,4,1,4,1 status=TIMEOUT layouts=0/1 complete=False time=00:00:20
[RETURN id=14360 rank=01605] left=3,2,2,4,4,1,1 status=TIMEOUT layouts=0/1 complete=False time=00:00:20
[RETURN id=14562 rank=01608] left=3,2,4,1,2,1,4 status=TIMEOUT layouts=0/1 complete=False time=00:00:20
[RETURN id=14574 rank=01611] left=3,2,4,1,4,2,1 status=TIMEOUT layouts=0/1 complete=False time=00:00:20
[RETURN id=14632 rank=01616] left=3,2,4,4,1,2,1 status=QUOTA_REACHED layouts=1/1 complete=True time=00:00:16
[GLOBAL] [----------------------------] done=100/3505 (2.85%) covered=100 layouts=100 running=14/14 remaining=3405 elapsed=00:19:30 rate=5.13 sig/min ETA=11:03:59
[COVERAGE] selected_mass(global)=47.579% covered_mass(global contribution)=4.780%
[LONGEST] id=14588 rank=1613 left=3,2,4,2,1,4,1 elapsed=00:00:20
[RETURN id=14588 rank=01613] left=3,2,4,2,1,4,1 status=TIMEOUT layouts=0/1 complete=False time=00:00:20
[RETURN id=14600 rank=01614] left=3,2,4,2,4,1,1 status=TIMEOUT layouts=0/1 complete=False time=00:00:20
[RETURN id=15668 rank=01618] left=3,4,1,1,2,2,4 status=TIMEOUT layouts=0/1 complete=False time=00:00:20
[RETURN id=15670 rank=01619] left=3,4,1,1,2,4,2 status=TIMEOUT layouts=0/1 complete=False time=00:00:20
[RETURN id=15680 rank=01620] left=3,4,1,1,4,2,2 status=TIMEOUT layouts=0/1 complete=False time=00:00:20
[RETURN id=15692 rank=01621] left=3,4,1,2,1,2,4 status=TIMEOUT layouts=0/1 complete=False time=00:00:20
[RETURN id=15694 rank=01622] left=3,4,1,2,1,4,2 status=TIMEOUT layouts=0/1 complete=False time=00:00:20
[RETURN id=15700 rank=01624] left=3,4,1,2,2,4,1 status=TIMEOUT layouts=0/1 complete=False time=00:00:20
[RETURN id=15708 rank=01625] left=3,4,1,2,4,1,2 status=TIMEOUT layouts=0/1 complete=False time=00:00:20
[RETURN id=15812 rank=01632] left=3,4,2,1,2,1,4 status=TIMEOUT layouts=0/1 complete=False time=00:00:20
[RETURN id=15752 rank=01629] left=3,4,1,4,2,2,1 status=TIMEOUT layouts=0/1 complete=False time=00:00:20
[RETURN id=15824 rank=01635] left=3,4,2,1,4,2,1 status=TIMEOUT layouts=0/1 complete=False time=00:00:20
[RETURN id=15838 rank=01637] left=3,4,2,2,1,4,1 status=TIMEOUT layouts=0/1 complete=False time=00:00:20
[RETURN id=15850 rank=01638] left=3,4,2,2,4,1,1 status=TIMEOUT layouts=0/1 complete=False time=00:00:20
[RETURN id=15882 rank=01640] left=3,4,2,4,1,2,1 status=TIMEOUT layouts=0/1 complete=False time=00:00:20
[RETURN id=16042 rank=01644] left=3,4,4,1,2,2,1 status=TIMEOUT layouts=0/1 complete=False time=00:00:20
[RETURN id=16056 rank=01645] left=3,4,4,2,1,1,2 status=TIMEOUT layouts=0/1 complete=False time=00:00:20
[RETURN id=16060 rank=01647] left=3,4,4,2,2,1,1 status=TIMEOUT layouts=0/1 complete=False time=00:00:20
[RETURN id=17638 rank=01653] left=4,1,1,2,4,3,2 status=TIMEOUT layouts=0/1 complete=False time=00:00:20
[RETURN id=17628 rank=01649] left=4,1,1,2,2,4,3 status=TIMEOUT layouts=0/1 complete=False time=00:00:20
[GLOBAL] [----------------------------] done=100/3505 (2.85%) covered=100 layouts=100 running=14/14 remaining=3405 elapsed=00:20:00 rate=5.00 sig/min ETA=11:21:00
[COVERAGE] selected_mass(global)=47.579% covered_mass(global contribution)=4.780%
[LONGEST] id=17654 rank=1654 left=4,1,1,3,2,2,4 elapsed=00:00:21
[RETURN id=17654 rank=01654] left=4,1,1,3,2,2,4 status=TIMEOUT layouts=0/1 complete=False time=00:00:20
[RETURN id=17656 rank=01655] left=4,1,1,3,2,4,2 status=TIMEOUT layouts=0/1 complete=False time=00:00:20
[RETURN id=17666 rank=01656] left=4,1,1,3,4,2,2 status=TIMEOUT layouts=0/1 complete=False time=00:00:20
[RETURN id=17684 rank=01657] left=4,1,1,4,2,2,3 status=TIMEOUT layouts=0/1 complete=False time=00:00:20
[RETURN id=17690 rank=01659] left=4,1,1,4,3,2,2 status=TIMEOUT layouts=0/1 complete=False time=00:00:20
[RETURN id=17752 rank=01660] left=4,1,2,1,2,3,4 status=TIMEOUT layouts=0/1 complete=False time=00:00:20
[RETURN id=17758 rank=01663] left=4,1,2,1,3,4,2 status=TIMEOUT layouts=0/1 complete=False time=00:00:20
[RETURN id=17756 rank=01662] left=4,1,2,1,3,2,4 status=TIMEOUT layouts=0/1 complete=False time=00:00:20
[RETURN id=17762 rank=01664] left=4,1,2,1,4,2,3 status=TIMEOUT layouts=0/1 complete=False time=00:00:20
[RETURN id=17776 rank=01667] left=4,1,2,2,1,4,3 status=TIMEOUT layouts=0/1 complete=False time=00:00:20
[RETURN id=17784 rank=01668] left=4,1,2,2,3,1,4 status=TIMEOUT layouts=0/1 complete=False time=00:00:20
[RETURN id=17790 rank=01670] left=4,1,2,2,4,1,3 status=TIMEOUT layouts=0/1 complete=False time=00:00:20
[RETURN id=17792 rank=01671] left=4,1,2,2,4,3,1 status=TIMEOUT layouts=0/1 complete=False time=00:00:20
[RETURN id=17808 rank=01674] left=4,1,2,3,2,1,4 status=TIMEOUT layouts=0/1 complete=False time=00:00:20
[RETURN id=17820 rank=01677] left=4,1,2,3,4,2,1 status=TIMEOUT layouts=0/1 complete=False time=00:00:20
[RETURN id=17832 rank=01678] left=4,1,2,4,1,2,3 status=TIMEOUT layouts=0/1 complete=False time=00:00:20
[RETURN id=17842 rank=01682] left=4,1,2,4,3,1,2 status=TIMEOUT layouts=0/1 complete=False time=00:00:20
[RETURN id=17904 rank=01684] left=4,1,3,1,2,2,4 status=TIMEOUT layouts=0/1 complete=False time=00:00:20
[RETURN id=17906 rank=01685] left=4,1,3,1,2,4,2 status=TIMEOUT layouts=0/1 complete=False time=00:00:20
[GLOBAL] [----------------------------] done=100/3505 (2.85%) covered=100 layouts=100 running=14/14 remaining=3405 elapsed=00:20:30 rate=4.88 sig/min ETA=11:38:02
[COVERAGE] selected_mass(global)=47.579% covered_mass(global contribution)=4.780%
[LONGEST] id=17916 rank=1686 left=4,1,3,1,4,2,2 elapsed=00:00:20
[RETURN id=17930 rank=01688] left=4,1,3,2,1,4,2 status=TIMEOUT layouts=0/1 complete=False time=00:00:20
[RETURN id=17916 rank=01686] left=4,1,3,1,4,2,2 status=TIMEOUT layouts=0/1 complete=False time=00:00:20
[RETURN id=17928 rank=01687] left=4,1,3,2,1,2,4 status=TIMEOUT layouts=0/1 complete=False time=00:00:20
[RETURN id=18102 rank=01706] left=4,1,4,3,2,1,2 status=QUOTA_REACHED layouts=1/1 complete=True time=00:00:09
[RETURN id=17944 rank=01691] left=4,1,3,2,4,1,2 status=QUOTA_REACHED layouts=1/1 complete=True time=00:00:18
[RETURN id=17936 rank=01690] left=4,1,3,2,2,4,1 status=TIMEOUT layouts=0/1 complete=False time=00:00:20
[RETURN id=17988 rank=01695] left=4,1,3,4,2,2,1 status=QUOTA_REACHED layouts=1/1 complete=True time=00:00:19
[RETURN id=18050 rank=01697] left=4,1,4,1,2,3,2 status=TIMEOUT layouts=0/1 complete=False time=00:00:20
[RETURN id=18466 rank=01723] left=4,2,1,3,2,4,1 status=QUOTA_REACHED layouts=1/1 complete=True time=00:00:07
[RETURN id=18072 rank=01699] left=4,1,4,2,1,2,3 status=TIMEOUT layouts=0/1 complete=False time=00:00:20
[RETURN id=18082 rank=01703] left=4,1,4,2,3,1,2 status=TIMEOUT layouts=0/1 complete=False time=00:00:20
[RETURN id=18098 rank=01705] left=4,1,4,3,1,2,2 status=TIMEOUT layouts=0/1 complete=False time=00:00:20
[RETURN id=18408 rank=01709] left=4,2,1,1,2,4,3 status=TIMEOUT layouts=0/1 complete=False time=00:00:20
[RETURN id=18418 rank=01713] left=4,2,1,1,4,3,2 status=TIMEOUT layouts=0/1 complete=False time=00:00:20
[RETURN id=18430 rank=01714] left=4,2,1,2,1,3,4 status=TIMEOUT layouts=0/1 complete=False time=00:00:20
[RETURN id=18442 rank=01717] left=4,2,1,2,3,4,1 status=TIMEOUT layouts=0/1 complete=False time=00:00:20
[RETURN id=18458 rank=01720] left=4,2,1,3,1,2,4 status=TIMEOUT layouts=0/1 complete=False time=00:00:20
[RETURN id=18460 rank=01721] left=4,2,1,3,1,4,2 status=TIMEOUT layouts=0/1 complete=False time=00:00:20
[RETURN id=18474 rank=01724] left=4,2,1,3,4,1,2 status=TIMEOUT layouts=0/1 complete=False time=00:00:20
[RETURN id=18488 rank=01727] left=4,2,1,4,1,3,2 status=TIMEOUT layouts=0/1 complete=False time=00:00:20
[RETURN id=18498 rank=01731] left=4,2,1,4,3,2,1 status=QUOTA_REACHED layouts=1/1 complete=True time=00:00:15
[RETURN id=18494 rank=01729] left=4,2,1,4,2,3,1 status=QUOTA_REACHED layouts=1/1 complete=True time=00:00:16
[RETURN id=18706 rank=01747] left=4,2,3,1,2,4,1 status=QUOTA_REACHED layouts=1/1 complete=True time=00:00:05
[RETURN id=18492 rank=01728] left=4,2,1,4,2,1,3 status=TIMEOUT layouts=0/1 complete=False time=00:00:20
[GLOBAL] [----------------------------] done=107/3505 (3.05%) covered=107 layouts=107 running=14/14 remaining=3398 elapsed=00:21:00 rate=5.10 sig/min ETA=11:06:54
[COVERAGE] selected_mass(global)=47.579% covered_mass(global contribution)=4.876%
[LONGEST] id=18556 rank=1733 left=4,2,2,1,1,4,3 elapsed=00:00:19
[RETURN id=18700 rank=01745] left=4,2,3,1,1,4,2 status=QUOTA_REACHED layouts=1/1 complete=True time=00:00:07
[RETURN id=18556 rank=01733] left=4,2,2,1,1,4,3 status=TIMEOUT layouts=0/1 complete=False time=00:00:20
[RETURN id=18564 rank=01734] left=4,2,2,1,3,1,4 status=TIMEOUT layouts=0/1 complete=False time=00:00:20
[RETURN id=18570 rank=01736] left=4,2,2,1,4,1,3 status=TIMEOUT layouts=0/1 complete=False time=00:00:20
[RETURN id=18572 rank=01737] left=4,2,2,1,4,3,1 status=TIMEOUT layouts=0/1 complete=False time=00:00:20
[RETURN id=18626 rank=01740] left=4,2,2,3,4,1,1 status=TIMEOUT layouts=0/1 complete=False time=00:00:20
[RETURN id=18614 rank=01739] left=4,2,2,3,1,4,1 status=TIMEOUT layouts=0/1 complete=False time=00:00:20
[RETURN id=18646 rank=01743] left=4,2,2,4,3,1,1 status=TIMEOUT layouts=0/1 complete=False time=00:00:20
[RETURN id=18698 rank=01744] left=4,2,3,1,1,2,4 status=TIMEOUT layouts=0/1 complete=False time=00:00:20
[RETURN id=18714 rank=01748] left=4,2,3,1,4,1,2 status=TIMEOUT layouts=0/1 complete=False time=00:00:20
[RETURN id=18726 rank=01750] left=4,2,3,2,1,1,4 status=TIMEOUT layouts=0/1 complete=False time=00:00:20
[RETURN id=18772 rank=01753] left=4,2,3,4,1,1,2 status=TIMEOUT layouts=0/1 complete=False time=00:00:20
[RETURN id=18776 rank=01755] left=4,2,3,4,2,1,1 status=TIMEOUT layouts=0/1 complete=False time=00:00:20
[RETURN id=18826 rank=01757] left=4,2,4,1,1,3,2 status=TIMEOUT layouts=0/1 complete=False time=00:00:20
[RETURN id=18830 rank=01758] left=4,2,4,1,2,1,3 status=TIMEOUT layouts=0/1 complete=False time=00:00:20
[RETURN id=18836 rank=01761] left=4,2,4,1,3,2,1 status=QUOTA_REACHED layouts=1/1 complete=True time=00:00:19
[RETURN id=18832 rank=01759] left=4,2,4,1,2,3,1 status=TIMEOUT layouts=0/1 complete=False time=00:00:20
[RETURN id=18850 rank=01762] left=4,2,4,2,1,1,3 status=TIMEOUT layouts=0/1 complete=False time=00:00:20
[RETURN id=18852 rank=01763] left=4,2,4,2,1,3,1 status=TIMEOUT layouts=0/1 complete=False time=00:00:20
[RETURN id=18870 rank=01765] left=4,2,4,3,1,1,2 status=TIMEOUT layouts=0/1 complete=False time=00:00:20
[RETURN id=18874 rank=01767] left=4,2,4,3,2,1,1 status=TIMEOUT layouts=0/1 complete=False time=00:00:20
[RETURN id=19186 rank=01774] left=4,3,1,2,2,4,1 status=QUOTA_REACHED layouts=1/1 complete=True time=00:00:09
[GLOBAL] [----------------------------] done=110/3505 (3.14%) covered=110 layouts=110 running=14/14 remaining=3395 elapsed=00:21:30 rate=5.12 sig/min ETA=11:03:34
[COVERAGE] selected_mass(global)=47.579% covered_mass(global contribution)=4.917%
[LONGEST] id=19154 rank=1768 left=4,3,1,1,2,2,4 elapsed=00:00:17
[RETURN id=19180 rank=01772] left=4,3,1,2,1,4,2 status=QUOTA_REACHED layouts=1/1 complete=True time=00:00:15
[RETURN id=19154 rank=01768] left=4,3,1,1,2,2,4 status=TIMEOUT layouts=0/1 complete=False time=00:00:20
[RETURN id=19156 rank=01769] left=4,3,1,1,2,4,2 status=TIMEOUT layouts=0/1 complete=False time=00:00:20
[RETURN id=19166 rank=01770] left=4,3,1,1,4,2,2 status=TIMEOUT layouts=0/1 complete=False time=00:00:20
[RETURN id=19178 rank=01771] left=4,3,1,2,1,2,4 status=TIMEOUT layouts=0/1 complete=False time=00:00:20
[RETURN id=19194 rank=01775] left=4,3,1,2,4,1,2 status=TIMEOUT layouts=0/1 complete=False time=00:00:20
[RETURN id=19238 rank=01779] left=4,3,1,4,2,2,1 status=TIMEOUT layouts=0/1 complete=False time=00:00:20
[RETURN id=19298 rank=01782] left=4,3,2,1,2,1,4 status=TIMEOUT layouts=0/1 complete=False time=00:00:20
[RETURN id=19310 rank=01785] left=4,3,2,1,4,2,1 status=TIMEOUT layouts=0/1 complete=False time=00:00:20
[RETURN id=19324 rank=01787] left=4,3,2,2,1,4,1 status=TIMEOUT layouts=0/1 complete=False time=00:00:20
[RETURN id=19368 rank=01790] left=4,3,2,4,1,2,1 status=TIMEOUT layouts=0/1 complete=False time=00:00:20
[RETURN id=19528 rank=01794] left=4,3,4,1,2,2,1 status=TIMEOUT layouts=0/1 complete=False time=00:00:20
[RETURN id=19336 rank=01788] left=4,3,2,2,4,1,1 status=TIMEOUT layouts=0/1 complete=False time=00:00:20
[RETURN id=19542 rank=01795] left=4,3,4,2,1,1,2 status=TIMEOUT layouts=0/1 complete=False time=00:00:20
[RETURN id=19546 rank=01797] left=4,3,4,2,2,1,1 status=TIMEOUT layouts=0/1 complete=False time=00:00:20
[RETURN id=19804 rank=01798] left=4,4,1,1,2,2,3 status=TIMEOUT layouts=0/1 complete=False time=00:00:20
[RETURN id=19810 rank=01800] left=4,4,1,1,3,2,2 status=TIMEOUT layouts=0/1 complete=False time=00:00:20
[RETURN id=19828 rank=01802] left=4,4,1,2,1,3,2 status=TIMEOUT layouts=0/1 complete=False time=00:00:20
[RETURN id=19832 rank=01803] left=4,4,1,2,2,1,3 status=TIMEOUT layouts=0/1 complete=False time=00:00:20
[GLOBAL] [----------------------------] done=111/3505 (3.17%) covered=111 layouts=111 running=14/14 remaining=3394 elapsed=00:22:00 rate=5.05 sig/min ETA=11:12:41
[COVERAGE] selected_mass(global)=47.579% covered_mass(global contribution)=4.931%
[LONGEST] id=19834 rank=1804 left=4,4,1,2,2,3,1 elapsed=00:00:19
[RETURN id=19834 rank=01804] left=4,4,1,2,2,3,1 status=TIMEOUT layouts=0/1 complete=False time=00:00:20
[RETURN id=19838 rank=01806] left=4,4,1,2,3,2,1 status=TIMEOUT layouts=0/1 complete=False time=00:00:20
[RETURN id=19858 rank=01809] left=4,4,1,3,2,2,1 status=TIMEOUT layouts=0/1 complete=False time=00:00:20
[RETURN id=19926 rank=01811] left=4,4,2,1,1,3,2 status=TIMEOUT layouts=0/1 complete=False time=00:00:20
[RETURN id=19930 rank=01812] left=4,4,2,1,2,1,3 status=TIMEOUT layouts=0/1 complete=False time=00:00:20
[RETURN id=19932 rank=01813] left=4,4,2,1,2,3,1 status=TIMEOUT layouts=0/1 complete=False time=00:00:20
[RETURN id=19936 rank=01815] left=4,4,2,1,3,2,1 status=TIMEOUT layouts=0/1 complete=False time=00:00:20
[RETURN id=19970 rank=01819] left=4,4,2,3,1,1,2 status=QUOTA_REACHED layouts=1/1 complete=True time=00:00:13
[RETURN id=19950 rank=01816] left=4,4,2,2,1,1,3 status=TIMEOUT layouts=0/1 complete=False time=00:00:20
[RETURN id=19952 rank=01817] left=4,4,2,2,1,3,1 status=TIMEOUT layouts=0/1 complete=False time=00:00:20
[RETURN id=01256 rank=01837] left=0,2,3,3,3,2,4 status=QUOTA_REACHED layouts=1/1 complete=True time=00:00:09
[RETURN id=19974 rank=01821] left=4,4,2,3,2,1,1 status=TIMEOUT layouts=0/1 complete=False time=00:00:20
[RETURN id=20028 rank=01822] left=4,4,3,1,1,2,2 status=TIMEOUT layouts=0/1 complete=False time=00:00:20
[RETURN id=20048 rank=01826] left=4,4,3,2,1,2,1 status=TIMEOUT layouts=0/1 complete=False time=00:00:20
[RETURN id=20032 rank=01823] left=4,4,3,1,2,1,2 status=TIMEOUT layouts=0/1 complete=False time=00:00:20
[RETURN id=01134 rank=01828] left=0,2,2,3,3,3,4 status=TIMEOUT layouts=0/1 complete=False time=00:00:20
[RETURN id=01232 rank=01832] left=0,2,3,2,3,3,4 status=TIMEOUT layouts=0/1 complete=False time=00:00:20
[RETURN id=01252 rank=01835] left=0,2,3,3,2,3,4 status=TIMEOUT layouts=0/1 complete=False time=00:00:20
[RETURN id=01372 rank=01844] left=0,2,4,2,3,3,3 status=QUOTA_REACHED layouts=1/1 complete=True time=00:00:16
[RETURN id=01258 rank=01838] left=0,2,3,3,3,4,2 status=TIMEOUT layouts=0/1 complete=False time=00:00:20
[RETURN id=01262 rank=01839] left=0,2,3,3,4,2,3 status=TIMEOUT layouts=0/1 complete=False time=00:00:20
[RETURN id=01280 rank=01841] left=0,2,3,4,2,3,3 status=TIMEOUT layouts=0/1 complete=False time=00:00:20
[RETURN id=01286 rank=01843] left=0,2,3,4,3,3,2 status=TIMEOUT layouts=0/1 complete=False time=00:00:20
[GLOBAL] [----------------------------] done=114/3505 (3.25%) covered=114 layouts=114 running=14/14 remaining=3391 elapsed=00:22:30 rate=5.07 sig/min ETA=11:09:17
[COVERAGE] selected_mass(global)=47.579% covered_mass(global contribution)=4.967%
[LONGEST] id=1400 rank=1846 left=0,2,4,3,3,2,3 elapsed=00:00:19
[RETURN id=01400 rank=01846] left=0,2,4,3,3,2,3 status=TIMEOUT layouts=0/1 complete=False time=00:00:20
[RETURN id=01828 rank=01849] left=0,3,2,2,3,4,3 status=TIMEOUT layouts=0/1 complete=False time=00:00:20
[RETURN id=01858 rank=01856] left=0,3,2,3,4,3,2 status=QUOTA_REACHED layouts=1/1 complete=True time=00:00:17
[RETURN id=01832 rank=01850] left=0,3,2,2,4,3,3 status=TIMEOUT layouts=0/1 complete=False time=00:00:20
[RETURN id=01848 rank=01852] left=0,3,2,3,2,4,3 status=TIMEOUT layouts=0/1 complete=False time=00:00:20
[RETURN id=01880 rank=01858] left=0,3,2,4,3,2,3 status=TIMEOUT layouts=0/1 complete=False time=00:00:20
[RETURN id=01962 rank=01860] left=0,3,3,2,2,3,4 status=TIMEOUT layouts=0/1 complete=False time=00:00:20
[RETURN id=01968 rank=01863] left=0,3,3,2,3,4,2 status=TIMEOUT layouts=0/1 complete=False time=00:00:20
[RETURN id=01966 rank=01862] left=0,3,3,2,3,2,4 status=TIMEOUT layouts=0/1 complete=False time=00:00:20
[RETURN id=01972 rank=01864] left=0,3,3,2,4,2,3 status=TIMEOUT layouts=0/1 complete=False time=00:00:20
[RETURN id=02020 rank=01870] left=0,3,3,4,2,3,2 status=TIMEOUT layouts=0/1 complete=False time=00:00:20
[RETURN id=02120 rank=01873] left=0,3,4,2,3,2,3 status=TIMEOUT layouts=0/1 complete=False time=00:00:20
[RETURN id=02144 rank=01875] left=0,3,4,3,2,2,3 status=TIMEOUT layouts=0/1 complete=False time=00:00:20
[RETURN id=02150 rank=01877] left=0,3,4,3,3,2,2 status=TIMEOUT layouts=0/1 complete=False time=00:00:20
[RETURN id=02622 rank=01878] left=0,4,2,2,3,3,3 status=TIMEOUT layouts=0/1 complete=False time=00:00:20
[RETURN id=02650 rank=01880] left=0,4,2,3,3,2,3 status=TIMEOUT layouts=0/1 complete=False time=00:00:20
[RETURN id=02770 rank=01882] left=0,4,3,2,2,3,3 status=TIMEOUT layouts=0/1 complete=False time=00:00:20
[RETURN id=02776 rank=01884] left=0,4,3,2,3,3,2 status=TIMEOUT layouts=0/1 complete=False time=00:00:20
[RETURN id=02800 rank=01886] left=0,4,3,3,2,3,2 status=TIMEOUT layouts=0/1 complete=False time=00:00:20
[GLOBAL] [----------------------------] done=115/3505 (3.28%) covered=115 layouts=115 running=14/14 remaining=3390 elapsed=00:23:00 rate=5.00 sig/min ETA=11:18:00
[COVERAGE] selected_mass(global)=47.579% covered_mass(global contribution)=4.978%
[LONGEST] id=5312 rank=1890 left=1,2,2,2,3,2,5 elapsed=00:00:19
[RETURN id=05784 rank=01907] left=1,2,5,3,2,2,2 status=QUOTA_REACHED layouts=1/1 complete=True time=00:00:07
[RETURN id=05312 rank=01890] left=1,2,2,2,3,2,5 status=TIMEOUT layouts=0/1 complete=False time=00:00:20
[RETURN id=05324 rank=01893] left=1,2,2,2,5,3,2 status=TIMEOUT layouts=0/1 complete=False time=00:00:20
[RETURN id=05332 rank=01894] left=1,2,2,3,2,2,5 status=TIMEOUT layouts=0/1 complete=False time=00:00:20
[RETURN id=05390 rank=01897] left=1,2,2,5,2,2,3 status=TIMEOUT layouts=0/1 complete=False time=00:00:20
[RETURN id=05396 rank=01899] left=1,2,2,5,3,2,2 status=TIMEOUT layouts=0/1 complete=False time=00:00:20
[RETURN id=05450 rank=01901] left=1,2,3,2,2,5,2 status=TIMEOUT layouts=0/1 complete=False time=00:00:20
[RETURN id=05464 rank=01902] left=1,2,3,2,5,2,2 status=TIMEOUT layouts=0/1 complete=False time=00:00:20
[RETURN id=05534 rank=01903] left=1,2,3,5,2,2,2 status=TIMEOUT layouts=0/1 complete=False time=00:00:20
[RETURN id=05756 rank=01905] left=1,2,5,2,2,3,2 status=TIMEOUT layouts=0/1 complete=False time=00:00:20
[RETURN id=06102 rank=01908] left=1,3,2,2,2,2,5 status=TIMEOUT layouts=0/1 complete=False time=00:00:20
[RETURN id=06554 rank=01912] left=1,3,5,2,2,2,2 status=TIMEOUT layouts=0/1 complete=False time=00:00:20
[RETURN id=07770 rank=01916] left=1,5,2,3,2,2,2 status=TIMEOUT layouts=0/1 complete=False time=00:00:20
[RETURN id=07742 rank=01914] left=1,5,2,2,2,3,2 status=TIMEOUT layouts=0/1 complete=False time=00:00:20
[RETURN id=08302 rank=01919] left=2,0,2,3,3,4,3 status=TIMEOUT layouts=0/1 complete=False time=00:00:20
[RETURN id=08306 rank=01920] left=2,0,2,3,4,3,3 status=TIMEOUT layouts=0/1 complete=False time=00:00:20
[RETURN id=08400 rank=01923] left=2,0,3,2,3,4,3 status=TIMEOUT layouts=0/1 complete=False time=00:00:20
[RETURN id=08420 rank=01926] left=2,0,3,3,2,4,3 status=QUOTA_REACHED layouts=1/1 complete=True time=00:00:18
[RETURN id=08326 rank=01921] left=2,0,2,4,3,3,3 status=TIMEOUT layouts=0/1 complete=False time=00:00:20
[RETURN id=08404 rank=01924] left=2,0,3,2,4,3,3 status=TIMEOUT layouts=0/1 complete=False time=00:00:20
[RETURN id=09004 rank=01942] left=2,1,2,2,5,2,3 status=QUOTA_REACHED layouts=1/1 complete=True time=00:00:08
[RETURN id=08430 rank=01930] left=2,0,3,3,4,3,2 status=TIMEOUT layouts=0/1 complete=False time=00:00:20
[GLOBAL] [----------------------------] done=118/3505 (3.37%) covered=118 layouts=118 running=14/14 remaining=3387 elapsed=00:23:30 rate=5.02 sig/min ETA=11:14:32
[COVERAGE] selected_mass(global)=47.579% covered_mass(global contribution)=5.011%
[LONGEST] id=8452 rank=1932 left=2,0,3,4,3,2,3 elapsed=00:00:20
[RETURN id=08452 rank=01932] left=2,0,3,4,3,2,3 status=TIMEOUT layouts=0/1 complete=False time=00:00:20
[RETURN id=08568 rank=01937] left=2,0,4,3,3,3,2 status=TIMEOUT layouts=0/1 complete=False time=00:00:20
[RETURN id=08562 rank=01935] left=2,0,4,3,2,3,3 status=TIMEOUT layouts=0/1 complete=False time=00:00:20
[RETURN id=09442 rank=01956] left=2,1,5,2,3,2,2 status=QUOTA_REACHED layouts=1/1 complete=True time=00:00:10
[RETURN id=08992 rank=01939] left=2,1,2,2,2,5,3 status=TIMEOUT layouts=0/1 complete=False time=00:00:20
[RETURN id=08990 rank=01938] left=2,1,2,2,2,3,5 status=TIMEOUT layouts=0/1 complete=False time=00:00:20
[RETURN id=08996 rank=01941] left=2,1,2,2,3,5,2 status=TIMEOUT layouts=0/1 complete=False time=00:00:20
[RETURN id=09016 rank=01945] left=2,1,2,3,2,5,2 status=TIMEOUT layouts=0/1 complete=False time=00:00:20
[RETURN id=09030 rank=01946] left=2,1,2,3,5,2,2 status=TIMEOUT layouts=0/1 complete=False time=00:00:20
[RETURN id=09072 rank=01948] left=2,1,2,5,2,3,2 status=TIMEOUT layouts=0/1 complete=False time=00:00:20
[RETURN id=09128 rank=01950] left=2,1,3,2,2,2,5 status=TIMEOUT layouts=0/1 complete=False time=00:00:20
[RETURN id=09436 rank=01954] left=2,1,5,2,2,2,3 status=TIMEOUT layouts=0/1 complete=False time=00:00:20
[RETURN id=09556 rank=01960] left=2,2,0,3,4,3,3 status=QUOTA_REACHED layouts=1/1 complete=True time=00:00:19
[RETURN id=09552 rank=01959] left=2,2,0,3,3,4,3 status=TIMEOUT layouts=0/1 complete=False time=00:00:20
[RETURN id=09576 rank=01961] left=2,2,0,4,3,3,3 status=QUOTA_REACHED layouts=1/1 complete=True time=00:00:19
[RETURN id=09648 rank=01964] left=2,2,1,2,3,2,5 status=TIMEOUT layouts=0/1 complete=False time=00:00:20
[RETURN id=09660 rank=01967] left=2,2,1,2,5,3,2 status=TIMEOUT layouts=0/1 complete=False time=00:00:20
[RETURN id=09668 rank=01968] left=2,2,1,3,2,2,5 status=TIMEOUT layouts=0/1 complete=False time=00:00:20
[GLOBAL] [----------------------------] done=121/3505 (3.45%) covered=121 layouts=121 running=14/14 remaining=3384 elapsed=00:24:00 rate=5.04 sig/min ETA=11:11:12
[COVERAGE] selected_mass(global)=47.579% covered_mass(global contribution)=5.044%
[LONGEST] id=9726 rank=1971 left=2,2,1,5,2,2,3 elapsed=00:00:20
[RETURN id=09726 rank=01971] left=2,2,1,5,2,2,3 status=TIMEOUT layouts=0/1 complete=False time=00:00:20
[RETURN id=09732 rank=01973] left=2,2,1,5,3,2,2 status=TIMEOUT layouts=0/1 complete=False time=00:00:20
[RETURN id=09760 rank=01974] left=2,2,2,1,2,3,5 status=TIMEOUT layouts=0/1 complete=False time=00:00:20
[RETURN id=09762 rank=01975] left=2,2,2,1,2,5,3 status=TIMEOUT layouts=0/1 complete=False time=00:00:20
[RETURN id=09766 rank=01977] left=2,2,2,1,3,5,2 status=TIMEOUT layouts=0/1 complete=False time=00:00:20
[RETURN id=09774 rank=01978] left=2,2,2,1,5,2,3 status=TIMEOUT layouts=0/1 complete=False time=00:00:20
[RETURN id=09780 rank=01980] left=2,2,2,2,1,3,5 status=TIMEOUT layouts=0/1 complete=False time=00:00:20
[RETURN id=09782 rank=01981] left=2,2,2,2,1,5,3 status=TIMEOUT layouts=0/1 complete=False time=00:00:20
[RETURN id=09806 rank=01986] left=2,2,2,3,1,2,5 status=TIMEOUT layouts=0/1 complete=False time=00:00:20
[RETURN id=09810 rank=01988] left=2,2,2,3,2,1,5 status=TIMEOUT layouts=0/1 complete=False time=00:00:20
[RETURN id=09814 rank=01989] left=2,2,2,3,2,5,1 status=TIMEOUT layouts=0/1 complete=False time=00:00:20
[RETURN id=09934 rank=02005] left=2,2,3,2,1,5,2 status=QUOTA_REACHED layouts=1/1 complete=True time=00:00:08
[RETURN id=09828 rank=01991] left=2,2,2,3,5,2,1 status=TIMEOUT layouts=0/1 complete=False time=00:00:20
[RETURN id=09864 rank=01992] left=2,2,2,5,1,2,3 status=TIMEOUT layouts=0/1 complete=False time=00:00:20
[RETURN id=09874 rank=01996] left=2,2,2,5,3,1,2 status=TIMEOUT layouts=0/1 complete=False time=00:00:20
[RETURN id=09908 rank=02001] left=2,2,3,1,2,2,5 status=TIMEOUT layouts=0/1 complete=False time=00:00:20
[RETURN id=09890 rank=01999] left=2,2,3,0,3,4,3 status=TIMEOUT layouts=0/1 complete=False time=00:00:20
[RETURN id=09894 rank=02000] left=2,2,3,0,4,3,3 status=TIMEOUT layouts=0/1 complete=False time=00:00:20
[RETURN id=09984 rank=02016] left=2,2,3,4,0,3,3 status=QUOTA_REACHED layouts=1/1 complete=True time=00:00:10
[RETURN id=09952 rank=02008] left=2,2,3,2,5,1,2 status=TIMEOUT layouts=0/1 complete=False time=00:00:20
[RETURN id=09956 rank=02010] left=2,2,3,3,0,3,4 status=TIMEOUT layouts=0/1 complete=False time=00:00:20
[GLOBAL] [----------------------------] done=123/3505 (3.51%) covered=123 layouts=123 running=14/14 remaining=3382 elapsed=00:24:30 rate=5.02 sig/min ETA=11:13:39
[COVERAGE] selected_mass(global)=47.579% covered_mass(global contribution)=5.066%
[LONGEST] id=9970 rank=2012 left=2,2,3,3,3,0,4 elapsed=00:00:21
[RETURN id=09970 rank=02012] left=2,2,3,3,3,0,4 status=TIMEOUT layouts=0/1 complete=False time=00:00:20
[RETURN id=09974 rank=02013] left=2,2,3,3,3,4,0 status=TIMEOUT layouts=0/1 complete=False time=00:00:20
[RETURN id=09978 rank=02015] left=2,2,3,3,4,3,0 status=TIMEOUT layouts=0/1 complete=False time=00:00:20
[RETURN id=09998 rank=02017] left=2,2,3,4,3,0,3 status=TIMEOUT layouts=0/1 complete=False time=00:00:20
[RETURN id=10020 rank=02021] left=2,2,3,5,2,2,1 status=TIMEOUT layouts=0/1 complete=False time=00:00:20
[RETURN id=10126 rank=02025] left=2,2,4,3,3,3,0 status=TIMEOUT layouts=0/1 complete=False time=00:00:20
[RETURN id=10206 rank=02026] left=2,2,5,1,2,2,3 status=TIMEOUT layouts=0/1 complete=False time=00:00:20
[RETURN id=10212 rank=02028] left=2,2,5,1,3,2,2 status=TIMEOUT layouts=0/1 complete=False time=00:00:20
[RETURN id=10230 rank=02030] left=2,2,5,2,1,3,2 status=QUOTA_REACHED layouts=1/1 complete=True time=00:00:18
[RETURN id=10240 rank=02034] left=2,2,5,2,3,2,1 status=TIMEOUT layouts=0/1 complete=False time=00:00:20
[RETURN id=10234 rank=02031] left=2,2,5,2,2,1,3 status=TIMEOUT layouts=0/1 complete=False time=00:00:20
[RETURN id=10236 rank=02032] left=2,2,5,2,2,3,1 status=TIMEOUT layouts=0/1 complete=False time=00:00:20
[RETURN id=10260 rank=02037] left=2,2,5,3,2,2,1 status=TIMEOUT layouts=0/1 complete=False time=00:00:20
[RETURN id=10326 rank=02039] left=2,3,0,2,3,4,3 status=TIMEOUT layouts=0/1 complete=False time=00:00:20
[RETURN id=10330 rank=02040] left=2,3,0,2,4,3,3 status=TIMEOUT layouts=0/1 complete=False time=00:00:20
[RETURN id=10346 rank=02042] left=2,3,0,3,2,4,3 status=TIMEOUT layouts=0/1 complete=False time=00:00:20
[RETURN id=10356 rank=02046] left=2,3,0,3,4,3,2 status=TIMEOUT layouts=0/1 complete=False time=00:00:20
[RETURN id=10378 rank=02048] left=2,3,0,4,3,2,3 status=TIMEOUT layouts=0/1 complete=False time=00:00:20
[RETURN id=10462 rank=02051] left=2,3,1,2,2,5,2 status=TIMEOUT layouts=0/1 complete=False time=00:00:20
[RETURN id=10476 rank=02052] left=2,3,1,2,5,2,2 status=TIMEOUT layouts=0/1 complete=False time=00:00:20
[RETURN id=10546 rank=02053] left=2,3,1,5,2,2,2 status=TIMEOUT layouts=0/1 complete=False time=00:00:20
[GLOBAL] [----------------------------] done=124/3505 (3.54%) covered=124 layouts=124 running=14/14 remaining=3381 elapsed=00:25:00 rate=4.96 sig/min ETA=11:21:39
[COVERAGE] selected_mass(global)=47.579% covered_mass(global contribution)=5.077%
[LONGEST] id=10566 rank=2055 left=2,3,2,0,3,4,3 elapsed=00:00:20
[RETURN id=10566 rank=02055] left=2,3,2,0,3,4,3 status=TIMEOUT layouts=0/1 complete=False time=00:00:20
[RETURN id=10570 rank=02056] left=2,3,2,0,4,3,3 status=TIMEOUT layouts=0/1 complete=False time=00:00:20
[RETURN id=10646 rank=02068] left=2,3,2,3,3,0,4 status=QUOTA_REACHED layouts=1/1 complete=True time=00:00:11
[RETURN id=10610 rank=02061] left=2,3,2,2,1,5,2 status=TIMEOUT layouts=0/1 complete=False time=00:00:20
[RETURN id=10584 rank=02057] left=2,3,2,1,2,2,5 status=TIMEOUT layouts=0/1 complete=False time=00:00:20
[RETURN id=10628 rank=02064] left=2,3,2,2,5,1,2 status=TIMEOUT layouts=0/1 complete=False time=00:00:20
[RETURN id=10710 rank=02078] left=2,3,3,0,2,3,4 status=QUOTA_REACHED layouts=1/1 complete=True time=00:00:09
[RETURN id=10632 rank=02066] left=2,3,2,3,0,3,4 status=TIMEOUT layouts=0/1 complete=False time=00:00:20
[RETURN id=10650 rank=02069] left=2,3,2,3,3,4,0 status=TIMEOUT layouts=0/1 complete=False time=00:00:20
[RETURN id=10654 rank=02071] left=2,3,2,3,4,3,0 status=TIMEOUT layouts=0/1 complete=False time=00:00:20
[RETURN id=10660 rank=02072] left=2,3,2,4,0,3,3 status=TIMEOUT layouts=0/1 complete=False time=00:00:20
[RETURN id=10674 rank=02073] left=2,3,2,4,3,0,3 status=TIMEOUT layouts=0/1 complete=False time=00:00:20
[RETURN id=10696 rank=02077] left=2,3,2,5,2,2,1 status=TIMEOUT layouts=0/1 complete=False time=00:00:20
[RETURN id=10714 rank=02080] left=2,3,3,0,3,2,4 status=TIMEOUT layouts=0/1 complete=False time=00:00:20
[RETURN id=10716 rank=02081] left=2,3,3,0,3,4,2 status=TIMEOUT layouts=0/1 complete=False time=00:00:20
[RETURN id=10758 rank=02085] left=2,3,3,2,0,4,3 status=TIMEOUT layouts=0/1 complete=False time=00:00:20
[RETURN id=10720 rank=02082] left=2,3,3,0,4,2,3 status=TIMEOUT layouts=0/1 complete=False time=00:00:20
[RETURN id=10784 rank=02090] left=2,3,3,3,0,2,4 status=TIMEOUT layouts=0/1 complete=False time=00:00:20
[RETURN id=10776 rank=02088] left=2,3,3,2,4,0,3 status=TIMEOUT layouts=0/1 complete=False time=00:00:20
[RETURN id=10786 rank=02091] left=2,3,3,3,0,4,2 status=TIMEOUT layouts=0/1 complete=False time=00:00:20
[RETURN id=10794 rank=02092] left=2,3,3,3,2,0,4 status=TIMEOUT layouts=0/1 complete=False time=00:00:20
[RETURN id=10798 rank=02093] left=2,3,3,3,2,4,0 status=TIMEOUT layouts=0/1 complete=False time=00:00:20
[GLOBAL] [#---------------------------] done=126/3505 (3.59%) covered=126 layouts=126 running=14/14 remaining=3379 elapsed=00:25:30 rate=4.94 sig/min ETA=11:23:51
[COVERAGE] selected_mass(global)=47.579% covered_mass(global contribution)=5.099%
[LONGEST] id=10810 rank=2096 left=2,3,3,4,0,2,3 elapsed=00:00:18
[RETURN id=10810 rank=02096] left=2,3,3,4,0,2,3 status=TIMEOUT layouts=0/1 complete=False time=00:00:20
[RETURN id=10822 rank=02099] left=2,3,3,4,2,3,0 status=TIMEOUT layouts=0/1 complete=False time=00:00:20
[RETURN id=10858 rank=02103] left=2,3,4,0,3,2,3 status=TIMEOUT layouts=0/1 complete=False time=00:00:20
[RETURN id=10900 rank=02105] left=2,3,4,2,0,3,3 status=TIMEOUT layouts=0/1 complete=False time=00:00:20
[RETURN id=10914 rank=02106] left=2,3,4,2,3,0,3 status=TIMEOUT layouts=0/1 complete=False time=00:00:20
[RETURN id=10926 rank=02109] left=2,3,4,3,0,3,2 status=TIMEOUT layouts=0/1 complete=False time=00:00:20
[RETURN id=10934 rank=02110] left=2,3,4,3,2,0,3 status=TIMEOUT layouts=0/1 complete=False time=00:00:20
[RETURN id=10938 rank=02112] left=2,3,4,3,3,0,2 status=TIMEOUT layouts=0/1 complete=False time=00:00:20
[RETURN id=10940 rank=02113] left=2,3,4,3,3,2,0 status=TIMEOUT layouts=0/1 complete=False time=00:00:20
[RETURN id=11034 rank=02117] left=2,3,5,2,2,2,1 status=TIMEOUT layouts=0/1 complete=False time=00:00:20
[RETURN id=11120 rank=02118] left=2,4,0,2,3,3,3 status=TIMEOUT layouts=0/1 complete=False time=00:00:20
[RETURN id=11148 rank=02120] left=2,4,0,3,3,2,3 status=TIMEOUT layouts=0/1 complete=False time=00:00:20
[RETURN id=11370 rank=02122] left=2,4,2,0,3,3,3 status=TIMEOUT layouts=0/1 complete=False time=00:00:20
[RETURN id=11440 rank=02123] left=2,4,2,3,0,3,3 status=TIMEOUT layouts=0/1 complete=False time=00:00:20
[RETURN id=11508 rank=02126] left=2,4,3,0,2,3,3 status=QUOTA_REACHED layouts=1/1 complete=True time=00:00:17
[RETURN id=11592 rank=02135] left=2,4,3,3,2,3,0 status=QUOTA_REACHED layouts=1/1 complete=True time=00:00:14
[RETURN id=11572 rank=02131] left=2,4,3,2,3,3,0 status=QUOTA_REACHED layouts=1/1 complete=True time=00:00:18
[RETURN id=11454 rank=02124] left=2,4,2,3,3,0,3 status=TIMEOUT layouts=0/1 complete=False time=00:00:20
[RETURN id=11514 rank=02128] left=2,4,3,0,3,3,2 status=TIMEOUT layouts=0/1 complete=False time=00:00:20
[RETURN id=11580 rank=02132] left=2,4,3,3,0,2,3 status=TIMEOUT layouts=0/1 complete=False time=00:00:20
[GLOBAL] [#---------------------------] done=129/3505 (3.68%) covered=129 layouts=129 running=14/14 remaining=3376 elapsed=00:26:00 rate=4.96 sig/min ETA=11:20:26
[COVERAGE] selected_mass(global)=47.579% covered_mass(global contribution)=5.132%
[LONGEST] id=12018 rank=2139 left=2,5,1,2,2,3,2 elapsed=00:00:18
[RETURN id=12018 rank=02139] left=2,5,1,2,2,3,2 status=TIMEOUT layouts=0/1 complete=False time=00:00:20
[RETURN id=12046 rank=02141] left=2,5,1,3,2,2,2 status=TIMEOUT layouts=0/1 complete=False time=00:00:20
[RETURN id=12132 rank=02142] left=2,5,2,1,2,2,3 status=TIMEOUT layouts=0/1 complete=False time=00:00:20
[RETURN id=12138 rank=02144] left=2,5,2,1,3,2,2 status=TIMEOUT layouts=0/1 complete=False time=00:00:20
[RETURN id=12156 rank=02146] left=2,5,2,2,1,3,2 status=TIMEOUT layouts=0/1 complete=False time=00:00:20
[RETURN id=12160 rank=02147] left=2,5,2,2,2,1,3 status=TIMEOUT layouts=0/1 complete=False time=00:00:20
[RETURN id=12162 rank=02148] left=2,5,2,2,2,3,1 status=TIMEOUT layouts=0/1 complete=False time=00:00:20
[RETURN id=12814 rank=02172] left=3,0,3,2,3,2,4 status=QUOTA_REACHED layouts=1/1 complete=True time=00:00:06
[RETURN id=12166 rank=02150] left=2,5,2,2,3,2,1 status=TIMEOUT layouts=0/1 complete=False time=00:00:20
[RETURN id=12186 rank=02153] left=2,5,2,3,2,2,1 status=TIMEOUT layouts=0/1 complete=False time=00:00:20
[RETURN id=12728 rank=02168] left=3,0,2,4,3,2,3 status=QUOTA_REACHED layouts=1/1 complete=True time=00:00:10
[RETURN id=12676 rank=02159] left=3,0,2,2,3,4,3 status=TIMEOUT layouts=0/1 complete=False time=00:00:20
[RETURN id=12284 rank=02157] left=2,5,3,2,2,2,1 status=TIMEOUT layouts=0/1 complete=False time=00:00:20
[RETURN id=12680 rank=02160] left=3,0,2,2,4,3,3 status=TIMEOUT layouts=0/1 complete=False time=00:00:20
[RETURN id=12696 rank=02162] left=3,0,2,3,2,4,3 status=TIMEOUT layouts=0/1 complete=False time=00:00:20
[RETURN id=12706 rank=02166] left=3,0,2,3,4,3,2 status=TIMEOUT layouts=0/1 complete=False time=00:00:20
[RETURN id=12868 rank=02180] left=3,0,3,4,2,3,2 status=QUOTA_REACHED layouts=1/1 complete=True time=00:00:15
[RETURN id=12810 rank=02170] left=3,0,3,2,2,3,4 status=TIMEOUT layouts=0/1 complete=False time=00:00:20
[RETURN id=12816 rank=02173] left=3,0,3,2,3,4,2 status=TIMEOUT layouts=0/1 complete=False time=00:00:20
[RETURN id=12820 rank=02174] left=3,0,3,2,4,2,3 status=TIMEOUT layouts=0/1 complete=False time=00:00:20
[GLOBAL] [#---------------------------] done=132/3505 (3.77%) covered=132 layouts=132 running=14/14 remaining=3373 elapsed=00:26:30 rate=4.98 sig/min ETA=11:17:09
[COVERAGE] selected_mass(global)=47.579% covered_mass(global contribution)=5.165%
[LONGEST] id=12968 rank=2183 left=3,0,4,2,3,2,3 elapsed=00:00:20
[RETURN id=13916 rank=02192] left=3,1,5,2,2,2,2 status=QUOTA_REACHED layouts=1/1 complete=True time=00:00:16
[RETURN id=12968 rank=02183] left=3,0,4,2,3,2,3 status=TIMEOUT layouts=0/1 complete=False time=00:00:20
[RETURN id=12998 rank=02187] left=3,0,4,3,3,2,2 status=TIMEOUT layouts=0/1 complete=False time=00:00:20
[RETURN id=12992 rank=02185] left=3,0,4,3,2,2,3 status=TIMEOUT layouts=0/1 complete=False time=00:00:20
[RETURN id=13464 rank=02188] left=3,1,2,2,2,2,5 status=TIMEOUT layouts=0/1 complete=False time=00:00:20
[RETURN id=14036 rank=02200] left=3,2,0,3,4,2,3 status=QUOTA_REACHED layouts=1/1 complete=True time=00:00:13
[RETURN id=14006 rank=02193] left=3,2,0,2,3,3,4 status=TIMEOUT layouts=0/1 complete=False time=00:00:20
[RETURN id=14026 rank=02196] left=3,2,0,3,2,3,4 status=TIMEOUT layouts=0/1 complete=False time=00:00:20
[RETURN id=14054 rank=02202] left=3,2,0,4,2,3,3 status=QUOTA_REACHED layouts=1/1 complete=True time=00:00:12
[RETURN id=14030 rank=02198] left=3,2,0,3,3,2,4 status=TIMEOUT layouts=0/1 complete=False time=00:00:20
[RETURN id=14032 rank=02199] left=3,2,0,3,3,4,2 status=TIMEOUT layouts=0/1 complete=False time=00:00:20
[RETURN id=14060 rank=02204] left=3,2,0,4,3,3,2 status=TIMEOUT layouts=0/1 complete=False time=00:00:20
[RETURN id=14140 rank=02205] left=3,2,1,2,2,2,5 status=TIMEOUT layouts=0/1 complete=False time=00:00:20
[RETURN id=14246 rank=02209] left=3,2,2,0,3,3,4 status=TIMEOUT layouts=0/1 complete=False time=00:00:20
[RETURN id=14268 rank=02213] left=3,2,2,1,2,5,2 status=TIMEOUT layouts=0/1 complete=False time=00:00:20
[RETURN id=14282 rank=02214] left=3,2,2,1,5,2,2 status=TIMEOUT layouts=0/1 complete=False time=00:00:20
[RETURN id=14288 rank=02215] left=3,2,2,2,1,2,5 status=TIMEOUT layouts=0/1 complete=False time=00:00:20
[RETURN id=14292 rank=02217] left=3,2,2,2,2,1,5 status=TIMEOUT layouts=0/1 complete=False time=00:00:20
[RETURN id=14296 rank=02218] left=3,2,2,2,2,5,1 status=TIMEOUT layouts=0/1 complete=False time=00:00:20
[RETURN id=14310 rank=02220] left=3,2,2,2,5,2,1 status=TIMEOUT layouts=0/1 complete=False time=00:00:20
[RETURN id=14314 rank=02222] left=3,2,2,3,0,4,3 status=TIMEOUT layouts=0/1 complete=False time=00:00:20
[RETURN id=14332 rank=02225] left=3,2,2,3,4,0,3 status=TIMEOUT layouts=0/1 complete=False time=00:00:20
[RETURN id=14358 rank=02229] left=3,2,2,4,3,3,0 status=TIMEOUT layouts=0/1 complete=False time=00:00:20
[RETURN id=14372 rank=02230] left=3,2,2,5,1,2,2 status=TIMEOUT layouts=0/1 complete=False time=00:00:20
[RETURN id=14376 rank=02231] left=3,2,2,5,2,1,2 status=TIMEOUT layouts=0/1 complete=False time=00:00:20
[GLOBAL] [#---------------------------] done=135/3505 (3.85%) covered=135 layouts=135 running=14/14 remaining=3370 elapsed=00:27:00 rate=5.00 sig/min ETA=11:14:00
[COVERAGE] selected_mass(global)=47.579% covered_mass(global contribution)=5.198%
[LONGEST] id=14392 rank=2234 left=3,2,3,0,2,4,3 elapsed=00:00:14
[RETURN id=14392 rank=02234] left=3,2,3,0,2,4,3 status=TIMEOUT layouts=0/1 complete=False time=00:00:20
[RETURN id=14402 rank=02238] left=3,2,3,0,4,3,2 status=TIMEOUT layouts=0/1 complete=False time=00:00:20
[RETURN id=14438 rank=02239] left=3,2,3,2,0,3,4 status=TIMEOUT layouts=0/1 complete=False time=00:00:20
[RETURN id=14486 rank=02250] left=3,2,3,3,4,2,0 status=QUOTA_REACHED layouts=1/1 complete=True time=00:00:16
[RETURN id=14452 rank=02241] left=3,2,3,2,3,0,4 status=TIMEOUT layouts=0/1 complete=False time=00:00:20
[RETURN id=14456 rank=02242] left=3,2,3,2,3,4,0 status=TIMEOUT layouts=0/1 complete=False time=00:00:20
[RETURN id=14460 rank=02244] left=3,2,3,2,4,3,0 status=TIMEOUT layouts=0/1 complete=False time=00:00:20
[RETURN id=14484 rank=02249] left=3,2,3,3,4,0,2 status=TIMEOUT layouts=0/1 complete=False time=00:00:20
[RETURN id=14500 rank=02253] left=3,2,3,4,2,0,3 status=TIMEOUT layouts=0/1 complete=False time=00:00:20
[RETURN id=14492 rank=02252] left=3,2,3,4,0,3,2 status=TIMEOUT layouts=0/1 complete=False time=00:00:20
[RETURN id=14504 rank=02255] left=3,2,3,4,3,0,2 status=TIMEOUT layouts=0/1 complete=False time=00:00:20
[RETURN id=14506 rank=02256] left=3,2,3,4,3,2,0 status=TIMEOUT layouts=0/1 complete=False time=00:00:20
[RETURN id=14540 rank=02259] left=3,2,4,0,3,3,2 status=TIMEOUT layouts=0/1 complete=False time=00:00:20
[RETURN id=14534 rank=02257] left=3,2,4,0,2,3,3 status=TIMEOUT layouts=0/1 complete=False time=00:00:20
[RETURN id=14598 rank=02262] left=3,2,4,2,3,3,0 status=TIMEOUT layouts=0/1 complete=False time=00:00:20
[RETURN id=14806 rank=02277] left=3,3,0,2,4,2,3 status=QUOTA_REACHED layouts=1/1 complete=True time=00:00:08
[RETURN id=14606 rank=02263] left=3,2,4,3,0,2,3 status=TIMEOUT layouts=0/1 complete=False time=00:00:20
[RETURN id=14618 rank=02266] left=3,2,4,3,2,3,0 status=TIMEOUT layouts=0/1 complete=False time=00:00:20
[GLOBAL] [#---------------------------] done=137/3505 (3.91%) covered=137 layouts=137 running=14/14 remaining=3368 elapsed=00:27:30 rate=4.98 sig/min ETA=11:16:04
[COVERAGE] selected_mass(global)=47.579% covered_mass(global contribution)=5.220%
[LONGEST] id=14690 rank=2269 left=3,2,5,1,2,2,2 elapsed=00:00:19
[RETURN id=14690 rank=02269] left=3,2,5,1,2,2,2 status=TIMEOUT layouts=0/1 complete=False time=00:00:20
[RETURN id=14710 rank=02270] left=3,2,5,2,1,2,2 status=TIMEOUT layouts=0/1 complete=False time=00:00:20
[RETURN id=14714 rank=02271] left=3,2,5,2,2,1,2 status=TIMEOUT layouts=0/1 complete=False time=00:00:20
[RETURN id=14796 rank=02273] left=3,3,0,2,2,3,4 status=TIMEOUT layouts=0/1 complete=False time=00:00:20
[RETURN id=14800 rank=02275] left=3,3,0,2,3,2,4 status=TIMEOUT layouts=0/1 complete=False time=00:00:20
[RETURN id=14802 rank=02276] left=3,3,0,2,3,4,2 status=TIMEOUT layouts=0/1 complete=False time=00:00:20
[RETURN id=14854 rank=02283] left=3,3,0,4,2,3,2 status=TIMEOUT layouts=0/1 complete=False time=00:00:20
[RETURN id=15046 rank=02285] left=3,3,2,0,2,3,4 status=TIMEOUT layouts=0/1 complete=False time=00:00:20
[RETURN id=15050 rank=02287] left=3,3,2,0,3,2,4 status=TIMEOUT layouts=0/1 complete=False time=00:00:20
[RETURN id=15052 rank=02288] left=3,3,2,0,3,4,2 status=TIMEOUT layouts=0/1 complete=False time=00:00:20
[RETURN id=15056 rank=02289] left=3,3,2,0,4,2,3 status=TIMEOUT layouts=0/1 complete=False time=00:00:20
[RETURN id=15094 rank=02292] left=3,3,2,2,0,4,3 status=TIMEOUT layouts=0/1 complete=False time=00:00:20
[RETURN id=15112 rank=02295] left=3,3,2,2,4,0,3 status=TIMEOUT layouts=0/1 complete=False time=00:00:20
[RETURN id=15120 rank=02297] left=3,3,2,3,0,2,4 status=TIMEOUT layouts=0/1 complete=False time=00:00:20
[RETURN id=15146 rank=02303] left=3,3,2,4,0,2,3 status=QUOTA_REACHED layouts=1/1 complete=True time=00:00:15
[RETURN id=15122 rank=02298] left=3,3,2,3,0,4,2 status=QUOTA_REACHED layouts=1/1 complete=True time=00:00:18
[RETURN id=15188 rank=02309] left=3,3,3,0,2,2,4 status=QUOTA_REACHED layouts=1/1 complete=True time=00:00:15
[RETURN id=15130 rank=02299] left=3,3,2,3,2,0,4 status=TIMEOUT layouts=0/1 complete=False time=00:00:20
[RETURN id=15134 rank=02300] left=3,3,2,3,2,4,0 status=TIMEOUT layouts=0/1 complete=False time=00:00:20
[RETURN id=15254 rank=02316] left=3,3,3,2,4,0,2 status=QUOTA_REACHED layouts=1/1 complete=True time=00:00:15
[RETURN id=15158 rank=02306] left=3,3,2,4,2,3,0 status=TIMEOUT layouts=0/1 complete=False time=00:00:20
[RETURN id=15322 rank=02323] left=3,3,4,0,3,2,2 status=QUOTA_REACHED layouts=1/1 complete=True time=00:00:07
[RETURN id=15282 rank=02318] left=3,3,3,4,0,2,2 status=QUOTA_REACHED layouts=1/1 complete=True time=00:00:09
[GLOBAL] [#---------------------------] done=143/3505 (4.08%) covered=143 layouts=143 running=14/14 remaining=3362 elapsed=00:28:00 rate=5.11 sig/min ETA=10:58:18
[COVERAGE] selected_mass(global)=47.579% covered_mass(global contribution)=5.286%
[LONGEST] id=15190 rank=2310 left=3,3,3,0,2,4,2 elapsed=00:00:21
[RETURN id=15190 rank=02310] left=3,3,3,0,2,4,2 status=TIMEOUT layouts=0/1 complete=False time=00:00:20
[RETURN id=15200 rank=02311] left=3,3,3,0,4,2,2 status=TIMEOUT layouts=0/1 complete=False time=00:00:20
[RETURN id=15256 rank=02317] left=3,3,3,2,4,2,0 status=TIMEOUT layouts=0/1 complete=False time=00:00:20
[RETURN id=15316 rank=02321] left=3,3,4,0,2,2,3 status=TIMEOUT layouts=0/1 complete=False time=00:00:20
[RETURN id=15360 rank=02325] left=3,3,4,2,0,3,2 status=TIMEOUT layouts=0/1 complete=False time=00:00:20
[RETURN id=15368 rank=02326] left=3,3,4,2,2,0,3 status=TIMEOUT layouts=0/1 complete=False time=00:00:20
[RETURN id=15372 rank=02328] left=3,3,4,2,3,0,2 status=TIMEOUT layouts=0/1 complete=False time=00:00:20
[RETURN id=15374 rank=02329] left=3,3,4,2,3,2,0 status=TIMEOUT layouts=0/1 complete=False time=00:00:20
[RETURN id=15380 rank=02330] left=3,3,4,3,0,2,2 status=TIMEOUT layouts=0/1 complete=False time=00:00:20
[RETURN id=15550 rank=02335] left=3,4,0,2,3,3,2 status=TIMEOUT layouts=0/1 complete=False time=00:00:20
[RETURN id=15544 rank=02333] left=3,4,0,2,2,3,3 status=TIMEOUT layouts=0/1 complete=False time=00:00:20
[RETURN id=15574 rank=02337] left=3,4,0,3,2,3,2 status=TIMEOUT layouts=0/1 complete=False time=00:00:20
[RETURN id=15790 rank=02341] left=3,4,2,0,3,3,2 status=TIMEOUT layouts=0/1 complete=False time=00:00:20
[RETURN id=15784 rank=02339] left=3,4,2,0,2,3,3 status=TIMEOUT layouts=0/1 complete=False time=00:00:20
[RETURN id=15856 rank=02345] left=3,4,2,3,0,2,3 status=TIMEOUT layouts=0/1 complete=False time=00:00:20
[RETURN id=15848 rank=02344] left=3,4,2,2,3,3,0 status=TIMEOUT layouts=0/1 complete=False time=00:00:20
[RETURN id=15868 rank=02348] left=3,4,2,3,2,3,0 status=TIMEOUT layouts=0/1 complete=False time=00:00:20
[RETURN id=15912 rank=02352] left=3,4,3,0,2,3,2 status=QUOTA_REACHED layouts=1/1 complete=True time=00:00:19
[GLOBAL] [#---------------------------] done=144/3505 (4.11%) covered=144 layouts=144 running=14/14 remaining=3361 elapsed=00:28:30 rate=5.05 sig/min ETA=11:05:12
[COVERAGE] selected_mass(global)=47.579% covered_mass(global contribution)=5.297%
[LONGEST] id=15954 rank=2354 left=3,4,3,2,0,2,3 elapsed=00:00:18
[RETURN id=15954 rank=02354] left=3,4,3,2,0,2,3 status=TIMEOUT layouts=0/1 complete=False time=00:00:20
[RETURN id=15966 rank=02357] left=3,4,3,2,2,3,0 status=TIMEOUT layouts=0/1 complete=False time=00:00:20
[RETURN id=15982 rank=02361] left=3,4,3,3,2,0,2 status=TIMEOUT layouts=0/1 complete=False time=00:00:20
[RETURN id=15984 rank=02362] left=3,4,3,3,2,2,0 status=TIMEOUT layouts=0/1 complete=False time=00:00:20
[RETURN id=16470 rank=02367] left=3,5,2,2,2,2,1 status=TIMEOUT layouts=0/1 complete=False time=00:00:20
[RETURN id=16956 rank=02368] left=4,0,2,2,3,3,3 status=TIMEOUT layouts=0/1 complete=False time=00:00:20
[RETURN id=16984 rank=02370] left=4,0,2,3,3,2,3 status=TIMEOUT layouts=0/1 complete=False time=00:00:20
[RETURN id=17104 rank=02372] left=4,0,3,2,2,3,3 status=TIMEOUT layouts=0/1 complete=False time=00:00:20
[RETURN id=17110 rank=02374] left=4,0,3,2,3,3,2 status=TIMEOUT layouts=0/1 complete=False time=00:00:20
[RETURN id=17134 rank=02376] left=4,0,3,3,2,3,2 status=TIMEOUT layouts=0/1 complete=False time=00:00:20
[RETURN id=18310 rank=02379] left=4,2,0,3,2,3,3 status=TIMEOUT layouts=0/1 complete=False time=00:00:20
[RETURN id=18316 rank=02381] left=4,2,0,3,3,3,2 status=TIMEOUT layouts=0/1 complete=False time=00:00:20
[RETURN id=18624 rank=02385] left=4,2,2,3,3,3,0 status=TIMEOUT layouts=0/1 complete=False time=00:00:20
[RETURN id=18736 rank=02390] left=4,2,3,2,3,0,3 status=QUOTA_REACHED layouts=1/1 complete=True time=00:00:11
[RETURN id=18680 rank=02387] left=4,2,3,0,3,2,3 status=TIMEOUT layouts=0/1 complete=False time=00:00:20
[RETURN id=18722 rank=02389] left=4,2,3,2,0,3,3 status=TIMEOUT layouts=0/1 complete=False time=00:00:20
[RETURN id=18748 rank=02393] left=4,2,3,3,0,3,2 status=TIMEOUT layouts=0/1 complete=False time=00:00:20
[RETURN id=18756 rank=02394] left=4,2,3,3,2,0,3 status=TIMEOUT layouts=0/1 complete=False time=00:00:20
[RETURN id=18760 rank=02396] left=4,2,3,3,3,0,2 status=TIMEOUT layouts=0/1 complete=False time=00:00:20
[RETURN id=18762 rank=02397] left=4,2,3,3,3,2,0 status=TIMEOUT layouts=0/1 complete=False time=00:00:20
[RETURN id=19030 rank=02398] left=4,3,0,2,2,3,3 status=TIMEOUT layouts=0/1 complete=False time=00:00:20
[RETURN id=19060 rank=02402] left=4,3,0,3,2,3,2 status=TIMEOUT layouts=0/1 complete=False time=00:00:20
[GLOBAL] [#---------------------------] done=145/3505 (4.14%) covered=145 layouts=145 running=14/14 remaining=3360 elapsed=00:29:00 rate=5.00 sig/min ETA=11:12:00
[COVERAGE] selected_mass(global)=47.579% covered_mass(global contribution)=5.308%
[LONGEST] id=19036 rank=2400 left=4,3,0,2,3,3,2 elapsed=00:00:21
[RETURN id=19036 rank=02400] left=4,3,0,2,3,3,2 status=TIMEOUT layouts=0/1 complete=False time=00:00:20
[RETURN id=19270 rank=02404] left=4,3,2,0,2,3,3 status=TIMEOUT layouts=0/1 complete=False time=00:00:20
[RETURN id=19276 rank=02406] left=4,3,2,0,3,3,2 status=TIMEOUT layouts=0/1 complete=False time=00:00:20
[RETURN id=19342 rank=02410] left=4,3,2,3,0,2,3 status=TIMEOUT layouts=0/1 complete=False time=00:00:20
[RETURN id=19334 rank=02409] left=4,3,2,2,3,3,0 status=TIMEOUT layouts=0/1 complete=False time=00:00:20
[RETURN id=19354 rank=02413] left=4,3,2,3,2,3,0 status=TIMEOUT layouts=0/1 complete=False time=00:00:20
[RETURN id=19398 rank=02417] left=4,3,3,0,2,3,2 status=TIMEOUT layouts=0/1 complete=False time=00:00:20
[RETURN id=19440 rank=02419] left=4,3,3,2,0,2,3 status=TIMEOUT layouts=0/1 complete=False time=00:00:20
[RETURN id=19452 rank=02422] left=4,3,3,2,2,3,0 status=TIMEOUT layouts=0/1 complete=False time=00:00:20
[RETURN id=19470 rank=02427] left=4,3,3,3,2,2,0 status=TIMEOUT layouts=0/1 complete=False time=00:00:20
[RETURN id=19468 rank=02426] left=4,3,3,3,2,0,2 status=TIMEOUT layouts=0/1 complete=False time=00:00:20
[RETURN id=21744 rank=02431] left=5,1,2,3,2,2,2 status=TIMEOUT layouts=0/1 complete=False time=00:00:20
[RETURN id=21716 rank=02429] left=5,1,2,2,2,3,2 status=TIMEOUT layouts=0/1 complete=False time=00:00:20
[RETURN id=22310 rank=02433] left=5,2,1,2,2,2,3 status=TIMEOUT layouts=0/1 complete=False time=00:00:20
[RETURN id=22316 rank=02435] left=5,2,1,2,3,2,2 status=TIMEOUT layouts=0/1 complete=False time=00:00:20
[RETURN id=22426 rank=02438] left=5,2,2,1,2,3,2 status=TIMEOUT layouts=0/1 complete=False time=00:00:20
[RETURN id=22458 rank=02444] left=5,2,2,2,3,1,2 status=TIMEOUT layouts=0/1 complete=False time=00:00:20
[RETURN id=22448 rank=02440] left=5,2,2,2,1,2,3 status=TIMEOUT layouts=0/1 complete=False time=00:00:20
[RETURN id=22474 rank=02446] left=5,2,2,3,1,2,2 status=TIMEOUT layouts=0/1 complete=False time=00:00:20
[RETURN id=22478 rank=02447] left=5,2,2,3,2,1,2 status=TIMEOUT layouts=0/1 complete=False time=00:00:20
[RETURN id=04700 rank=02464] left=1,1,3,1,3,4,4 status=QUOTA_REACHED layouts=1/1 complete=True time=00:00:05
[GLOBAL] [#---------------------------] done=146/3505 (4.17%) covered=146 layouts=146 running=14/14 remaining=3359 elapsed=00:29:30 rate=4.95 sig/min ETA=11:18:42
[COVERAGE] selected_mass(global)=47.579% covered_mass(global contribution)=5.315%
[LONGEST] id=22552 rank=2449 left=5,2,3,1,2,2,2 elapsed=00:00:20
[RETURN id=22552 rank=02449] left=5,2,3,1,2,2,2 status=TIMEOUT layouts=0/1 complete=False time=00:00:20
[RETURN id=22572 rank=02450] left=5,2,3,2,1,2,2 status=TIMEOUT layouts=0/1 complete=False time=00:00:20
[RETURN id=22576 rank=02451] left=5,2,3,2,2,1,2 status=TIMEOUT layouts=0/1 complete=False time=00:00:20
[RETURN id=04544 rank=02462] left=1,1,1,4,3,4,3 status=QUOTA_REACHED layouts=1/1 complete=True time=00:00:19
[RETURN id=23082 rank=02457] left=5,3,2,2,2,2,1 status=TIMEOUT layouts=0/1 complete=False time=00:00:20
[RETURN id=04528 rank=02459] left=1,1,1,3,4,3,4 status=TIMEOUT layouts=0/1 complete=False time=00:00:20
[RETURN id=04548 rank=02463] left=1,1,1,4,4,3,3 status=TIMEOUT layouts=0/1 complete=False time=00:00:20
[RETURN id=04704 rank=02466] left=1,1,3,1,4,4,3 status=TIMEOUT layouts=0/1 complete=False time=00:00:20
[RETURN id=04750 rank=02469] left=1,1,3,3,4,4,1 status=TIMEOUT layouts=0/1 complete=False time=00:00:20
[RETURN id=04778 rank=02475] left=1,1,3,4,4,3,1 status=QUOTA_REACHED layouts=1/1 complete=True time=00:00:17
[RETURN id=04762 rank=02471] left=1,1,3,4,1,4,3 status=TIMEOUT layouts=0/1 complete=False time=00:00:20
[RETURN id=04770 rank=02472] left=1,1,3,4,3,1,4 status=TIMEOUT layouts=0/1 complete=False time=00:00:20
[RETURN id=04776 rank=02474] left=1,1,3,4,4,1,3 status=TIMEOUT layouts=0/1 complete=False time=00:00:20
[RETURN id=04834 rank=02477] left=1,1,4,1,3,4,3 status=TIMEOUT layouts=0/1 complete=False time=00:00:20
[RETURN id=04838 rank=02478] left=1,1,4,1,4,3,3 status=TIMEOUT layouts=0/1 complete=False time=00:00:20
[RETURN id=04876 rank=02479] left=1,1,4,3,1,3,4 status=TIMEOUT layouts=0/1 complete=False time=00:00:20
[RETURN id=04888 rank=02482] left=1,1,4,3,3,4,1 status=TIMEOUT layouts=0/1 complete=False time=00:00:20
[RETURN id=06026 rank=02498] left=1,3,1,4,4,1,3 status=QUOTA_REACHED layouts=1/1 complete=True time=00:00:14
[RETURN id=05950 rank=02488] left=1,3,1,1,3,4,4 status=TIMEOUT layouts=0/1 complete=False time=00:00:20
[RETURN id=05954 rank=02490] left=1,3,1,1,4,4,3 status=TIMEOUT layouts=0/1 complete=False time=00:00:20
[GLOBAL] [#---------------------------] done=149/3505 (4.25%) covered=149 layouts=149 running=14/14 remaining=3356 elapsed=00:30:00 rate=4.97 sig/min ETA=11:15:42
[COVERAGE] selected_mass(global)=47.579% covered_mass(global contribution)=5.336%
[LONGEST] id=6000 rank=2493 left=1,3,1,3,4,4,1 elapsed=00:00:21
[RETURN id=06012 rank=02495] left=1,3,1,4,1,4,3 status=QUOTA_REACHED layouts=1/1 complete=True time=00:00:18
[RETURN id=06000 rank=02493] left=1,3,1,3,4,4,1 status=TIMEOUT layouts=0/1 complete=False time=00:00:20
[RETURN id=06310 rank=02504] left=1,3,3,4,1,4,1 status=QUOTA_REACHED layouts=1/1 complete=True time=00:00:14
[RETURN id=06020 rank=02496] left=1,3,1,4,3,1,4 status=TIMEOUT layouts=0/1 complete=False time=00:00:20
[RETURN id=06028 rank=02499] left=1,3,1,4,4,3,1 status=TIMEOUT layouts=0/1 complete=False time=00:00:20
[RETURN id=06240 rank=02502] left=1,3,3,1,4,4,1 status=TIMEOUT layouts=0/1 complete=False time=00:00:20
[RETURN id=06322 rank=02505] left=1,3,3,4,4,1,1 status=TIMEOUT layouts=0/1 complete=False time=00:00:20
[RETURN id=06376 rank=02506] left=1,3,4,1,1,3,4 status=TIMEOUT layouts=0/1 complete=False time=00:00:20
[RETURN id=06388 rank=02509] left=1,3,4,1,3,4,1 status=TIMEOUT layouts=0/1 complete=False time=00:00:20
[RETURN id=06458 rank=02515] left=1,3,4,4,1,1,3 status=QUOTA_REACHED layouts=1/1 complete=True time=00:00:18
[RETURN id=06432 rank=02512] left=1,3,4,3,1,1,4 status=TIMEOUT layouts=0/1 complete=False time=00:00:20
[RETURN id=06460 rank=02516] left=1,3,4,4,1,3,1 status=TIMEOUT layouts=0/1 complete=False time=00:00:20
[RETURN id=07108 rank=02536] left=1,4,3,3,1,1,4 status=QUOTA_REACHED layouts=1/1 complete=True time=00:00:15
[RETURN id=06760 rank=02519] left=1,4,1,1,3,4,3 status=TIMEOUT layouts=0/1 complete=False time=00:00:20
[RETURN id=06764 rank=02520] left=1,4,1,1,4,3,3 status=TIMEOUT layouts=0/1 complete=False time=00:00:20
[RETURN id=07052 rank=02530] left=1,4,3,1,1,3,4 status=TIMEOUT layouts=0/1 complete=False time=00:00:20
[RETURN id=07134 rank=02539] left=1,4,3,4,1,1,3 status=QUOTA_REACHED layouts=1/1 complete=True time=00:00:15
[RETURN id=06802 rank=02521] left=1,4,1,3,1,3,4 status=TIMEOUT layouts=0/1 complete=False time=00:00:20
[RETURN id=06814 rank=02524] left=1,4,1,3,3,4,1 status=TIMEOUT layouts=0/1 complete=False time=00:00:20
[RETURN id=07064 rank=02533] left=1,4,3,1,3,4,1 status=TIMEOUT layouts=0/1 complete=False time=00:00:20
[RETURN id=07136 rank=02540] left=1,4,3,4,1,3,1 status=TIMEOUT layouts=0/1 complete=False time=00:00:20
[RETURN id=07196 rank=02542] left=1,4,4,1,1,3,3 status=TIMEOUT layouts=0/1 complete=False time=00:00:20
[GLOBAL] [#---------------------------] done=154/3505 (4.39%) covered=154 layouts=154 running=14/14 remaining=3351 elapsed=00:30:30 rate=5.05 sig/min ETA=11:03:40
[COVERAGE] selected_mass(global)=47.579% covered_mass(global contribution)=5.370%
[LONGEST] id=7206 rank=2543 left=1,4,4,1,3,1,3 elapsed=00:00:17
[RETURN id=07206 rank=02543] left=1,4,4,1,3,1,3 status=TIMEOUT layouts=0/1 complete=False time=00:00:20
[RETURN id=13738 rank=02566] left=3,1,4,1,1,3,4 status=QUOTA_REACHED layouts=1/1 complete=True time=00:00:06
[RETURN id=07208 rank=02544] left=1,4,4,1,3,3,1 status=TIMEOUT layouts=0/1 complete=False time=00:00:20
[RETURN id=07258 rank=02547] left=1,4,4,3,3,1,1 status=TIMEOUT layouts=0/1 complete=False time=00:00:20
[RETURN id=13312 rank=02548] left=3,1,1,1,3,4,4 status=TIMEOUT layouts=0/1 complete=False time=00:00:20
[RETURN id=13316 rank=02550] left=3,1,1,1,4,4,3 status=TIMEOUT layouts=0/1 complete=False time=00:00:20
[RETURN id=13362 rank=02553] left=3,1,1,3,4,4,1 status=TIMEOUT layouts=0/1 complete=False time=00:00:20
[RETURN id=13388 rank=02558] left=3,1,1,4,4,1,3 status=TIMEOUT layouts=0/1 complete=False time=00:00:20
[RETURN id=13390 rank=02559] left=3,1,1,4,4,3,1 status=QUOTA_REACHED layouts=1/1 complete=True time=00:00:19
[RETURN id=13374 rank=02555] left=3,1,1,4,1,4,3 status=TIMEOUT layouts=0/1 complete=False time=00:00:20
[RETURN id=13382 rank=02556] left=3,1,1,4,3,1,4 status=TIMEOUT layouts=0/1 complete=False time=00:00:20
[RETURN id=13602 rank=02562] left=3,1,3,1,4,4,1 status=TIMEOUT layouts=0/1 complete=False time=00:00:20
[RETURN id=13672 rank=02564] left=3,1,3,4,1,4,1 status=TIMEOUT layouts=0/1 complete=False time=00:00:20
[RETURN id=13684 rank=02565] left=3,1,3,4,4,1,1 status=TIMEOUT layouts=0/1 complete=False time=00:00:20
[RETURN id=13750 rank=02569] left=3,1,4,1,3,4,1 status=TIMEOUT layouts=0/1 complete=False time=00:00:20
[RETURN id=15398 rank=02587] left=3,3,4,4,1,1,1 status=QUOTA_REACHED layouts=1/1 complete=True time=00:00:13
[RETURN id=13794 rank=02572] left=3,1,4,3,1,1,4 status=TIMEOUT layouts=0/1 complete=False time=00:00:20
[RETURN id=13822 rank=02576] left=3,1,4,4,1,3,1 status=TIMEOUT layouts=0/1 complete=False time=00:00:20
[RETURN id=13820 rank=02575] left=3,1,4,4,1,1,3 status=TIMEOUT layouts=0/1 complete=False time=00:00:20
[GLOBAL] [#---------------------------] done=157/3505 (4.48%) covered=157 layouts=157 running=14/14 remaining=3348 elapsed=00:31:00 rate=5.06 sig/min ETA=11:01:04
[COVERAGE] selected_mass(global)=47.579% covered_mass(global contribution)=5.391%
[LONGEST] id=14918 rank=2578 left=3,3,1,1,1,4,4 elapsed=00:00:21
[RETURN id=14918 rank=02578] left=3,3,1,1,1,4,4 status=TIMEOUT layouts=0/1 complete=False time=00:00:20
[RETURN id=14930 rank=02579] left=3,3,1,1,4,1,4 status=TIMEOUT layouts=0/1 complete=False time=00:00:20
[RETURN id=15000 rank=02581] left=3,3,1,4,1,1,4 status=TIMEOUT layouts=0/1 complete=False time=00:00:20
[RETURN id=15676 rank=02591] left=3,4,1,1,3,4,1 status=TIMEOUT layouts=0/1 complete=False time=00:00:20
[RETURN id=15338 rank=02584] left=3,3,4,1,1,1,4 status=TIMEOUT layouts=0/1 complete=False time=00:00:20
[RETURN id=15664 rank=02588] left=3,4,1,1,1,3,4 status=TIMEOUT layouts=0/1 complete=False time=00:00:20
[RETURN id=15720 rank=02594] left=3,4,1,3,1,1,4 status=TIMEOUT layouts=0/1 complete=False time=00:00:20
[RETURN id=15746 rank=02597] left=3,4,1,4,1,1,3 status=TIMEOUT layouts=0/1 complete=False time=00:00:20
[RETURN id=15748 rank=02598] left=3,4,1,4,1,3,1 status=TIMEOUT layouts=0/1 complete=False time=00:00:20
[RETURN id=15948 rank=02602] left=3,4,3,1,4,1,1 status=TIMEOUT layouts=0/1 complete=False time=00:00:20
[RETURN id=15936 rank=02601] left=3,4,3,1,1,4,1 status=TIMEOUT layouts=0/1 complete=False time=00:00:20
[RETURN id=16036 rank=02604] left=3,4,4,1,1,1,3 status=TIMEOUT layouts=0/1 complete=False time=00:00:20
[RETURN id=16038 rank=02605] left=3,4,4,1,1,3,1 status=TIMEOUT layouts=0/1 complete=False time=00:00:20
[RETURN id=16070 rank=02607] left=3,4,4,3,1,1,1 status=TIMEOUT layouts=0/1 complete=False time=00:00:20
[RETURN id=17608 rank=02609] left=4,1,1,1,3,4,3 status=TIMEOUT layouts=0/1 complete=False time=00:00:20
[RETURN id=17984 rank=02630] left=4,1,3,4,1,3,1 status=QUOTA_REACHED layouts=1/1 complete=True time=00:00:10
[RETURN id=17612 rank=02610] left=4,1,1,1,4,3,3 status=TIMEOUT layouts=0/1 complete=False time=00:00:20
[RETURN id=17650 rank=02611] left=4,1,1,3,1,3,4 status=TIMEOUT layouts=0/1 complete=False time=00:00:20
[RETURN id=17662 rank=02614] left=4,1,1,3,3,4,1 status=TIMEOUT layouts=0/1 complete=False time=00:00:20
[RETURN id=17900 rank=02620] left=4,1,3,1,1,3,4 status=TIMEOUT layouts=0/1 complete=False time=00:00:20
[RETURN id=17912 rank=02623] left=4,1,3,1,3,4,1 status=TIMEOUT layouts=0/1 complete=False time=00:00:20
[RETURN id=17956 rank=02626] left=4,1,3,3,1,1,4 status=TIMEOUT layouts=0/1 complete=False time=00:00:20
[RETURN id=17982 rank=02629] left=4,1,3,4,1,1,3 status=TIMEOUT layouts=0/1 complete=False time=00:00:20
[GLOBAL] [#---------------------------] done=158/3505 (4.51%) covered=158 layouts=158 running=14/14 remaining=3347 elapsed=00:31:30 rate=5.02 sig/min ETA=11:07:17
[COVERAGE] selected_mass(global)=47.579% covered_mass(global contribution)=5.398%
[LONGEST] id=18044 rank=2632 left=4,1,4,1,1,3,3 elapsed=00:00:14
[RETURN id=18044 rank=02632] left=4,1,4,1,1,3,3 status=TIMEOUT layouts=0/1 complete=False time=00:00:20
[RETURN id=18054 rank=02633] left=4,1,4,1,3,1,3 status=TIMEOUT layouts=0/1 complete=False time=00:00:20
[RETURN id=18056 rank=02634] left=4,1,4,1,3,3,1 status=TIMEOUT layouts=0/1 complete=False time=00:00:20
[RETURN id=18106 rank=02637] left=4,1,4,3,3,1,1 status=TIMEOUT layouts=0/1 complete=False time=00:00:20
[RETURN id=19234 rank=02648] left=4,3,1,4,1,3,1 status=QUOTA_REACHED layouts=1/1 complete=True time=00:00:16
[RETURN id=19150 rank=02638] left=4,3,1,1,1,3,4 status=TIMEOUT layouts=0/1 complete=False time=00:00:20
[RETURN id=19162 rank=02641] left=4,3,1,1,3,4,1 status=TIMEOUT layouts=0/1 complete=False time=00:00:20
[RETURN id=19232 rank=02647] left=4,3,1,4,1,1,3 status=TIMEOUT layouts=0/1 complete=False time=00:00:20
[RETURN id=19206 rank=02644] left=4,3,1,3,1,1,4 status=TIMEOUT layouts=0/1 complete=False time=00:00:20
[RETURN id=19422 rank=02651] left=4,3,3,1,1,4,1 status=TIMEOUT layouts=0/1 complete=False time=00:00:20
[RETURN id=00630 rank=02669] left=0,1,3,3,3,4,3 status=QUOTA_REACHED layouts=1/1 complete=True time=00:00:05
[RETURN id=19434 rank=02652] left=4,3,3,1,4,1,1 status=TIMEOUT layouts=0/1 complete=False time=00:00:20
[RETURN id=19522 rank=02654] left=4,3,4,1,1,1,3 status=TIMEOUT layouts=0/1 complete=False time=00:00:20
[RETURN id=19524 rank=02655] left=4,3,4,1,1,3,1 status=TIMEOUT layouts=0/1 complete=False time=00:00:20
[RETURN id=19556 rank=02657] left=4,3,4,3,1,1,1 status=TIMEOUT layouts=0/1 complete=False time=00:00:20
[RETURN id=19852 rank=02661] left=4,4,1,3,1,1,3 status=TIMEOUT layouts=0/1 complete=False time=00:00:20
[RETURN id=20036 rank=02666] left=4,4,3,1,3,1,1 status=TIMEOUT layouts=0/1 complete=False time=00:00:20
[RETURN id=19854 rank=02662] left=4,4,1,3,1,3,1 status=TIMEOUT layouts=0/1 complete=False time=00:00:20
[GLOBAL] [#---------------------------] done=160/3505 (4.56%) covered=160 layouts=160 running=14/14 remaining=3345 elapsed=00:32:00 rate=5.00 sig/min ETA=11:09:00
[COVERAGE] selected_mass(global)=47.579% covered_mass(global contribution)=5.410%
[LONGEST] id=634 rank=2670 left=0,1,3,3,4,3,3 elapsed=00:00:20
[RETURN id=00634 rank=02670] left=0,1,3,3,4,3,3 status=TIMEOUT layouts=0/1 complete=False time=00:00:20
[RETURN id=01154 rank=02679] left=0,2,2,4,2,3,4 status=QUOTA_REACHED layouts=1/1 complete=True time=00:00:15
[RETURN id=00654 rank=02671] left=0,1,3,4,3,3,3 status=TIMEOUT layouts=0/1 complete=False time=00:00:20
[RETURN id=00752 rank=02672] left=0,1,4,3,3,3,3 status=TIMEOUT layouts=0/1 complete=False time=00:00:20
[RETURN id=01116 rank=02673] left=0,2,2,2,3,4,4 status=TIMEOUT layouts=0/1 complete=False time=00:00:20
[RETURN id=01120 rank=02675] left=0,2,2,2,4,4,3 status=TIMEOUT layouts=0/1 complete=False time=00:00:20
[RETURN id=01138 rank=02677] left=0,2,2,3,4,2,4 status=TIMEOUT layouts=0/1 complete=False time=00:00:20
[RETURN id=01140 rank=02678] left=0,2,2,3,4,4,2 status=TIMEOUT layouts=0/1 complete=False time=00:00:20
[RETURN id=01158 rank=02681] left=0,2,2,4,3,2,4 status=TIMEOUT layouts=0/1 complete=False time=00:00:20
[RETURN id=01160 rank=02682] left=0,2,2,4,3,4,2 status=TIMEOUT layouts=0/1 complete=False time=00:00:20
[RETURN id=01378 rank=02696] left=0,2,4,2,4,3,2 status=QUOTA_REACHED layouts=1/1 complete=True time=00:00:07
[RETURN id=01164 rank=02683] left=0,2,2,4,4,2,3 status=TIMEOUT layouts=0/1 complete=False time=00:00:20
[RETURN id=01238 rank=02687] left=0,2,3,2,4,4,2 status=QUOTA_REACHED layouts=1/1 complete=True time=00:00:14
[RETURN id=01396 rank=02698] left=0,2,4,3,2,4,2 status=QUOTA_REACHED layouts=1/1 complete=True time=00:00:11
[RETURN id=01430 rank=02702] left=0,2,4,4,3,2,2 status=QUOTA_REACHED layouts=1/1 complete=True time=00:00:12
[RETURN id=01734 rank=02705] left=0,3,1,3,4,3,3 status=QUOTA_REACHED layouts=1/1 complete=True time=00:00:13
[RETURN id=01236 rank=02686] left=0,2,3,2,4,2,4 status=TIMEOUT layouts=0/1 complete=False time=00:00:20
[RETURN id=01368 rank=02692] left=0,2,4,2,2,4,3 status=TIMEOUT layouts=0/1 complete=False time=00:00:20
[RETURN id=01394 rank=02697] left=0,2,4,3,2,2,4 status=TIMEOUT layouts=0/1 complete=False time=00:00:20
[RETURN id=01406 rank=02699] left=0,2,4,3,4,2,2 status=TIMEOUT layouts=0/1 complete=False time=00:00:20
[RETURN id=01754 rank=02706] left=0,3,1,4,3,3,3 status=QUOTA_REACHED layouts=1/1 complete=True time=00:00:17
[RETURN id=01824 rank=02707] left=0,3,2,2,2,4,4 status=QUOTA_REACHED layouts=1/1 complete=True time=00:00:16
[RETURN id=01424 rank=02700] left=0,2,4,4,2,2,3 status=TIMEOUT layouts=0/1 complete=False time=00:00:20
[RETURN id=01730 rank=02704] left=0,3,1,3,3,4,3 status=TIMEOUT layouts=0/1 complete=False time=00:00:20
[RETURN id=01886 rank=02712] left=0,3,2,4,4,2,2 status=QUOTA_REACHED layouts=1/1 complete=True time=00:00:11
[RETURN id=01876 rank=02711] left=0,3,2,4,2,4,2 status=QUOTA_REACHED layouts=1/1 complete=True time=00:00:14
[RETURN id=01874 rank=02710] left=0,3,2,4,2,2,4 status=TIMEOUT layouts=0/1 complete=False time=00:00:20
[GLOBAL] [#---------------------------] done=170/3505 (4.85%) covered=170 layouts=170 running=14/14 remaining=3335 elapsed=00:32:30 rate=5.23 sig/min ETA=10:37:34
[COVERAGE] selected_mass(global)=47.579% covered_mass(global contribution)=5.465%
[LONGEST] id=1942 rank=2713 left=0,3,3,1,3,3,4 elapsed=00:00:16
[RETURN id=02026 rank=02724] left=0,3,3,4,3,3,1 status=QUOTA_REACHED layouts=1/1 complete=True time=00:00:09
[RETURN id=01942 rank=02713] left=0,3,3,1,3,3,4 status=TIMEOUT layouts=0/1 complete=False time=00:00:20
[RETURN id=01986 rank=02717] left=0,3,3,3,1,4,3 status=TIMEOUT layouts=0/1 complete=False time=00:00:20
[RETURN id=01994 rank=02718] left=0,3,3,3,3,1,4 status=TIMEOUT layouts=0/1 complete=False time=00:00:20
[RETURN id=02000 rank=02720] left=0,3,3,3,4,1,3 status=TIMEOUT layouts=0/1 complete=False time=00:00:20
[RETURN id=02618 rank=02735] left=0,4,2,2,2,4,3 status=QUOTA_REACHED layouts=1/1 complete=True time=00:00:14
[RETURN id=02002 rank=02721] left=0,3,3,3,4,3,1 status=TIMEOUT layouts=0/1 complete=False time=00:00:20
[RETURN id=02014 rank=02722] left=0,3,3,4,1,3,3 status=TIMEOUT layouts=0/1 complete=False time=00:00:20
[RETURN id=02024 rank=02723] left=0,3,3,4,3,1,3 status=TIMEOUT layouts=0/1 complete=False time=00:00:20
[RETURN id=02092 rank=02725] left=0,3,4,1,3,3,3 status=TIMEOUT layouts=0/1 complete=False time=00:00:20
[RETURN id=02114 rank=02726] left=0,3,4,2,2,2,4 status=TIMEOUT layouts=0/1 complete=False time=00:00:20
[RETURN id=02126 rank=02728] left=0,3,4,2,4,2,2 status=TIMEOUT layouts=0/1 complete=False time=00:00:20
[RETURN id=02116 rank=02727] left=0,3,4,2,2,4,2 status=TIMEOUT layouts=0/1 complete=False time=00:00:20
[RETURN id=02628 rank=02739] left=0,4,2,2,4,3,2 status=TIMEOUT layouts=0/1 complete=False time=00:00:20
[RETURN id=02644 rank=02740] left=0,4,2,3,2,2,4 status=TIMEOUT layouts=0/1 complete=False time=00:00:20
[RETURN id=04116 rank=02759] left=1,0,3,3,3,4,3 status=QUOTA_REACHED layouts=1/1 complete=True time=00:00:09
[RETURN id=02646 rank=02741] left=0,4,2,3,2,4,2 status=TIMEOUT layouts=0/1 complete=False time=00:00:20
[RETURN id=02656 rank=02742] left=0,4,2,3,4,2,2 status=TIMEOUT layouts=0/1 complete=False time=00:00:20
[RETURN id=02674 rank=02743] left=0,4,2,4,2,2,3 status=TIMEOUT layouts=0/1 complete=False time=00:00:20
[GLOBAL] [#---------------------------] done=173/3505 (4.94%) covered=173 layouts=173 running=14/14 remaining=3332 elapsed=00:33:00 rate=5.24 sig/min ETA=10:35:35
[COVERAGE] selected_mass(global)=47.579% covered_mass(global contribution)=5.482%
[LONGEST] id=2680 rank=2745 left=0,4,2,4,3,2,2 elapsed=00:00:20
[RETURN id=02680 rank=02745] left=0,4,2,4,3,2,2 status=TIMEOUT layouts=0/1 complete=False time=00:00:20
[RETURN id=02794 rank=02750] left=0,4,3,3,1,3,3 status=TIMEOUT layouts=0/1 complete=False time=00:00:20
[RETURN id=02804 rank=02751] left=0,4,3,3,3,1,3 status=TIMEOUT layouts=0/1 complete=False time=00:00:20
[RETURN id=02806 rank=02752] left=0,4,3,3,3,3,1 status=TIMEOUT layouts=0/1 complete=False time=00:00:20
[RETURN id=02828 rank=02753] left=0,4,3,4,2,2,2 status=TIMEOUT layouts=0/1 complete=False time=00:00:20
[RETURN id=02924 rank=02754] left=0,4,4,2,2,2,3 status=TIMEOUT layouts=0/1 complete=False time=00:00:20
[RETURN id=02930 rank=02756] left=0,4,4,2,3,2,2 status=TIMEOUT layouts=0/1 complete=False time=00:00:20
[RETURN id=04120 rank=02760] left=1,0,3,3,4,3,3 status=TIMEOUT layouts=0/1 complete=False time=00:00:20
[RETURN id=04140 rank=02761] left=1,0,3,4,3,3,3 status=TIMEOUT layouts=0/1 complete=False time=00:00:20
[RETURN id=04238 rank=02762] left=1,0,4,3,3,3,3 status=TIMEOUT layouts=0/1 complete=False time=00:00:20
[RETURN id=04610 rank=02765] left=1,1,2,2,5,3,3 status=TIMEOUT layouts=0/1 complete=False time=00:00:20
[RETURN id=04616 rank=02766] left=1,1,2,3,2,3,5 status=TIMEOUT layouts=0/1 complete=False time=00:00:20
[RETURN id=04618 rank=02767] left=1,1,2,3,2,5,3 status=TIMEOUT layouts=0/1 complete=False time=00:00:20
[RETURN id=04622 rank=02769] left=1,1,2,3,3,5,2 status=TIMEOUT layouts=0/1 complete=False time=00:00:20
[RETURN id=04630 rank=02770] left=1,1,2,3,5,2,3 status=TIMEOUT layouts=0/1 complete=False time=00:00:20
[RETURN id=04668 rank=02772] left=1,1,2,5,2,3,3 status=TIMEOUT layouts=0/1 complete=False time=00:00:20
[RETURN id=04674 rank=02774] left=1,1,2,5,3,3,2 status=TIMEOUT layouts=0/1 complete=False time=00:00:20
[RETURN id=04714 rank=02775] left=1,1,3,2,2,3,5 status=TIMEOUT layouts=0/1 complete=False time=00:00:20
[RETURN id=04716 rank=02776] left=1,1,3,2,2,5,3 status=TIMEOUT layouts=0/1 complete=False time=00:00:20
[RETURN id=04728 rank=02779] left=1,1,3,2,5,2,3 status=TIMEOUT layouts=0/1 complete=False time=00:00:20
[RETURN id=04720 rank=02778] left=1,1,3,2,3,5,2 status=TIMEOUT layouts=0/1 complete=False time=00:00:20
[RETURN id=04740 rank=02782] left=1,1,3,3,2,5,2 status=TIMEOUT layouts=0/1 complete=False time=00:00:20
[GLOBAL] [#---------------------------] done=173/3505 (4.94%) covered=173 layouts=173 running=14/14 remaining=3332 elapsed=00:33:30 rate=5.16 sig/min ETA=10:45:13
[COVERAGE] selected_mass(global)=47.579% covered_mass(global contribution)=5.482%
[LONGEST] id=4754 rank=2783 left=1,1,3,3,5,2,2 elapsed=00:00:19
[RETURN id=04754 rank=02783] left=1,1,3,3,5,2,2 status=TIMEOUT layouts=0/1 complete=False time=00:00:20
[RETURN id=05036 rank=02791] left=1,1,5,3,2,3,2 status=QUOTA_REACHED layouts=1/1 complete=True time=00:00:12
[RETURN id=04796 rank=02785] left=1,1,3,5,2,3,2 status=TIMEOUT layouts=0/1 complete=False time=00:00:20
[RETURN id=05006 rank=02787] left=1,1,5,2,2,3,3 status=TIMEOUT layouts=0/1 complete=False time=00:00:20
[RETURN id=05012 rank=02789] left=1,1,5,2,3,3,2 status=TIMEOUT layouts=0/1 complete=False time=00:00:20
[RETURN id=05196 rank=02793] left=1,2,1,2,3,3,5 status=TIMEOUT layouts=0/1 complete=False time=00:00:20
[RETURN id=05198 rank=02794] left=1,2,1,2,3,5,3 status=TIMEOUT layouts=0/1 complete=False time=00:00:20
[RETURN id=05214 rank=02798] left=1,2,1,3,3,2,5 status=TIMEOUT layouts=0/1 complete=False time=00:00:20
[RETURN id=05226 rank=02801] left=1,2,1,3,5,3,2 status=TIMEOUT layouts=0/1 complete=False time=00:00:20
[RETURN id=05294 rank=02805] left=1,2,2,1,3,3,5 status=QUOTA_REACHED layouts=1/1 complete=True time=00:00:19
[RETURN id=05268 rank=02803] left=1,2,1,5,3,2,3 status=TIMEOUT layouts=0/1 complete=False time=00:00:20
[RETURN id=05336 rank=02810] left=1,2,2,3,3,1,5 status=TIMEOUT layouts=0/1 complete=False time=00:00:20
[RETURN id=05296 rank=02806] left=1,2,2,1,3,5,3 status=TIMEOUT layouts=0/1 complete=False time=00:00:20
[RETURN id=05340 rank=02811] left=1,2,2,3,3,5,1 status=TIMEOUT layouts=0/1 complete=False time=00:00:20
[RETURN id=05348 rank=02812] left=1,2,2,3,5,1,3 status=TIMEOUT layouts=0/1 complete=False time=00:00:20
[RETURN id=05350 rank=02813] left=1,2,2,3,5,3,1 status=TIMEOUT layouts=0/1 complete=False time=00:00:20
[RETURN id=05424 rank=02817] left=1,2,3,1,2,3,5 status=TIMEOUT layouts=0/1 complete=False time=00:00:20
[RETURN id=05430 rank=02820] left=1,2,3,1,3,5,2 status=QUOTA_REACHED layouts=1/1 complete=True time=00:00:18
[RETURN id=05426 rank=02818] left=1,2,3,1,2,5,3 status=TIMEOUT layouts=0/1 complete=False time=00:00:20
[RETURN id=05470 rank=02829] left=1,2,3,3,1,2,5 status=QUOTA_REACHED layouts=1/1 complete=True time=00:00:14
[GLOBAL] [#---------------------------] done=177/3505 (5.05%) covered=177 layouts=177 running=14/14 remaining=3328 elapsed=00:34:00 rate=5.21 sig/min ETA=10:39:17
[COVERAGE] selected_mass(global)=47.579% covered_mass(global contribution)=5.504%
[LONGEST] id=5438 rank=2821 left=1,2,3,1,5,2,3 elapsed=00:00:18
[RETURN id=05444 rank=02823] left=1,2,3,2,1,3,5 status=QUOTA_REACHED layouts=1/1 complete=True time=00:00:17
[RETURN id=05438 rank=02821] left=1,2,3,1,5,2,3 status=TIMEOUT layouts=0/1 complete=False time=00:00:20
[RETURN id=05492 rank=02834] left=1,2,3,3,5,2,1 status=QUOTA_REACHED layouts=1/1 complete=True time=00:00:14
[RETURN id=05446 rank=02824] left=1,2,3,2,1,5,3 status=TIMEOUT layouts=0/1 complete=False time=00:00:20
[RETURN id=05732 rank=02843] left=1,2,5,1,3,3,2 status=QUOTA_REACHED layouts=1/1 complete=True time=00:00:13
[RETURN id=05474 rank=02831] left=1,2,3,3,2,1,5 status=TIMEOUT layouts=0/1 complete=False time=00:00:20
[RETURN id=05478 rank=02832] left=1,2,3,3,2,5,1 status=TIMEOUT layouts=0/1 complete=False time=00:00:20
[RETURN id=05538 rank=02839] left=1,2,3,5,3,1,2 status=QUOTA_REACHED layouts=1/1 complete=True time=00:00:18
[RETURN id=05528 rank=02835] left=1,2,3,5,1,2,3 status=TIMEOUT layouts=0/1 complete=False time=00:00:20
[RETURN id=05726 rank=02841] left=1,2,5,1,2,3,3 status=TIMEOUT layouts=0/1 complete=False time=00:00:20
[RETURN id=05788 rank=02851] left=1,2,5,3,3,1,2 status=QUOTA_REACHED layouts=1/1 complete=True time=00:00:12
[RETURN id=05750 rank=02844] left=1,2,5,2,1,3,3 status=TIMEOUT layouts=0/1 complete=False time=00:00:20
[RETURN id=05760 rank=02845] left=1,2,5,2,3,1,3 status=TIMEOUT layouts=0/1 complete=False time=00:00:20
[RETURN id=05762 rank=02846] left=1,2,5,2,3,3,1 status=TIMEOUT layouts=0/1 complete=False time=00:00:20
[RETURN id=05778 rank=02847] left=1,2,5,3,1,2,3 status=TIMEOUT layouts=0/1 complete=False time=00:00:20
[RETURN id=06046 rank=02867] left=1,3,1,5,2,3,2 status=QUOTA_REACHED layouts=1/1 complete=True time=00:00:11
[RETURN id=05870 rank=02853] left=1,3,0,3,3,3,4 status=TIMEOUT layouts=0/1 complete=False time=00:00:20
[RETURN id=05964 rank=02857] left=1,3,1,2,2,3,5 status=TIMEOUT layouts=0/1 complete=False time=00:00:20
[RETURN id=05966 rank=02858] left=1,3,1,2,2,5,3 status=TIMEOUT layouts=0/1 complete=False time=00:00:20
[RETURN id=05970 rank=02860] left=1,3,1,2,3,5,2 status=TIMEOUT layouts=0/1 complete=False time=00:00:20
[RETURN id=05978 rank=02861] left=1,3,1,2,5,2,3 status=TIMEOUT layouts=0/1 complete=False time=00:00:20
[RETURN id=05990 rank=02864] left=1,3,1,3,2,5,2 status=TIMEOUT layouts=0/1 complete=False time=00:00:20
[RETURN id=06004 rank=02865] left=1,3,1,3,5,2,2 status=TIMEOUT layouts=0/1 complete=False time=00:00:20
[GLOBAL] [#---------------------------] done=183/3505 (5.22%) covered=183 layouts=183 running=14/14 remaining=3322 elapsed=00:34:30 rate=5.30 sig/min ETA=10:26:17
[COVERAGE] selected_mass(global)=47.579% covered_mass(global contribution)=5.537%
[LONGEST] id=6082 rank=2871 left=1,3,2,1,3,2,5 elapsed=00:00:16
[RETURN id=06082 rank=02871] left=1,3,2,1,3,2,5 status=TIMEOUT layouts=0/1 complete=False time=00:00:20
[RETURN id=06094 rank=02874] left=1,3,2,1,5,3,2 status=TIMEOUT layouts=0/1 complete=False time=00:00:20
[RETURN id=06106 rank=02877] left=1,3,2,2,3,1,5 status=TIMEOUT layouts=0/1 complete=False time=00:00:20
[RETURN id=06110 rank=02878] left=1,3,2,2,3,5,1 status=TIMEOUT layouts=0/1 complete=False time=00:00:20
[RETURN id=06118 rank=02879] left=1,3,2,2,5,1,3 status=TIMEOUT layouts=0/1 complete=False time=00:00:20
[RETURN id=06120 rank=02880] left=1,3,2,2,5,3,1 status=TIMEOUT layouts=0/1 complete=False time=00:00:20
[RETURN id=06128 rank=02882] left=1,3,2,3,1,5,2 status=TIMEOUT layouts=0/1 complete=False time=00:00:20
[RETURN id=06146 rank=02885] left=1,3,2,3,5,1,2 status=TIMEOUT layouts=0/1 complete=False time=00:00:20
[RETURN id=06184 rank=02888] left=1,3,2,5,1,3,2 status=TIMEOUT layouts=0/1 complete=False time=00:00:20
[RETURN id=06190 rank=02890] left=1,3,2,5,2,3,1 status=QUOTA_REACHED layouts=1/1 complete=True time=00:00:18
[RETURN id=06188 rank=02889] left=1,3,2,5,2,1,3 status=TIMEOUT layouts=0/1 complete=False time=00:00:20
[RETURN id=06194 rank=02892] left=1,3,2,5,3,2,1 status=TIMEOUT layouts=0/1 complete=False time=00:00:20
[RETURN id=06208 rank=02893] left=1,3,3,0,3,3,4 status=TIMEOUT layouts=0/1 complete=False time=00:00:20
[RETURN id=06230 rank=02897] left=1,3,3,1,2,5,2 status=TIMEOUT layouts=0/1 complete=False time=00:00:20
[RETURN id=06254 rank=02901] left=1,3,3,2,2,1,5 status=QUOTA_REACHED layouts=1/1 complete=True time=00:00:15
[RETURN id=06244 rank=02898] left=1,3,3,1,5,2,2 status=TIMEOUT layouts=0/1 complete=False time=00:00:20
[RETURN id=06250 rank=02899] left=1,3,3,2,1,2,5 status=TIMEOUT layouts=0/1 complete=False time=00:00:20
[GLOBAL] [#---------------------------] done=185/3505 (5.28%) covered=185 layouts=185 running=14/14 remaining=3320 elapsed=00:35:00 rate=5.29 sig/min ETA=10:28:06
[COVERAGE] selected_mass(global)=47.579% covered_mass(global contribution)=5.548%
[LONGEST] id=6258 rank=2902 left=1,3,3,2,2,5,1 elapsed=00:00:19
[RETURN id=06320 rank=02913] left=1,3,3,4,3,3,0 status=QUOTA_REACHED layouts=1/1 complete=True time=00:00:14
[RETURN id=06272 rank=02904] left=1,3,3,2,5,2,1 status=TIMEOUT layouts=0/1 complete=False time=00:00:20
[RETURN id=06258 rank=02902] left=1,3,3,2,2,5,1 status=TIMEOUT layouts=0/1 complete=False time=00:00:20
[RETURN id=06276 rank=02906] left=1,3,3,3,0,4,3 status=TIMEOUT layouts=0/1 complete=False time=00:00:20
[RETURN id=06428 rank=02918] left=1,3,4,3,0,3,3 status=QUOTA_REACHED layouts=1/1 complete=True time=00:00:12
[RETURN id=06294 rank=02909] left=1,3,3,3,4,0,3 status=TIMEOUT layouts=0/1 complete=False time=00:00:20
[RETURN id=06334 rank=02914] left=1,3,3,5,1,2,2 status=TIMEOUT layouts=0/1 complete=False time=00:00:20
[RETURN id=06338 rank=02915] left=1,3,3,5,2,1,2 status=TIMEOUT layouts=0/1 complete=False time=00:00:20
[RETURN id=06358 rank=02917] left=1,3,4,0,3,3,3 status=TIMEOUT layouts=0/1 complete=False time=00:00:20
[RETURN id=06442 rank=02919] left=1,3,4,3,3,0,3 status=TIMEOUT layouts=0/1 complete=False time=00:00:20
[RETURN id=06526 rank=02922] left=1,3,5,1,2,3,2 status=TIMEOUT layouts=0/1 complete=False time=00:00:20
[RETURN id=06548 rank=02924] left=1,3,5,2,1,2,3 status=TIMEOUT layouts=0/1 complete=False time=00:00:20
[RETURN id=06574 rank=02930] left=1,3,5,3,1,2,2 status=QUOTA_REACHED layouts=1/1 complete=True time=00:00:17
[RETURN id=06558 rank=02928] left=1,3,5,2,3,1,2 status=TIMEOUT layouts=0/1 complete=False time=00:00:20
[RETURN id=06578 rank=02931] left=1,3,5,3,2,1,2 status=TIMEOUT layouts=0/1 complete=False time=00:00:20
[RETURN id=07104 rank=02935] left=1,4,3,3,0,3,3 status=TIMEOUT layouts=0/1 complete=False time=00:00:20
[RETURN id=07034 rank=02934] left=1,4,3,0,3,3,3 status=TIMEOUT layouts=0/1 complete=False time=00:00:20
[RETURN id=07118 rank=02936] left=1,4,3,3,3,0,3 status=TIMEOUT layouts=0/1 complete=False time=00:00:20
[RETURN id=07592 rank=02939] left=1,5,1,2,3,2,3 status=TIMEOUT layouts=0/1 complete=False time=00:00:20
[RETURN id=07616 rank=02941] left=1,5,1,3,2,2,3 status=TIMEOUT layouts=0/1 complete=False time=00:00:20
[RETURN id=07712 rank=02944] left=1,5,2,1,2,3,3 status=TIMEOUT layouts=0/1 complete=False time=00:00:20
[RETURN id=07622 rank=02943] left=1,5,1,3,3,2,2 status=TIMEOUT layouts=0/1 complete=False time=00:00:20
[RETURN id=07718 rank=02946] left=1,5,2,1,3,3,2 status=TIMEOUT layouts=0/1 complete=False time=00:00:20
[RETURN id=07862 rank=02958] left=1,5,3,1,3,2,2 status=QUOTA_REACHED layouts=1/1 complete=True time=00:00:07
[GLOBAL] [#---------------------------] done=189/3505 (5.39%) covered=189 layouts=189 running=14/14 remaining=3316 elapsed=00:35:30 rate=5.32 sig/min ETA=10:22:51
[COVERAGE] selected_mass(global)=47.579% covered_mass(global contribution)=5.570%
[LONGEST] id=7736 rank=2947 left=1,5,2,2,1,3,3 elapsed=00:00:19
[RETURN id=07736 rank=02947] left=1,5,2,2,1,3,3 status=TIMEOUT layouts=0/1 complete=False time=00:00:20
[RETURN id=07746 rank=02948] left=1,5,2,2,3,1,3 status=TIMEOUT layouts=0/1 complete=False time=00:00:20
[RETURN id=07748 rank=02949] left=1,5,2,2,3,3,1 status=TIMEOUT layouts=0/1 complete=False time=00:00:20
[RETURN id=07764 rank=02950] left=1,5,2,3,1,2,3 status=TIMEOUT layouts=0/1 complete=False time=00:00:20
[RETURN id=08286 rank=02969] left=2,0,2,2,4,3,4 status=QUOTA_REACHED layouts=1/1 complete=True time=00:00:09
[RETURN id=07774 rank=02954] left=1,5,2,3,3,1,2 status=TIMEOUT layouts=0/1 complete=False time=00:00:20
[RETURN id=07886 rank=02962] left=1,5,3,2,2,3,1 status=QUOTA_REACHED layouts=1/1 complete=True time=00:00:14
[RETURN id=07856 rank=02956] left=1,5,3,1,2,2,3 status=TIMEOUT layouts=0/1 complete=False time=00:00:20
[RETURN id=07880 rank=02960] left=1,5,3,2,1,3,2 status=TIMEOUT layouts=0/1 complete=False time=00:00:20
[RETURN id=07884 rank=02961] left=1,5,3,2,2,1,3 status=TIMEOUT layouts=0/1 complete=False time=00:00:20
[RETURN id=08396 rank=02980] left=2,0,3,2,2,4,4 status=QUOTA_REACHED layouts=1/1 complete=True time=00:00:13
[RETURN id=07890 rank=02964] left=1,5,3,2,3,2,1 status=TIMEOUT layouts=0/1 complete=False time=00:00:20
[RETURN id=07910 rank=02967] left=1,5,3,3,2,2,1 status=QUOTA_REACHED layouts=1/1 complete=True time=00:00:20
[RETURN id=08332 rank=02979] left=2,0,2,4,4,3,2 status=QUOTA_REACHED layouts=1/1 complete=True time=00:00:15
[RETURN id=08322 rank=02975] left=2,0,2,4,2,4,3 status=TIMEOUT layouts=0/1 complete=False time=00:00:20
[RETURN id=08298 rank=02971] left=2,0,2,3,2,4,4 status=TIMEOUT layouts=0/1 complete=False time=00:00:20
[RETURN id=08544 rank=02990] left=2,0,4,2,4,2,3 status=QUOTA_REACHED layouts=1/1 complete=True time=00:00:10
[RETURN id=08446 rank=02983] left=2,0,3,4,2,2,4 status=TIMEOUT layouts=0/1 complete=False time=00:00:20
[RETURN id=08448 rank=02984] left=2,0,3,4,2,4,2 status=TIMEOUT layouts=0/1 complete=False time=00:00:20
[RETURN id=08458 rank=02985] left=2,0,3,4,4,2,2 status=TIMEOUT layouts=0/1 complete=False time=00:00:20
[RETURN id=08534 rank=02986] left=2,0,4,2,2,3,4 status=TIMEOUT layouts=0/1 complete=False time=00:00:20
[RETURN id=08538 rank=02988] left=2,0,4,2,3,2,4 status=TIMEOUT layouts=0/1 complete=False time=00:00:20
[GLOBAL] [#---------------------------] done=195/3505 (5.56%) covered=195 layouts=195 running=14/14 remaining=3310 elapsed=00:36:00 rate=5.42 sig/min ETA=10:11:05
[COVERAGE] selected_mass(global)=47.579% covered_mass(global contribution)=5.603%
[LONGEST] id=8540 rank=2989 left=2,0,4,2,3,4,2 elapsed=00:00:18
[RETURN id=08540 rank=02989] left=2,0,4,2,3,4,2 status=TIMEOUT layouts=0/1 complete=False time=00:00:20
[RETURN id=08592 rank=02996] left=2,0,4,4,2,3,2 status=TIMEOUT layouts=0/1 complete=False time=00:00:20
[RETURN id=08886 rank=03000] left=2,1,1,2,5,3,3 status=TIMEOUT layouts=0/1 complete=False time=00:00:20
[RETURN id=08892 rank=03001] left=2,1,1,3,2,3,5 status=TIMEOUT layouts=0/1 complete=False time=00:00:20
[RETURN id=08894 rank=03002] left=2,1,1,3,2,5,3 status=TIMEOUT layouts=0/1 complete=False time=00:00:20
[RETURN id=08898 rank=03004] left=2,1,1,3,3,5,2 status=TIMEOUT layouts=0/1 complete=False time=00:00:20
[RETURN id=08906 rank=03005] left=2,1,1,3,5,2,3 status=TIMEOUT layouts=0/1 complete=False time=00:00:20
[RETURN id=08944 rank=03007] left=2,1,1,5,2,3,3 status=TIMEOUT layouts=0/1 complete=False time=00:00:20
[RETURN id=08950 rank=03009] left=2,1,1,5,3,3,2 status=TIMEOUT layouts=0/1 complete=False time=00:00:20
[RETURN id=08984 rank=03012] left=2,1,2,1,5,3,3 status=TIMEOUT layouts=0/1 complete=False time=00:00:20
[RETURN id=09010 rank=03013] left=2,1,2,3,1,3,5 status=TIMEOUT layouts=0/1 complete=False time=00:00:20
[RETURN id=09076 rank=03020] left=2,1,2,5,3,1,3 status=TIMEOUT layouts=0/1 complete=False time=00:00:20
[RETURN id=09012 rank=03014] left=2,1,2,3,1,5,3 status=TIMEOUT layouts=0/1 complete=False time=00:00:20
[RETURN id=09066 rank=03019] left=2,1,2,5,1,3,3 status=TIMEOUT layouts=0/1 complete=False time=00:00:20
[RETURN id=09078 rank=03021] left=2,1,2,5,3,3,1 status=TIMEOUT layouts=0/1 complete=False time=00:00:20
[RETURN id=09132 rank=03030] left=2,1,3,2,3,1,5 status=QUOTA_REACHED layouts=1/1 complete=True time=00:00:14
[RETURN id=09108 rank=03024] left=2,1,3,1,3,2,5 status=TIMEOUT layouts=0/1 complete=False time=00:00:20
[RETURN id=09120 rank=03027] left=2,1,3,1,5,3,2 status=TIMEOUT layouts=0/1 complete=False time=00:00:20
[RETURN id=09214 rank=03042] left=2,1,3,5,2,1,3 status=QUOTA_REACHED layouts=1/1 complete=True time=00:00:10
[GLOBAL] [#---------------------------] done=197/3505 (5.62%) covered=197 layouts=197 running=14/14 remaining=3308 elapsed=00:36:30 rate=5.40 sig/min ETA=10:12:54
[COVERAGE] selected_mass(global)=47.579% covered_mass(global contribution)=5.614%
[LONGEST] id=9136 rank=3031 left=2,1,3,2,3,5,1 elapsed=00:00:21
[RETURN id=09136 rank=03031] left=2,1,3,2,3,5,1 status=TIMEOUT layouts=0/1 complete=False time=00:00:20
[RETURN id=09144 rank=03032] left=2,1,3,2,5,1,3 status=TIMEOUT layouts=0/1 complete=False time=00:00:20
[RETURN id=09146 rank=03033] left=2,1,3,2,5,3,1 status=TIMEOUT layouts=0/1 complete=False time=00:00:20
[RETURN id=09154 rank=03035] left=2,1,3,3,1,5,2 status=TIMEOUT layouts=0/1 complete=False time=00:00:20
[RETURN id=09172 rank=03038] left=2,1,3,3,5,1,2 status=TIMEOUT layouts=0/1 complete=False time=00:00:20
[RETURN id=09460 rank=03053] left=2,1,5,3,1,3,2 status=QUOTA_REACHED layouts=1/1 complete=True time=00:00:12
[RETURN id=09220 rank=03045] left=2,1,3,5,3,2,1 status=QUOTA_REACHED layouts=1/1 complete=True time=00:00:16
[RETURN id=09210 rank=03041] left=2,1,3,5,1,3,2 status=TIMEOUT layouts=0/1 complete=False time=00:00:20
[RETURN id=09216 rank=03043] left=2,1,3,5,2,3,1 status=TIMEOUT layouts=0/1 complete=False time=00:00:20
[RETURN id=09412 rank=03047] left=2,1,5,1,3,2,3 status=TIMEOUT layouts=0/1 complete=False time=00:00:20
[RETURN id=09464 rank=03054] left=2,1,5,3,2,1,3 status=TIMEOUT layouts=0/1 complete=False time=00:00:20
[RETURN id=09466 rank=03055] left=2,1,5,3,2,3,1 status=TIMEOUT layouts=0/1 complete=False time=00:00:20
[RETURN id=09470 rank=03057] left=2,1,5,3,3,2,1 status=TIMEOUT layouts=0/1 complete=False time=00:00:20
[RETURN id=09536 rank=03059] left=2,2,0,2,4,3,4 status=TIMEOUT layouts=0/1 complete=False time=00:00:20
[RETURN id=09582 rank=03069] left=2,2,0,4,4,3,2 status=QUOTA_REACHED layouts=1/1 complete=True time=00:00:18
[RETURN id=09548 rank=03061] left=2,2,0,3,2,4,4 status=TIMEOUT layouts=0/1 complete=False time=00:00:20
[RETURN id=09572 rank=03065] left=2,2,0,4,2,4,3 status=TIMEOUT layouts=0/1 complete=False time=00:00:20
[RETURN id=09630 rank=03070] left=2,2,1,1,3,3,5 status=TIMEOUT layouts=0/1 complete=False time=00:00:20
[RETURN id=09632 rank=03071] left=2,2,1,1,3,5,3 status=TIMEOUT layouts=0/1 complete=False time=00:00:20
[RETURN id=09672 rank=03075] left=2,2,1,3,3,1,5 status=TIMEOUT layouts=0/1 complete=False time=00:00:20
[RETURN id=09746 rank=03082] left=2,2,2,0,3,4,4 status=QUOTA_REACHED layouts=1/1 complete=True time=00:00:16
[RETURN id=09676 rank=03076] left=2,2,1,3,3,5,1 status=TIMEOUT layouts=0/1 complete=False time=00:00:20
[RETURN id=09684 rank=03077] left=2,2,1,3,5,1,3 status=TIMEOUT layouts=0/1 complete=False time=00:00:20
[GLOBAL] [#---------------------------] done=201/3505 (5.73%) covered=201 layouts=201 running=14/14 remaining=3304 elapsed=00:37:00 rate=5.43 sig/min ETA=10:08:12
[COVERAGE] selected_mass(global)=47.579% covered_mass(global contribution)=5.636%
[LONGEST] id=9686 rank=3078 left=2,2,1,3,5,3,1 elapsed=00:00:19
[RETURN id=09686 rank=03078] left=2,2,1,3,5,3,1 status=TIMEOUT layouts=0/1 complete=False time=00:00:20
[RETURN id=09750 rank=03084] left=2,2,2,0,4,4,3 status=TIMEOUT layouts=0/1 complete=False time=00:00:20
[RETURN id=09804 rank=03085] left=2,2,2,3,0,4,4 status=TIMEOUT layouts=0/1 complete=False time=00:00:20
[RETURN id=09832 rank=03089] left=2,2,2,4,0,4,3 status=TIMEOUT layouts=0/1 complete=False time=00:00:20
[RETURN id=09916 rank=03100] left=2,2,3,1,3,5,1 status=QUOTA_REACHED layouts=1/1 complete=True time=00:00:18
[RETURN id=09850 rank=03092] left=2,2,2,4,4,0,3 status=TIMEOUT layouts=0/1 complete=False time=00:00:20
[RETURN id=09912 rank=03099] left=2,2,3,1,3,1,5 status=TIMEOUT layouts=0/1 complete=False time=00:00:20
[RETURN id=09886 rank=03094] left=2,2,3,0,2,4,4 status=TIMEOUT layouts=0/1 complete=False time=00:00:20
[RETURN id=09924 rank=03101] left=2,2,3,1,5,1,3 status=TIMEOUT layouts=0/1 complete=False time=00:00:20
[RETURN id=09926 rank=03102] left=2,2,3,1,5,3,1 status=TIMEOUT layouts=0/1 complete=False time=00:00:20
[RETURN id=09946 rank=03104] left=2,2,3,2,4,0,4 status=TIMEOUT layouts=0/1 complete=False time=00:00:20
[RETURN id=09950 rank=03105] left=2,2,3,2,4,4,0 status=TIMEOUT layouts=0/1 complete=False time=00:00:20
[RETURN id=09980 rank=03108] left=2,2,3,3,5,1,1 status=TIMEOUT layouts=0/1 complete=False time=00:00:20
[RETURN id=10002 rank=03113] left=2,2,3,4,4,0,2 status=TIMEOUT layouts=0/1 complete=False time=00:00:20
[RETURN id=10004 rank=03114] left=2,2,3,4,4,2,0 status=TIMEOUT layouts=0/1 complete=False time=00:00:20
[RETURN id=10016 rank=03116] left=2,2,3,5,1,3,1 status=QUOTA_REACHED layouts=1/1 complete=True time=00:00:16
[RETURN id=10038 rank=03120] left=2,2,4,0,3,2,4 status=QUOTA_REACHED layouts=1/1 complete=True time=00:00:14
[RETURN id=10014 rank=03115] left=2,2,3,5,1,1,3 status=TIMEOUT layouts=0/1 complete=False time=00:00:20
[RETURN id=10082 rank=03125] left=2,2,4,2,0,4,3 status=QUOTA_REACHED layouts=1/1 complete=True time=00:00:16
[GLOBAL] [#---------------------------] done=205/3505 (5.85%) covered=205 layouts=205 running=14/14 remaining=3300 elapsed=00:37:30 rate=5.47 sig/min ETA=10:03:40
[COVERAGE] selected_mass(global)=47.579% covered_mass(global contribution)=5.658%
[LONGEST] id=10034 rank=3118 left=2,2,4,0,2,3,4 elapsed=00:00:20
[RETURN id=10034 rank=03118] left=2,2,4,0,2,3,4 status=TIMEOUT layouts=0/1 complete=False time=00:00:20
[RETURN id=10110 rank=03131] left=2,2,4,3,0,4,2 status=QUOTA_REACHED layouts=1/1 complete=True time=00:00:14
[RETURN id=10040 rank=03121] left=2,2,4,0,3,4,2 status=TIMEOUT layouts=0/1 complete=False time=00:00:20
[RETURN id=10044 rank=03122] left=2,2,4,0,4,2,3 status=TIMEOUT layouts=0/1 complete=False time=00:00:20
[RETURN id=10256 rank=03146] left=2,2,5,3,1,3,1 status=QUOTA_REACHED layouts=1/1 complete=True time=00:00:09
[RETURN id=10100 rank=03128] left=2,2,4,2,4,0,3 status=TIMEOUT layouts=0/1 complete=False time=00:00:20
[RETURN id=10108 rank=03130] left=2,2,4,3,0,2,4 status=TIMEOUT layouts=0/1 complete=False time=00:00:20
[RETURN id=10118 rank=03132] left=2,2,4,3,2,0,4 status=TIMEOUT layouts=0/1 complete=False time=00:00:20
[RETURN id=10122 rank=03133] left=2,2,4,3,2,4,0 status=TIMEOUT layouts=0/1 complete=False time=00:00:20
[RETURN id=10134 rank=03136] left=2,2,4,4,0,2,3 status=TIMEOUT layouts=0/1 complete=False time=00:00:20
[RETURN id=10146 rank=03139] left=2,2,4,4,2,3,0 status=TIMEOUT layouts=0/1 complete=False time=00:00:20
[RETURN id=10254 rank=03145] left=2,2,5,3,1,1,3 status=TIMEOUT layouts=0/1 complete=False time=00:00:20
[RETURN id=10456 rank=03160] left=2,3,1,2,1,3,5 status=QUOTA_REACHED layouts=1/1 complete=True time=00:00:09
[RETURN id=10322 rank=03148] left=2,3,0,2,2,4,4 status=TIMEOUT layouts=0/1 complete=False time=00:00:20
[RETURN id=10372 rank=03151] left=2,3,0,4,2,2,4 status=TIMEOUT layouts=0/1 complete=False time=00:00:20
[RETURN id=10384 rank=03153] left=2,3,0,4,4,2,2 status=TIMEOUT layouts=0/1 complete=False time=00:00:20
[RETURN id=10374 rank=03152] left=2,3,0,4,2,4,2 status=TIMEOUT layouts=0/1 complete=False time=00:00:20
[RETURN id=10438 rank=03155] left=2,3,1,1,2,5,3 status=TIMEOUT layouts=0/1 complete=False time=00:00:20
[RETURN id=10436 rank=03154] left=2,3,1,1,2,3,5 status=TIMEOUT layouts=0/1 complete=False time=00:00:20
[RETURN id=10442 rank=03157] left=2,3,1,1,3,5,2 status=TIMEOUT layouts=0/1 complete=False time=00:00:20
[RETURN id=10450 rank=03158] left=2,3,1,1,5,2,3 status=TIMEOUT layouts=0/1 complete=False time=00:00:20
[GLOBAL] [#---------------------------] done=208/3505 (5.93%) covered=208 layouts=208 running=14/14 remaining=3297 elapsed=00:38:00 rate=5.47 sig/min ETA=10:02:20
[COVERAGE] selected_mass(global)=47.579% covered_mass(global contribution)=5.675%
[LONGEST] id=10458 rank=3161 left=2,3,1,2,1,5,3 elapsed=00:00:19
[RETURN id=10458 rank=03161] left=2,3,1,2,1,5,3 status=TIMEOUT layouts=0/1 complete=False time=00:00:20
[RETURN id=10482 rank=03166] left=2,3,1,3,1,2,5 status=TIMEOUT layouts=0/1 complete=False time=00:00:20
[RETURN id=10486 rank=03168] left=2,3,1,3,2,1,5 status=TIMEOUT layouts=0/1 complete=False time=00:00:20
[RETURN id=10490 rank=03169] left=2,3,1,3,2,5,1 status=TIMEOUT layouts=0/1 complete=False time=00:00:20
[RETURN id=10504 rank=03171] left=2,3,1,3,5,2,1 status=TIMEOUT layouts=0/1 complete=False time=00:00:20
[RETURN id=10540 rank=03172] left=2,3,1,5,1,2,3 status=TIMEOUT layouts=0/1 complete=False time=00:00:20
[RETURN id=10550 rank=03176] left=2,3,1,5,3,1,2 status=TIMEOUT layouts=0/1 complete=False time=00:00:20
[RETURN id=10562 rank=03178] left=2,3,2,0,2,4,4 status=TIMEOUT layouts=0/1 complete=False time=00:00:20
[RETURN id=10588 rank=03183] left=2,3,2,1,3,1,5 status=TIMEOUT layouts=0/1 complete=False time=00:00:20
[RETURN id=10592 rank=03184] left=2,3,2,1,3,5,1 status=TIMEOUT layouts=0/1 complete=False time=00:00:20
[RETURN id=10600 rank=03185] left=2,3,2,1,5,1,3 status=TIMEOUT layouts=0/1 complete=False time=00:00:20
[RETURN id=10602 rank=03186] left=2,3,2,1,5,3,1 status=TIMEOUT layouts=0/1 complete=False time=00:00:20
[RETURN id=10622 rank=03188] left=2,3,2,2,4,0,4 status=TIMEOUT layouts=0/1 complete=False time=00:00:20
[RETURN id=10626 rank=03189] left=2,3,2,2,4,4,0 status=TIMEOUT layouts=0/1 complete=False time=00:00:20
[RETURN id=10656 rank=03192] left=2,3,2,3,5,1,1 status=TIMEOUT layouts=0/1 complete=False time=00:00:20
[RETURN id=10678 rank=03197] left=2,3,2,4,4,0,2 status=TIMEOUT layouts=0/1 complete=False time=00:00:20
[RETURN id=10680 rank=03198] left=2,3,2,4,4,2,0 status=TIMEOUT layouts=0/1 complete=False time=00:00:20
[RETURN id=10690 rank=03199] left=2,3,2,5,1,1,3 status=TIMEOUT layouts=0/1 complete=False time=00:00:20
[RETURN id=10692 rank=03200] left=2,3,2,5,1,3,1 status=TIMEOUT layouts=0/1 complete=False time=00:00:20
[RETURN id=10732 rank=03202] left=2,3,3,1,1,2,5 status=TIMEOUT layouts=0/1 complete=False time=00:00:20
[GLOBAL] [#---------------------------] done=208/3505 (5.93%) covered=208 layouts=208 running=14/14 remaining=3297 elapsed=00:38:30 rate=5.40 sig/min ETA=10:10:16
[COVERAGE] selected_mass(global)=47.579% covered_mass(global contribution)=5.675%
[LONGEST] id=10736 rank=3204 left=2,3,3,1,2,1,5 elapsed=00:00:21
[RETURN id=10736 rank=03204] left=2,3,3,1,2,1,5 status=TIMEOUT layouts=0/1 complete=False time=00:00:20
[RETURN id=10836 rank=03212] left=2,3,3,5,1,2,1 status=QUOTA_REACHED layouts=1/1 complete=True time=00:00:16
[RETURN id=10740 rank=03205] left=2,3,3,1,2,5,1 status=TIMEOUT layouts=0/1 complete=False time=00:00:20
[RETURN id=10754 rank=03207] left=2,3,3,1,5,2,1 status=TIMEOUT layouts=0/1 complete=False time=00:00:20
[RETURN id=10764 rank=03209] left=2,3,3,2,1,5,1 status=TIMEOUT layouts=0/1 complete=False time=00:00:20
[RETURN id=10760 rank=03208] left=2,3,3,2,1,1,5 status=TIMEOUT layouts=0/1 complete=False time=00:00:20
[RETURN id=10854 rank=03215] left=2,3,4,0,2,4,2 status=TIMEOUT layouts=0/1 complete=False time=00:00:20
[RETURN id=10852 rank=03214] left=2,3,4,0,2,2,4 status=TIMEOUT layouts=0/1 complete=False time=00:00:20
[RETURN id=11028 rank=03232] left=2,3,5,2,1,1,3 status=QUOTA_REACHED layouts=1/1 complete=True time=00:00:07
[RETURN id=11030 rank=03233] left=2,3,5,2,1,3,1 status=QUOTA_REACHED layouts=1/1 complete=True time=00:00:07
[RETURN id=10918 rank=03221] left=2,3,4,2,4,0,2 status=TIMEOUT layouts=0/1 complete=False time=00:00:20
[RETURN id=10864 rank=03216] left=2,3,4,0,4,2,2 status=TIMEOUT layouts=0/1 complete=False time=00:00:20
[RETURN id=10920 rank=03222] left=2,3,4,2,4,2,0 status=TIMEOUT layouts=0/1 complete=False time=00:00:20
[RETURN id=11126 rank=03243] left=2,4,0,2,4,3,2 status=QUOTA_REACHED layouts=1/1 complete=True time=00:00:06
[RETURN id=10946 rank=03223] left=2,3,4,4,0,2,2 status=TIMEOUT layouts=0/1 complete=False time=00:00:20
[RETURN id=11004 rank=03227] left=2,3,5,1,1,3,2 status=TIMEOUT layouts=0/1 complete=False time=00:00:20
[RETURN id=11008 rank=03228] left=2,3,5,1,2,1,3 status=TIMEOUT layouts=0/1 complete=False time=00:00:20
[RETURN id=11014 rank=03231] left=2,3,5,1,3,2,1 status=QUOTA_REACHED layouts=1/1 complete=True time=00:00:18
[RETURN id=11010 rank=03229] left=2,3,5,1,2,3,1 status=TIMEOUT layouts=0/1 complete=False time=00:00:20
[RETURN id=11048 rank=03235] left=2,3,5,3,1,1,2 status=TIMEOUT layouts=0/1 complete=False time=00:00:20
[RETURN id=11052 rank=03237] left=2,3,5,3,2,1,1 status=TIMEOUT layouts=0/1 complete=False time=00:00:20
[RETURN id=11172 rank=03247] left=2,4,0,4,2,2,3 status=QUOTA_REACHED layouts=1/1 complete=True time=00:00:14
[RETURN id=11116 rank=03239] left=2,4,0,2,2,4,3 status=TIMEOUT layouts=0/1 complete=False time=00:00:20
[GLOBAL] [#---------------------------] done=214/3505 (6.11%) covered=214 layouts=214 running=14/14 remaining=3291 elapsed=00:39:00 rate=5.49 sig/min ETA=09:59:46
[COVERAGE] selected_mass(global)=47.579% covered_mass(global contribution)=5.708%
[LONGEST] id=11142 rank=3244 left=2,4,0,3,2,2,4 elapsed=00:00:20
[RETURN id=11142 rank=03244] left=2,4,0,3,2,2,4 status=TIMEOUT layouts=0/1 complete=False time=00:00:20
[RETURN id=11144 rank=03245] left=2,4,0,3,2,4,2 status=TIMEOUT layouts=0/1 complete=False time=00:00:20
[RETURN id=11154 rank=03246] left=2,4,0,3,4,2,2 status=TIMEOUT layouts=0/1 complete=False time=00:00:20
[RETURN id=11178 rank=03249] left=2,4,0,4,3,2,2 status=TIMEOUT layouts=0/1 complete=False time=00:00:20
[RETURN id=11366 rank=03251] left=2,4,2,0,2,4,3 status=TIMEOUT layouts=0/1 complete=False time=00:00:20
[RETURN id=11376 rank=03255] left=2,4,2,0,4,3,2 status=TIMEOUT layouts=0/1 complete=False time=00:00:20
[RETURN id=11412 rank=03256] left=2,4,2,2,0,3,4 status=TIMEOUT layouts=0/1 complete=False time=00:00:20
[RETURN id=11426 rank=03258] left=2,4,2,2,3,0,4 status=TIMEOUT layouts=0/1 complete=False time=00:00:20
[RETURN id=11430 rank=03259] left=2,4,2,2,3,4,0 status=TIMEOUT layouts=0/1 complete=False time=00:00:20
[RETURN id=11434 rank=03261] left=2,4,2,2,4,3,0 status=TIMEOUT layouts=0/1 complete=False time=00:00:20
[RETURN id=11458 rank=03266] left=2,4,2,3,4,0,2 status=TIMEOUT layouts=0/1 complete=False time=00:00:20
[RETURN id=11460 rank=03267] left=2,4,2,3,4,2,0 status=TIMEOUT layouts=0/1 complete=False time=00:00:20
[RETURN id=11466 rank=03269] left=2,4,2,4,0,3,2 status=TIMEOUT layouts=0/1 complete=False time=00:00:20
[RETURN id=11474 rank=03270] left=2,4,2,4,2,0,3 status=TIMEOUT layouts=0/1 complete=False time=00:00:20
[RETURN id=11478 rank=03272] left=2,4,2,4,3,0,2 status=TIMEOUT layouts=0/1 complete=False time=00:00:20
[RETURN id=11480 rank=03273] left=2,4,2,4,3,2,0 status=TIMEOUT layouts=0/1 complete=False time=00:00:20
[RETURN id=11554 rank=03277] left=2,4,3,2,0,2,4 status=TIMEOUT layouts=0/1 complete=False time=00:00:20
[RETURN id=11556 rank=03278] left=2,4,3,2,0,4,2 status=TIMEOUT layouts=0/1 complete=False time=00:00:20
[RETURN id=11564 rank=03279] left=2,4,3,2,2,0,4 status=TIMEOUT layouts=0/1 complete=False time=00:00:20
[RETURN id=11610 rank=03285] left=2,4,3,4,2,2,0 status=QUOTA_REACHED layouts=1/1 complete=True time=00:00:17
[RETURN id=11568 rank=03280] left=2,4,3,2,2,4,0 status=TIMEOUT layouts=0/1 complete=False time=00:00:20
[GLOBAL] [#---------------------------] done=215/3505 (6.13%) covered=215 layouts=215 running=14/14 remaining=3290 elapsed=00:39:30 rate=5.44 sig/min ETA=10:04:27
[COVERAGE] selected_mass(global)=47.579% covered_mass(global contribution)=5.713%
[LONGEST] id=11608 rank=3284 left=2,4,3,4,2,0,2 elapsed=00:00:21
[RETURN id=11608 rank=03284] left=2,4,3,4,2,0,2 status=TIMEOUT layouts=0/1 complete=False time=00:00:20
[RETURN id=12022 rank=03302] left=2,5,1,2,3,1,3 status=QUOTA_REACHED layouts=1/1 complete=True time=00:00:07
[RETURN id=11636 rank=03287] left=2,4,4,0,2,3,2 status=TIMEOUT layouts=0/1 complete=False time=00:00:20
[RETURN id=11678 rank=03289] left=2,4,4,2,0,2,3 status=TIMEOUT layouts=0/1 complete=False time=00:00:20
[RETURN id=11690 rank=03292] left=2,4,4,2,2,3,0 status=TIMEOUT layouts=0/1 complete=False time=00:00:20
[RETURN id=11706 rank=03296] left=2,4,4,3,2,0,2 status=TIMEOUT layouts=0/1 complete=False time=00:00:20
[RETURN id=11708 rank=03297] left=2,4,4,3,2,2,0 status=TIMEOUT layouts=0/1 complete=False time=00:00:20
[RETURN id=11988 rank=03298] left=2,5,1,1,2,3,3 status=TIMEOUT layouts=0/1 complete=False time=00:00:20
[RETURN id=11994 rank=03300] left=2,5,1,1,3,3,2 status=QUOTA_REACHED layouts=1/1 complete=True time=00:00:19
[RETURN id=12012 rank=03301] left=2,5,1,2,1,3,3 status=TIMEOUT layouts=0/1 complete=False time=00:00:20
[RETURN id=12024 rank=03303] left=2,5,1,2,3,3,1 status=TIMEOUT layouts=0/1 complete=False time=00:00:20
[RETURN id=12040 rank=03304] left=2,5,1,3,1,2,3 status=TIMEOUT layouts=0/1 complete=False time=00:00:20
[RETURN id=12050 rank=03308] left=2,5,1,3,3,1,2 status=TIMEOUT layouts=0/1 complete=False time=00:00:20
[RETURN id=12180 rank=03313] left=2,5,2,3,1,1,3 status=TIMEOUT layouts=0/1 complete=False time=00:00:20
[RETURN id=12182 rank=03314] left=2,5,2,3,1,3,1 status=TIMEOUT layouts=0/1 complete=False time=00:00:20
[RETURN id=12254 rank=03317] left=2,5,3,1,1,3,2 status=TIMEOUT layouts=0/1 complete=False time=00:00:20
[RETURN id=12258 rank=03318] left=2,5,3,1,2,1,3 status=TIMEOUT layouts=0/1 complete=False time=00:00:20
[RETURN id=12260 rank=03319] left=2,5,3,1,2,3,1 status=TIMEOUT layouts=0/1 complete=False time=00:00:20
[RETURN id=12672 rank=03332] left=3,0,2,2,2,4,4 status=QUOTA_REACHED layouts=1/1 complete=True time=00:00:06
[RETURN id=12264 rank=03321] left=2,5,3,1,3,2,1 status=TIMEOUT layouts=0/1 complete=False time=00:00:20
[RETURN id=12578 rank=03329] left=3,0,1,3,3,4,3 status=QUOTA_REACHED layouts=1/1 complete=True time=00:00:12
[RETURN id=12278 rank=03322] left=2,5,3,2,1,1,3 status=TIMEOUT layouts=0/1 complete=False time=00:00:20
[GLOBAL] [#---------------------------] done=219/3505 (6.25%) covered=219 layouts=219 running=14/14 remaining=3286 elapsed=00:40:00 rate=5.47 sig/min ETA=10:00:11
[COVERAGE] selected_mass(global)=47.579% covered_mass(global contribution)=5.735%
[LONGEST] id=12280 rank=3323 left=2,5,3,2,1,3,1 elapsed=00:00:20
[RETURN id=12280 rank=03323] left=2,5,3,2,1,3,1 status=TIMEOUT layouts=0/1 complete=False time=00:00:20
[RETURN id=12298 rank=03325] left=2,5,3,3,1,1,2 status=TIMEOUT layouts=0/1 complete=False time=00:00:20
[RETURN id=12302 rank=03327] left=2,5,3,3,2,1,1 status=TIMEOUT layouts=0/1 complete=False time=00:00:20
[RETURN id=12582 rank=03330] left=3,0,1,3,4,3,3 status=TIMEOUT layouts=0/1 complete=False time=00:00:20
[RETURN id=12872 rank=03348] left=3,0,3,4,3,1,3 status=QUOTA_REACHED layouts=1/1 complete=True time=00:00:06
[RETURN id=12602 rank=03331] left=3,0,1,4,3,3,3 status=TIMEOUT layouts=0/1 complete=False time=00:00:20
[RETURN id=12940 rank=03350] left=3,0,4,1,3,3,3 status=QUOTA_REACHED layouts=1/1 complete=True time=00:00:07
[RETURN id=12722 rank=03335] left=3,0,2,4,2,2,4 status=TIMEOUT layouts=0/1 complete=False time=00:00:20
[RETURN id=12724 rank=03336] left=3,0,2,4,2,4,2 status=TIMEOUT layouts=0/1 complete=False time=00:00:20
[RETURN id=12734 rank=03337] left=3,0,2,4,4,2,2 status=TIMEOUT layouts=0/1 complete=False time=00:00:20
[RETURN id=12790 rank=03338] left=3,0,3,1,3,3,4 status=TIMEOUT layouts=0/1 complete=False time=00:00:20
[RETURN id=12842 rank=03343] left=3,0,3,3,3,1,4 status=TIMEOUT layouts=0/1 complete=False time=00:00:20
[RETURN id=12834 rank=03342] left=3,0,3,3,1,4,3 status=TIMEOUT layouts=0/1 complete=False time=00:00:20
[RETURN id=13332 rank=03365] left=3,1,1,2,3,5,2 status=QUOTA_REACHED layouts=1/1 complete=True time=00:00:03
[RETURN id=12874 rank=03349] left=3,0,3,4,3,3,1 status=QUOTA_REACHED layouts=1/1 complete=True time=00:00:16
[RETURN id=12848 rank=03345] left=3,0,3,3,4,1,3 status=TIMEOUT layouts=0/1 complete=False time=00:00:20
[RETURN id=12850 rank=03346] left=3,0,3,3,4,3,1 status=TIMEOUT layouts=0/1 complete=False time=00:00:20
[RETURN id=12862 rank=03347] left=3,0,3,4,1,3,3 status=TIMEOUT layouts=0/1 complete=False time=00:00:20
[RETURN id=12974 rank=03353] left=3,0,4,2,4,2,2 status=QUOTA_REACHED layouts=1/1 complete=True time=00:00:12
[RETURN id=13472 rank=03383] left=3,1,2,2,3,5,1 status=QUOTA_REACHED layouts=1/1 complete=True time=00:00:06
[RETURN id=12962 rank=03351] left=3,0,4,2,2,2,4 status=TIMEOUT layouts=0/1 complete=False time=00:00:20
[RETURN id=12964 rank=03352] left=3,0,4,2,2,4,2 status=TIMEOUT layouts=0/1 complete=False time=00:00:20
[GLOBAL] [#---------------------------] done=225/3505 (6.42%) covered=225 layouts=225 running=14/14 remaining=3280 elapsed=00:40:30 rate=5.56 sig/min ETA=09:50:24
[COVERAGE] selected_mass(global)=47.579% covered_mass(global contribution)=5.769%
[LONGEST] id=13232 rank=3358 left=3,1,0,3,3,3,4 elapsed=00:00:20
[RETURN id=13232 rank=03358] left=3,1,0,3,3,3,4 status=TIMEOUT layouts=0/1 complete=False time=00:00:20
[RETURN id=13326 rank=03362] left=3,1,1,2,2,3,5 status=TIMEOUT layouts=0/1 complete=False time=00:00:20
[RETURN id=13328 rank=03363] left=3,1,1,2,2,5,3 status=TIMEOUT layouts=0/1 complete=False time=00:00:20
[RETURN id=13444 rank=03376] left=3,1,2,1,3,2,5 status=QUOTA_REACHED layouts=1/1 complete=True time=00:00:15
[RETURN id=13352 rank=03369] left=3,1,1,3,2,5,2 status=TIMEOUT layouts=0/1 complete=False time=00:00:20
[RETURN id=13340 rank=03366] left=3,1,1,2,5,2,3 status=TIMEOUT layouts=0/1 complete=False time=00:00:20
[RETURN id=13366 rank=03370] left=3,1,1,3,5,2,2 status=TIMEOUT layouts=0/1 complete=False time=00:00:20
[RETURN id=13408 rank=03372] left=3,1,1,5,2,3,2 status=TIMEOUT layouts=0/1 complete=False time=00:00:20
[RETURN id=13456 rank=03379] left=3,1,2,1,5,3,2 status=TIMEOUT layouts=0/1 complete=False time=00:00:20
[RETURN id=13468 rank=03382] left=3,1,2,2,3,1,5 status=TIMEOUT layouts=0/1 complete=False time=00:00:20
[RETURN id=13480 rank=03384] left=3,1,2,2,5,1,3 status=TIMEOUT layouts=0/1 complete=False time=00:00:20
[RETURN id=13482 rank=03385] left=3,1,2,2,5,3,1 status=TIMEOUT layouts=0/1 complete=False time=00:00:20
[RETURN id=13490 rank=03387] left=3,1,2,3,1,5,2 status=TIMEOUT layouts=0/1 complete=False time=00:00:20
[RETURN id=13508 rank=03390] left=3,1,2,3,5,1,2 status=TIMEOUT layouts=0/1 complete=False time=00:00:20
[RETURN id=13546 rank=03393] left=3,1,2,5,1,3,2 status=TIMEOUT layouts=0/1 complete=False time=00:00:20
[RETURN id=13550 rank=03394] left=3,1,2,5,2,1,3 status=TIMEOUT layouts=0/1 complete=False time=00:00:20
[RETURN id=13552 rank=03395] left=3,1,2,5,2,3,1 status=TIMEOUT layouts=0/1 complete=False time=00:00:20
[RETURN id=13556 rank=03397] left=3,1,2,5,3,2,1 status=TIMEOUT layouts=0/1 complete=False time=00:00:20
[RETURN id=13570 rank=03398] left=3,1,3,0,3,3,4 status=TIMEOUT layouts=0/1 complete=False time=00:00:20
[RETURN id=13592 rank=03402] left=3,1,3,1,2,5,2 status=TIMEOUT layouts=0/1 complete=False time=00:00:20
[RETURN id=13606 rank=03403] left=3,1,3,1,5,2,2 status=TIMEOUT layouts=0/1 complete=False time=00:00:20
[RETURN id=13612 rank=03404] left=3,1,3,2,1,2,5 status=TIMEOUT layouts=0/1 complete=False time=00:00:20
[GLOBAL] [#---------------------------] done=226/3505 (6.45%) covered=226 layouts=226 running=14/14 remaining=3279 elapsed=00:41:00 rate=5.51 sig/min ETA=09:54:52
[COVERAGE] selected_mass(global)=47.579% covered_mass(global contribution)=5.774%
[LONGEST] id=13616 rank=3406 left=3,1,3,2,2,1,5 elapsed=00:00:20
[RETURN id=13616 rank=03406] left=3,1,3,2,2,1,5 status=TIMEOUT layouts=0/1 complete=False time=00:00:20
[RETURN id=13620 rank=03407] left=3,1,3,2,2,5,1 status=TIMEOUT layouts=0/1 complete=False time=00:00:20
[RETURN id=13634 rank=03409] left=3,1,3,2,5,2,1 status=TIMEOUT layouts=0/1 complete=False time=00:00:20
[RETURN id=13638 rank=03411] left=3,1,3,3,0,4,3 status=TIMEOUT layouts=0/1 complete=False time=00:00:20
[RETURN id=13656 rank=03414] left=3,1,3,3,4,0,3 status=TIMEOUT layouts=0/1 complete=False time=00:00:20
[RETURN id=13682 rank=03418] left=3,1,3,4,3,3,0 status=TIMEOUT layouts=0/1 complete=False time=00:00:20
[RETURN id=13696 rank=03419] left=3,1,3,5,1,2,2 status=TIMEOUT layouts=0/1 complete=False time=00:00:20
[RETURN id=13700 rank=03420] left=3,1,3,5,2,1,2 status=TIMEOUT layouts=0/1 complete=False time=00:00:20
[RETURN id=13720 rank=03422] left=3,1,4,0,3,3,3 status=TIMEOUT layouts=0/1 complete=False time=00:00:20
[RETURN id=14144 rank=03452] left=3,2,1,2,3,1,5 status=QUOTA_REACHED layouts=1/1 complete=True time=00:00:03
[RETURN id=13790 rank=03423] left=3,1,4,3,0,3,3 status=TIMEOUT layouts=0/1 complete=False time=00:00:20
[RETURN id=13804 rank=03424] left=3,1,4,3,3,0,3 status=TIMEOUT layouts=0/1 complete=False time=00:00:20
[RETURN id=13888 rank=03427] left=3,1,5,1,2,3,2 status=TIMEOUT layouts=0/1 complete=False time=00:00:20
[RETURN id=13910 rank=03429] left=3,1,5,2,1,2,3 status=TIMEOUT layouts=0/1 complete=False time=00:00:20
[RETURN id=13920 rank=03433] left=3,1,5,2,3,1,2 status=TIMEOUT layouts=0/1 complete=False time=00:00:20
[RETURN id=13936 rank=03435] left=3,1,5,3,1,2,2 status=TIMEOUT layouts=0/1 complete=False time=00:00:20
[RETURN id=13940 rank=03436] left=3,1,5,3,2,1,2 status=TIMEOUT layouts=0/1 complete=False time=00:00:20
[RETURN id=14184 rank=03460] left=3,2,1,3,5,1,2 status=QUOTA_REACHED layouts=1/1 complete=True time=00:00:07
[RETURN id=14010 rank=03439] left=3,2,0,2,4,2,4 status=TIMEOUT layouts=0/1 complete=False time=00:00:20
[RETURN id=14012 rank=03440] left=3,2,0,2,4,4,2 status=TIMEOUT layouts=0/1 complete=False time=00:00:20
[GLOBAL] [#---------------------------] done=228/3505 (6.50%) covered=228 layouts=228 running=14/14 remaining=3277 elapsed=00:41:30 rate=5.49 sig/min ETA=09:56:28
[COVERAGE] selected_mass(global)=47.579% covered_mass(global contribution)=5.785%
[LONGEST] id=14120 rank=3446 left=3,2,1,1,3,2,5 elapsed=00:00:20
[RETURN id=14120 rank=03446] left=3,2,1,1,3,2,5 status=TIMEOUT layouts=0/1 complete=False time=00:00:20
[RETURN id=14158 rank=03455] left=3,2,1,2,5,3,1 status=QUOTA_REACHED layouts=1/1 complete=True time=00:00:15
[RETURN id=14148 rank=03453] left=3,2,1,2,3,5,1 status=TIMEOUT layouts=0/1 complete=False time=00:00:20
[RETURN id=14132 rank=03449] left=3,2,1,1,5,3,2 status=TIMEOUT layouts=0/1 complete=False time=00:00:20
[RETURN id=14156 rank=03454] left=3,2,1,2,5,1,3 status=TIMEOUT layouts=0/1 complete=False time=00:00:20
[RETURN id=14166 rank=03457] left=3,2,1,3,1,5,2 status=TIMEOUT layouts=0/1 complete=False time=00:00:20
[RETURN id=14222 rank=03463] left=3,2,1,5,1,3,2 status=TIMEOUT layouts=0/1 complete=False time=00:00:20
[RETURN id=14226 rank=03464] left=3,2,1,5,2,1,3 status=TIMEOUT layouts=0/1 complete=False time=00:00:20
[RETURN id=14228 rank=03465] left=3,2,1,5,2,3,1 status=TIMEOUT layouts=0/1 complete=False time=00:00:20
[RETURN id=14232 rank=03467] left=3,2,1,5,3,2,1 status=TIMEOUT layouts=0/1 complete=False time=00:00:20
[RETURN id=14250 rank=03469] left=3,2,2,0,4,2,4 status=TIMEOUT layouts=0/1 complete=False time=00:00:20
[RETURN id=14252 rank=03470] left=3,2,2,0,4,4,2 status=TIMEOUT layouts=0/1 complete=False time=00:00:20
[RETURN id=14262 rank=03471] left=3,2,2,1,1,3,5 status=TIMEOUT layouts=0/1 complete=False time=00:00:20
[RETURN id=14264 rank=03472] left=3,2,2,1,1,5,3 status=TIMEOUT layouts=0/1 complete=False time=00:00:20
[RETURN id=14286 rank=03477] left=3,2,2,2,0,4,4 status=TIMEOUT layouts=0/1 complete=False time=00:00:20
[RETURN id=14316 rank=03480] left=3,2,2,3,1,1,5 status=TIMEOUT layouts=0/1 complete=False time=00:00:20
[RETURN id=14320 rank=03481] left=3,2,2,3,1,5,1 status=TIMEOUT layouts=0/1 complete=False time=00:00:20
[RETURN id=14340 rank=03483] left=3,2,2,4,0,2,4 status=TIMEOUT layouts=0/1 complete=False time=00:00:20
[RETURN id=14342 rank=03484] left=3,2,2,4,0,4,2 status=TIMEOUT layouts=0/1 complete=False time=00:00:20
[RETURN id=14350 rank=03485] left=3,2,2,4,2,0,4 status=TIMEOUT layouts=0/1 complete=False time=00:00:20
[GLOBAL] [#---------------------------] done=229/3505 (6.53%) covered=229 layouts=229 running=14/14 remaining=3276 elapsed=00:42:00 rate=5.45 sig/min ETA=10:00:50
[COVERAGE] selected_mass(global)=47.579% covered_mass(global contribution)=5.791%
[LONGEST] id=14354 rank=3486 left=3,2,2,4,2,4,0 elapsed=00:00:20
[RETURN id=14594 rank=03510] left=3,2,4,2,2,4,0 status=QUOTA_REACHED layouts=1/1 complete=True time=00:00:06
[RETURN id=14354 rank=03486] left=3,2,2,4,2,4,0 status=TIMEOUT layouts=0/1 complete=False time=00:00:20
[RETURN id=14380 rank=03491] left=3,2,2,5,3,1,1 status=TIMEOUT layouts=0/1 complete=False time=00:00:20
[RETURN id=14416 rank=03493] left=3,2,3,1,1,5,2 status=TIMEOUT layouts=0/1 complete=False time=00:00:20
[RETURN id=14434 rank=03496] left=3,2,3,1,5,1,2 status=TIMEOUT layouts=0/1 complete=False time=00:00:20
[RETURN id=14462 rank=03500] left=3,2,3,2,5,1,1 status=TIMEOUT layouts=0/1 complete=False time=00:00:20
[RETURN id=14516 rank=03501] left=3,2,3,5,1,1,2 status=TIMEOUT layouts=0/1 complete=False time=00:00:20
[RETURN id=14520 rank=03503] left=3,2,3,5,2,1,1 status=TIMEOUT layouts=0/1 complete=False time=00:00:20
[RETURN id=14684 rank=03516] left=3,2,5,1,1,2,3 status=QUOTA_REACHED layouts=1/1 complete=True time=00:00:07
[RETURN id=14582 rank=03508] left=3,2,4,2,0,4,2 status=TIMEOUT layouts=0/1 complete=False time=00:00:20
[RETURN id=14580 rank=03507] left=3,2,4,2,0,2,4 status=TIMEOUT layouts=0/1 complete=False time=00:00:20
[RETURN id=14590 rank=03509] left=3,2,4,2,2,0,4 status=TIMEOUT layouts=0/1 complete=False time=00:00:20
[RETURN id=14634 rank=03514] left=3,2,4,4,2,0,2 status=TIMEOUT layouts=0/1 complete=False time=00:00:20
[RETURN id=14636 rank=03515] left=3,2,4,4,2,2,0 status=TIMEOUT layouts=0/1 complete=False time=00:00:20
[RETURN id=14718 rank=03524] left=3,2,5,2,3,1,1 status=QUOTA_REACHED layouts=1/1 complete=True time=00:00:16
[RETURN id=14694 rank=03520] left=3,2,5,1,3,1,2 status=TIMEOUT layouts=0/1 complete=False time=00:00:20
[RETURN id=14776 rank=03528] left=3,3,0,1,3,3,4 status=TIMEOUT layouts=0/1 complete=False time=00:00:20
[RETURN id=14730 rank=03526] left=3,2,5,3,1,2,1 status=TIMEOUT layouts=0/1 complete=False time=00:00:20
[RETURN id=14820 rank=03532] left=3,3,0,3,1,4,3 status=TIMEOUT layouts=0/1 complete=False time=00:00:20
[RETURN id=14828 rank=03533] left=3,3,0,3,3,1,4 status=TIMEOUT layouts=0/1 complete=False time=00:00:20
[RETURN id=14834 rank=03535] left=3,3,0,3,4,1,3 status=TIMEOUT layouts=0/1 complete=False time=00:00:20
[RETURN id=14836 rank=03536] left=3,3,0,3,4,3,1 status=TIMEOUT layouts=0/1 complete=False time=00:00:20
[RETURN id=14848 rank=03537] left=3,3,0,4,1,3,3 status=TIMEOUT layouts=0/1 complete=False time=00:00:20
[GLOBAL] [#---------------------------] done=232/3505 (6.62%) covered=232 layouts=232 running=14/14 remaining=3273 elapsed=00:42:30 rate=5.46 sig/min ETA=09:59:35
[COVERAGE] selected_mass(global)=47.579% covered_mass(global contribution)=5.807%
[LONGEST] id=14858 rank=3538 left=3,3,0,4,3,1,3 elapsed=00:00:18
[RETURN id=14858 rank=03538] left=3,3,0,4,3,1,3 status=TIMEOUT layouts=0/1 complete=False time=00:00:20
[RETURN id=14860 rank=03539] left=3,3,0,4,3,3,1 status=TIMEOUT layouts=0/1 complete=False time=00:00:20
[RETURN id=14902 rank=03541] left=3,3,1,0,3,4,3 status=TIMEOUT layouts=0/1 complete=False time=00:00:20
[RETURN id=14920 rank=03543] left=3,3,1,1,2,2,5 status=QUOTA_REACHED layouts=1/1 complete=True time=00:00:16
[RETURN id=14906 rank=03542] left=3,3,1,0,4,3,3 status=TIMEOUT layouts=0/1 complete=False time=00:00:20
[RETURN id=14946 rank=03547] left=3,3,1,2,1,5,2 status=TIMEOUT layouts=0/1 complete=False time=00:00:20
[RETURN id=14964 rank=03550] left=3,3,1,2,5,1,2 status=TIMEOUT layouts=0/1 complete=False time=00:00:20
[RETURN id=14968 rank=03552] left=3,3,1,3,0,3,4 status=TIMEOUT layouts=0/1 complete=False time=00:00:20
[RETURN id=14982 rank=03554] left=3,3,1,3,3,0,4 status=TIMEOUT layouts=0/1 complete=False time=00:00:20
[RETURN id=14986 rank=03555] left=3,3,1,3,3,4,0 status=TIMEOUT layouts=0/1 complete=False time=00:00:20
[RETURN id=14990 rank=03557] left=3,3,1,3,4,3,0 status=TIMEOUT layouts=0/1 complete=False time=00:00:20
[RETURN id=14996 rank=03558] left=3,3,1,4,0,3,3 status=TIMEOUT layouts=0/1 complete=False time=00:00:20
[RETURN id=15010 rank=03559] left=3,3,1,4,3,0,3 status=TIMEOUT layouts=0/1 complete=False time=00:00:20
[RETURN id=15032 rank=03563] left=3,3,1,5,2,2,1 status=TIMEOUT layouts=0/1 complete=False time=00:00:20
[RETURN id=15068 rank=03564] left=3,3,2,1,1,2,5 status=TIMEOUT layouts=0/1 complete=False time=00:00:20
[RETURN id=15076 rank=03567] left=3,3,2,1,2,5,1 status=TIMEOUT layouts=0/1 complete=False time=00:00:20
[RETURN id=15072 rank=03566] left=3,3,2,1,2,1,5 status=TIMEOUT layouts=0/1 complete=False time=00:00:20
[RETURN id=15090 rank=03569] left=3,3,2,1,5,2,1 status=TIMEOUT layouts=0/1 complete=False time=00:00:20
[RETURN id=15096 rank=03570] left=3,3,2,2,1,1,5 status=TIMEOUT layouts=0/1 complete=False time=00:00:20
[GLOBAL] [#---------------------------] done=233/3505 (6.65%) covered=233 layouts=233 running=14/14 remaining=3272 elapsed=00:43:00 rate=5.42 sig/min ETA=10:03:51
[COVERAGE] selected_mass(global)=47.579% covered_mass(global contribution)=5.813%
[LONGEST] id=15100 rank=3571 left=3,3,2,2,1,5,1 elapsed=00:00:21
[RETURN id=15100 rank=03571] left=3,3,2,2,1,5,1 status=TIMEOUT layouts=0/1 complete=False time=00:00:20
[RETURN id=15172 rank=03574] left=3,3,2,5,1,2,1 status=TIMEOUT layouts=0/1 complete=False time=00:00:20
[RETURN id=15184 rank=03576] left=3,3,3,0,1,3,4 status=TIMEOUT layouts=0/1 complete=False time=00:00:20
[RETURN id=15196 rank=03579] left=3,3,3,0,3,4,1 status=TIMEOUT layouts=0/1 complete=False time=00:00:20
[RETURN id=15226 rank=03585] left=3,3,3,1,3,4,0 status=TIMEOUT layouts=0/1 complete=False time=00:00:20
[RETURN id=15208 rank=03582] left=3,3,3,1,0,3,4 status=TIMEOUT layouts=0/1 complete=False time=00:00:20
[RETURN id=15222 rank=03584] left=3,3,3,1,3,0,4 status=TIMEOUT layouts=0/1 complete=False time=00:00:20
[RETURN id=15230 rank=03587] left=3,3,3,1,4,3,0 status=TIMEOUT layouts=0/1 complete=False time=00:00:20
[RETURN id=15260 rank=03588] left=3,3,3,3,0,1,4 status=TIMEOUT layouts=0/1 complete=False time=00:00:20
[RETURN id=15442 rank=03612] left=3,3,5,1,1,2,2 status=QUOTA_REACHED layouts=1/1 complete=True time=00:00:09
[RETURN id=15278 rank=03593] left=3,3,3,3,4,1,0 status=TIMEOUT layouts=0/1 complete=False time=00:00:20
[RETURN id=15288 rank=03597] left=3,3,3,4,1,3,0 status=TIMEOUT layouts=0/1 complete=False time=00:00:20
[RETURN id=15292 rank=03598] left=3,3,3,4,3,0,1 status=TIMEOUT layouts=0/1 complete=False time=00:00:20
[RETURN id=15334 rank=03603] left=3,3,4,1,0,3,3 status=TIMEOUT layouts=0/1 complete=False time=00:00:20
[RETURN id=15390 rank=03610] left=3,3,4,3,3,0,1 status=QUOTA_REACHED layouts=1/1 complete=True time=00:00:12
[RETURN id=15348 rank=03604] left=3,3,4,1,3,0,3 status=TIMEOUT layouts=0/1 complete=False time=00:00:20
[RETURN id=15386 rank=03609] left=3,3,4,3,1,3,0 status=TIMEOUT layouts=0/1 complete=False time=00:00:20
[RETURN id=15446 rank=03613] left=3,3,5,1,2,1,2 status=QUOTA_REACHED layouts=1/1 complete=True time=00:00:19
[RETURN id=15462 rank=03616] left=3,3,5,2,1,2,1 status=TIMEOUT layouts=0/1 complete=False time=00:00:20
[RETURN id=15568 rank=03622] left=3,4,0,3,1,3,3 status=TIMEOUT layouts=0/1 complete=False time=00:00:20
[RETURN id=15578 rank=03623] left=3,4,0,3,3,1,3 status=TIMEOUT layouts=0/1 complete=False time=00:00:20
[RETURN id=15580 rank=03624] left=3,4,0,3,3,3,1 status=TIMEOUT layouts=0/1 complete=False time=00:00:20
[GLOBAL] [#---------------------------] done=236/3505 (6.73%) covered=236 layouts=236 running=14/14 remaining=3269 elapsed=00:43:30 rate=5.43 sig/min ETA=10:02:33
[COVERAGE] selected_mass(global)=47.579% covered_mass(global contribution)=5.829%
[LONGEST] id=15602 rank=3625 left=3,4,0,4,2,2,2 elapsed=00:00:19
[RETURN id=15840 rank=03635] left=3,4,2,2,2,0,4 status=QUOTA_REACHED layouts=1/1 complete=True time=00:00:15
[RETURN id=15602 rank=03625] left=3,4,0,4,2,2,2 status=TIMEOUT layouts=0/1 complete=False time=00:00:20
[RETURN id=15646 rank=03626] left=3,4,1,0,3,3,3 status=TIMEOUT layouts=0/1 complete=False time=00:00:20
[RETURN id=15716 rank=03627] left=3,4,1,3,0,3,3 status=TIMEOUT layouts=0/1 complete=False time=00:00:20
[RETURN id=15730 rank=03628] left=3,4,1,3,3,0,3 status=TIMEOUT layouts=0/1 complete=False time=00:00:20
[RETURN id=15830 rank=03633] left=3,4,2,2,0,2,4 status=TIMEOUT layouts=0/1 complete=False time=00:00:20
[RETURN id=15832 rank=03634] left=3,4,2,2,0,4,2 status=TIMEOUT layouts=0/1 complete=False time=00:00:20
[RETURN id=15844 rank=03636] left=3,4,2,2,2,4,0 status=TIMEOUT layouts=0/1 complete=False time=00:00:20
[RETURN id=15884 rank=03640] left=3,4,2,4,2,0,2 status=TIMEOUT layouts=0/1 complete=False time=00:00:20
[RETURN id=15886 rank=03641] left=3,4,2,4,2,2,0 status=TIMEOUT layouts=0/1 complete=False time=00:00:20
[RETURN id=15906 rank=03642] left=3,4,3,0,1,3,3 status=TIMEOUT layouts=0/1 complete=False time=00:00:20
[RETURN id=15916 rank=03643] left=3,4,3,0,3,1,3 status=TIMEOUT layouts=0/1 complete=False time=00:00:20
[RETURN id=15918 rank=03644] left=3,4,3,0,3,3,1 status=TIMEOUT layouts=0/1 complete=False time=00:00:20
[RETURN id=15946 rank=03647] left=3,4,3,1,3,3,0 status=TIMEOUT layouts=0/1 complete=False time=00:00:20
[RETURN id=15974 rank=03648] left=3,4,3,3,0,1,3 status=TIMEOUT layouts=0/1 complete=False time=00:00:20
[RETURN id=15976 rank=03649] left=3,4,3,3,0,3,1 status=TIMEOUT layouts=0/1 complete=False time=00:00:20
[RETURN id=15978 rank=03650] left=3,4,3,3,1,0,3 status=TIMEOUT layouts=0/1 complete=False time=00:00:20
[RETURN id=15986 rank=03653] left=3,4,3,3,3,1,0 status=TIMEOUT layouts=0/1 complete=False time=00:00:20
[RETURN id=16052 rank=03655] left=3,4,4,2,0,2,2 status=TIMEOUT layouts=0/1 complete=False time=00:00:20
[RETURN id=16318 rank=03658] left=3,5,1,1,2,2,3 status=TIMEOUT layouts=0/1 complete=False time=00:00:20
[RETURN id=16324 rank=03660] left=3,5,1,1,3,2,2 status=TIMEOUT layouts=0/1 complete=False time=00:00:20
[RETURN id=16342 rank=03662] left=3,5,1,2,1,3,2 status=TIMEOUT layouts=0/1 complete=False time=00:00:20
[GLOBAL] [#---------------------------] done=237/3505 (6.76%) covered=237 layouts=237 running=14/14 remaining=3268 elapsed=00:44:00 rate=5.39 sig/min ETA=10:06:43
[COVERAGE] selected_mass(global)=47.579% covered_mass(global contribution)=5.835%
[LONGEST] id=16346 rank=3663 left=3,5,1,2,2,1,3 elapsed=00:00:17
[RETURN id=16450 rank=03675] left=3,5,2,1,3,2,1 status=QUOTA_REACHED layouts=1/1 complete=True time=00:00:09
[RETURN id=16346 rank=03663] left=3,5,1,2,2,1,3 status=TIMEOUT layouts=0/1 complete=False time=00:00:20
[RETURN id=16348 rank=03664] left=3,5,1,2,2,3,1 status=TIMEOUT layouts=0/1 complete=False time=00:00:20
[RETURN id=16546 rank=03683] left=3,5,3,1,2,1,2 status=QUOTA_REACHED layouts=1/1 complete=True time=00:00:10
[RETURN id=16352 rank=03666] left=3,5,1,2,3,2,1 status=TIMEOUT layouts=0/1 complete=False time=00:00:20
[RETURN id=16440 rank=03671] left=3,5,2,1,1,3,2 status=TIMEOUT layouts=0/1 complete=False time=00:00:20
[RETURN id=16372 rank=03669] left=3,5,1,3,2,2,1 status=TIMEOUT layouts=0/1 complete=False time=00:00:20
[RETURN id=16444 rank=03672] left=3,5,2,1,2,1,3 status=TIMEOUT layouts=0/1 complete=False time=00:00:20
[RETURN id=16446 rank=03673] left=3,5,2,1,2,3,1 status=TIMEOUT layouts=0/1 complete=False time=00:00:20
[RETURN id=16464 rank=03676] left=3,5,2,2,1,1,3 status=TIMEOUT layouts=0/1 complete=False time=00:00:20
[RETURN id=16466 rank=03677] left=3,5,2,2,1,3,1 status=TIMEOUT layouts=0/1 complete=False time=00:00:20
[RETURN id=16484 rank=03679] left=3,5,2,3,1,1,2 status=TIMEOUT layouts=0/1 complete=False time=00:00:20
[RETURN id=16488 rank=03681] left=3,5,2,3,2,1,1 status=TIMEOUT layouts=0/1 complete=False time=00:00:20
[RETURN id=16542 rank=03682] left=3,5,3,1,1,2,2 status=TIMEOUT layouts=0/1 complete=False time=00:00:20
[RETURN id=16562 rank=03686] left=3,5,3,2,1,2,1 status=TIMEOUT layouts=0/1 complete=False time=00:00:20
[RETURN id=16952 rank=03690] left=4,0,2,2,2,4,3 status=TIMEOUT layouts=0/1 complete=False time=00:00:20
[RETURN id=17138 rank=03706] left=4,0,3,3,3,1,3 status=QUOTA_REACHED layouts=1/1 complete=True time=00:00:11
[RETURN id=16962 rank=03694] left=4,0,2,2,4,3,2 status=TIMEOUT layouts=0/1 complete=False time=00:00:20
[RETURN id=16978 rank=03695] left=4,0,2,3,2,2,4 status=TIMEOUT layouts=0/1 complete=False time=00:00:20
[GLOBAL] [#---------------------------] done=240/3505 (6.85%) covered=240 layouts=240 running=14/14 remaining=3265 elapsed=00:44:30 rate=5.39 sig/min ETA=10:05:23
[COVERAGE] selected_mass(global)=47.579% covered_mass(global contribution)=5.851%
[LONGEST] id=16980 rank=3696 left=4,0,2,3,2,4,2 elapsed=00:00:21
[RETURN id=16980 rank=03696] left=4,0,2,3,2,4,2 status=TIMEOUT layouts=0/1 complete=False time=00:00:20
[RETURN id=16990 rank=03697] left=4,0,2,3,4,2,2 status=TIMEOUT layouts=0/1 complete=False time=00:00:20
[RETURN id=17008 rank=03698] left=4,0,2,4,2,2,3 status=TIMEOUT layouts=0/1 complete=False time=00:00:20
[RETURN id=17162 rank=03708] left=4,0,3,4,2,2,2 status=QUOTA_REACHED layouts=1/1 complete=True time=00:00:16
[RETURN id=17128 rank=03705] left=4,0,3,3,1,3,3 status=TIMEOUT layouts=0/1 complete=False time=00:00:20
[RETURN id=17014 rank=03700] left=4,0,2,4,3,2,2 status=TIMEOUT layouts=0/1 complete=False time=00:00:20
[RETURN id=18286 rank=03720] left=4,2,0,2,3,2,4 status=QUOTA_REACHED layouts=1/1 complete=True time=00:00:06
[RETURN id=17140 rank=03707] left=4,0,3,3,3,3,1 status=TIMEOUT layouts=0/1 complete=False time=00:00:20
[RETURN id=17258 rank=03709] left=4,0,4,2,2,2,3 status=TIMEOUT layouts=0/1 complete=False time=00:00:20
[RETURN id=17264 rank=03711] left=4,0,4,2,3,2,2 status=TIMEOUT layouts=0/1 complete=False time=00:00:20
[RETURN id=17882 rank=03714] left=4,1,3,0,3,3,3 status=TIMEOUT layouts=0/1 complete=False time=00:00:20
[RETURN id=17966 rank=03716] left=4,1,3,3,3,0,3 status=TIMEOUT layouts=0/1 complete=False time=00:00:20
[RETURN id=17952 rank=03715] left=4,1,3,3,0,3,3 status=TIMEOUT layouts=0/1 complete=False time=00:00:20
[RETURN id=18282 rank=03718] left=4,2,0,2,2,3,4 status=TIMEOUT layouts=0/1 complete=False time=00:00:20
[RETURN id=18292 rank=03722] left=4,2,0,2,4,2,3 status=TIMEOUT layouts=0/1 complete=False time=00:00:20
[RETURN id=18288 rank=03721] left=4,2,0,2,3,4,2 status=TIMEOUT layouts=0/1 complete=False time=00:00:20
[RETURN id=18340 rank=03728] left=4,2,0,4,2,3,2 status=TIMEOUT layouts=0/1 complete=False time=00:00:20
[RETURN id=18532 rank=03730] left=4,2,2,0,2,3,4 status=TIMEOUT layouts=0/1 complete=False time=00:00:20
[RETURN id=18536 rank=03732] left=4,2,2,0,3,2,4 status=TIMEOUT layouts=0/1 complete=False time=00:00:20
[RETURN id=18538 rank=03733] left=4,2,2,0,3,4,2 status=TIMEOUT layouts=0/1 complete=False time=00:00:20
[RETURN id=18542 rank=03734] left=4,2,2,0,4,2,3 status=TIMEOUT layouts=0/1 complete=False time=00:00:20
[RETURN id=18580 rank=03737] left=4,2,2,2,0,4,3 status=TIMEOUT layouts=0/1 complete=False time=00:00:20
[GLOBAL] [#---------------------------] done=242/3505 (6.90%) covered=242 layouts=242 running=14/14 remaining=3263 elapsed=00:45:00 rate=5.38 sig/min ETA=10:06:45
[COVERAGE] selected_mass(global)=47.579% covered_mass(global contribution)=5.862%
[LONGEST] id=18598 rank=3740 left=4,2,2,2,4,0,3 elapsed=00:00:21
[RETURN id=18608 rank=03743] left=4,2,2,3,0,4,2 status=QUOTA_REACHED layouts=1/1 complete=True time=00:00:14
[RETURN id=18598 rank=03740] left=4,2,2,2,4,0,3 status=TIMEOUT layouts=0/1 complete=False time=00:00:20
[RETURN id=18606 rank=03742] left=4,2,2,3,0,2,4 status=TIMEOUT layouts=0/1 complete=False time=00:00:20
[RETURN id=18616 rank=03744] left=4,2,2,3,2,0,4 status=TIMEOUT layouts=0/1 complete=False time=00:00:20
[RETURN id=18620 rank=03745] left=4,2,2,3,2,4,0 status=TIMEOUT layouts=0/1 complete=False time=00:00:20
[RETURN id=18632 rank=03748] left=4,2,2,4,0,2,3 status=TIMEOUT layouts=0/1 complete=False time=00:00:20
[RETURN id=18644 rank=03751] left=4,2,2,4,2,3,0 status=TIMEOUT layouts=0/1 complete=False time=00:00:20
[RETURN id=18674 rank=03754] left=4,2,3,0,2,2,4 status=TIMEOUT layouts=0/1 complete=False time=00:00:20
[RETURN id=18686 rank=03756] left=4,2,3,0,4,2,2 status=TIMEOUT layouts=0/1 complete=False time=00:00:20
[RETURN id=18676 rank=03755] left=4,2,3,0,2,4,2 status=TIMEOUT layouts=0/1 complete=False time=00:00:20
[RETURN id=18740 rank=03761] left=4,2,3,2,4,0,2 status=TIMEOUT layouts=0/1 complete=False time=00:00:20
[RETURN id=18742 rank=03762] left=4,2,3,2,4,2,0 status=TIMEOUT layouts=0/1 complete=False time=00:00:20
[RETURN id=18768 rank=03763] left=4,2,3,4,0,2,2 status=TIMEOUT layouts=0/1 complete=False time=00:00:20
[RETURN id=18802 rank=03766] left=4,2,4,0,2,2,3 status=TIMEOUT layouts=0/1 complete=False time=00:00:20
[RETURN id=18808 rank=03768] left=4,2,4,0,3,2,2 status=TIMEOUT layouts=0/1 complete=False time=00:00:20
[RETURN id=18846 rank=03770] left=4,2,4,2,0,3,2 status=TIMEOUT layouts=0/1 complete=False time=00:00:20
[RETURN id=18854 rank=03771] left=4,2,4,2,2,0,3 status=TIMEOUT layouts=0/1 complete=False time=00:00:20
[RETURN id=18858 rank=03773] left=4,2,4,2,3,0,2 status=TIMEOUT layouts=0/1 complete=False time=00:00:20
[RETURN id=18860 rank=03774] left=4,2,4,2,3,2,0 status=TIMEOUT layouts=0/1 complete=False time=00:00:20
[GLOBAL] [#---------------------------] done=243/3505 (6.93%) covered=243 layouts=243 running=14/14 remaining=3262 elapsed=00:45:30 rate=5.34 sig/min ETA=10:10:47
[COVERAGE] selected_mass(global)=47.579% covered_mass(global contribution)=5.868%
[LONGEST] id=18866 rank=3775 left=4,2,4,3,0,2,2 elapsed=00:00:21
[RETURN id=18866 rank=03775] left=4,2,4,3,0,2,2 status=TIMEOUT layouts=0/1 complete=False time=00:00:20
[RETURN id=19054 rank=03782] left=4,3,0,3,1,3,3 status=TIMEOUT layouts=0/1 complete=False time=00:00:20
[RETURN id=19066 rank=03784] left=4,3,0,3,3,3,1 status=QUOTA_REACHED layouts=1/1 complete=True time=00:00:18
[RETURN id=19064 rank=03783] left=4,3,0,3,3,1,3 status=TIMEOUT layouts=0/1 complete=False time=00:00:20
[RETURN id=19088 rank=03785] left=4,3,0,4,2,2,2 status=TIMEOUT layouts=0/1 complete=False time=00:00:20
[RETURN id=19132 rank=03786] left=4,3,1,0,3,3,3 status=TIMEOUT layouts=0/1 complete=False time=00:00:20
[RETURN id=19202 rank=03787] left=4,3,1,3,0,3,3 status=TIMEOUT layouts=0/1 complete=False time=00:00:20
[RETURN id=19216 rank=03788] left=4,3,1,3,3,0,3 status=TIMEOUT layouts=0/1 complete=False time=00:00:20
[RETURN id=19316 rank=03793] left=4,3,2,2,0,2,4 status=TIMEOUT layouts=0/1 complete=False time=00:00:20
[RETURN id=19318 rank=03794] left=4,3,2,2,0,4,2 status=TIMEOUT layouts=0/1 complete=False time=00:00:20
[RETURN id=19326 rank=03795] left=4,3,2,2,2,0,4 status=TIMEOUT layouts=0/1 complete=False time=00:00:20
[RETURN id=19330 rank=03796] left=4,3,2,2,2,4,0 status=TIMEOUT layouts=0/1 complete=False time=00:00:20
[RETURN id=19370 rank=03800] left=4,3,2,4,2,0,2 status=TIMEOUT layouts=0/1 complete=False time=00:00:20
[RETURN id=19372 rank=03801] left=4,3,2,4,2,2,0 status=TIMEOUT layouts=0/1 complete=False time=00:00:20
[RETURN id=19392 rank=03802] left=4,3,3,0,1,3,3 status=TIMEOUT layouts=0/1 complete=False time=00:00:20
[RETURN id=19538 rank=03815] left=4,3,4,2,0,2,2 status=QUOTA_REACHED layouts=1/1 complete=True time=00:00:14
[RETURN id=19402 rank=03803] left=4,3,3,0,3,1,3 status=TIMEOUT layouts=0/1 complete=False time=00:00:20
[RETURN id=19404 rank=03804] left=4,3,3,0,3,3,1 status=TIMEOUT layouts=0/1 complete=False time=00:00:20
[RETURN id=19432 rank=03807] left=4,3,3,1,3,3,0 status=TIMEOUT layouts=0/1 complete=False time=00:00:20
[RETURN id=19462 rank=03809] left=4,3,3,3,0,3,1 status=TIMEOUT layouts=0/1 complete=False time=00:00:20
[RETURN id=19460 rank=03808] left=4,3,3,3,0,1,3 status=TIMEOUT layouts=0/1 complete=False time=00:00:20
[RETURN id=19464 rank=03810] left=4,3,3,3,1,0,3 status=TIMEOUT layouts=0/1 complete=False time=00:00:20
[RETURN id=19472 rank=03813] left=4,3,3,3,3,1,0 status=TIMEOUT layouts=0/1 complete=False time=00:00:20
[GLOBAL] [#---------------------------] done=245/3505 (6.99%) covered=245 layouts=245 running=14/14 remaining=3260 elapsed=00:46:00 rate=5.33 sig/min ETA=10:12:05
[COVERAGE] selected_mass(global)=47.579% covered_mass(global contribution)=5.879%
[LONGEST] id=19690 rank=3819 left=4,4,0,2,2,3,2 elapsed=00:00:18
[RETURN id=19902 rank=03822] left=4,4,2,0,2,2,3 status=QUOTA_REACHED layouts=1/1 complete=True time=00:00:18
[RETURN id=19690 rank=03819] left=4,4,0,2,2,3,2 status=TIMEOUT layouts=0/1 complete=False time=00:00:20
[RETURN id=19718 rank=03821] left=4,4,0,3,2,2,2 status=TIMEOUT layouts=0/1 complete=False time=00:00:20
[RETURN id=19908 rank=03824] left=4,4,2,0,3,2,2 status=TIMEOUT layouts=0/1 complete=False time=00:00:20
[RETURN id=19946 rank=03826] left=4,4,2,2,0,3,2 status=TIMEOUT layouts=0/1 complete=False time=00:00:20
[RETURN id=19954 rank=03827] left=4,4,2,2,2,0,3 status=TIMEOUT layouts=0/1 complete=False time=00:00:20
[RETURN id=19958 rank=03829] left=4,4,2,2,3,0,2 status=TIMEOUT layouts=0/1 complete=False time=00:00:20
[RETURN id=19960 rank=03830] left=4,4,2,2,3,2,0 status=TIMEOUT layouts=0/1 complete=False time=00:00:20
[RETURN id=19966 rank=03831] left=4,4,2,3,0,2,2 status=TIMEOUT layouts=0/1 complete=False time=00:00:20
[RETURN id=20008 rank=03834] left=4,4,3,0,2,2,2 status=TIMEOUT layouts=0/1 complete=False time=00:00:20
[RETURN id=20050 rank=03836] left=4,4,3,2,2,0,2 status=TIMEOUT layouts=0/1 complete=False time=00:00:20
[RETURN id=20052 rank=03837] left=4,4,3,2,2,2,0 status=TIMEOUT layouts=0/1 complete=False time=00:00:20
[RETURN id=21710 rank=03847] left=5,1,2,2,1,3,3 status=QUOTA_REACHED layouts=1/1 complete=True time=00:00:08
[RETURN id=21590 rank=03841] left=5,1,1,3,2,2,3 status=TIMEOUT layouts=0/1 complete=False time=00:00:20
[RETURN id=21566 rank=03839] left=5,1,1,2,3,2,3 status=TIMEOUT layouts=0/1 complete=False time=00:00:20
[RETURN id=21686 rank=03844] left=5,1,2,1,2,3,3 status=QUOTA_REACHED layouts=1/1 complete=True time=00:00:17
[RETURN id=21596 rank=03843] left=5,1,1,3,3,2,2 status=TIMEOUT layouts=0/1 complete=False time=00:00:20
[RETURN id=21692 rank=03846] left=5,1,2,1,3,3,2 status=TIMEOUT layouts=0/1 complete=False time=00:00:20
[GLOBAL] [#---------------------------] done=248/3505 (7.08%) covered=248 layouts=248 running=14/14 remaining=3257 elapsed=00:46:30 rate=5.33 sig/min ETA=10:10:41
[COVERAGE] selected_mass(global)=47.579% covered_mass(global contribution)=5.895%
[LONGEST] id=21720 rank=3848 left=5,1,2,2,3,1,3 elapsed=00:00:19
[RETURN id=21720 rank=03848] left=5,1,2,2,3,1,3 status=TIMEOUT layouts=0/1 complete=False time=00:00:20
[RETURN id=21722 rank=03849] left=5,1,2,2,3,3,1 status=TIMEOUT layouts=0/1 complete=False time=00:00:20
[RETURN id=21738 rank=03850] left=5,1,2,3,1,2,3 status=TIMEOUT layouts=0/1 complete=False time=00:00:20
[RETURN id=21748 rank=03854] left=5,1,2,3,3,1,2 status=TIMEOUT layouts=0/1 complete=False time=00:00:20
[RETURN id=21830 rank=03856] left=5,1,3,1,2,2,3 status=TIMEOUT layouts=0/1 complete=False time=00:00:20
[RETURN id=22286 rank=03869] left=5,2,1,1,3,2,3 status=QUOTA_REACHED layouts=1/1 complete=True time=00:00:15
[RETURN id=21836 rank=03858] left=5,1,3,1,3,2,2 status=TIMEOUT layouts=0/1 complete=False time=00:00:20
[RETURN id=21858 rank=03861] left=5,1,3,2,2,1,3 status=TIMEOUT layouts=0/1 complete=False time=00:00:20
[RETURN id=21854 rank=03860] left=5,1,3,2,1,3,2 status=TIMEOUT layouts=0/1 complete=False time=00:00:20
[RETURN id=21860 rank=03862] left=5,1,3,2,2,3,1 status=TIMEOUT layouts=0/1 complete=False time=00:00:20
[RETURN id=21864 rank=03864] left=5,1,3,2,3,2,1 status=TIMEOUT layouts=0/1 complete=False time=00:00:20
[RETURN id=21884 rank=03867] left=5,1,3,3,2,2,1 status=TIMEOUT layouts=0/1 complete=False time=00:00:20
[RETURN id=22334 rank=03875] left=5,2,1,3,1,3,2 status=TIMEOUT layouts=0/1 complete=False time=00:00:20
[RETURN id=22338 rank=03876] left=5,2,1,3,2,1,3 status=TIMEOUT layouts=0/1 complete=False time=00:00:20
[RETURN id=22340 rank=03877] left=5,2,1,3,2,3,1 status=TIMEOUT layouts=0/1 complete=False time=00:00:20
[RETURN id=22420 rank=03880] left=5,2,2,1,1,3,3 status=TIMEOUT layouts=0/1 complete=False time=00:00:20
[RETURN id=22344 rank=03879] left=5,2,1,3,3,2,1 status=TIMEOUT layouts=0/1 complete=False time=00:00:20
[RETURN id=22430 rank=03881] left=5,2,2,1,3,1,3 status=TIMEOUT layouts=0/1 complete=False time=00:00:20
[RETURN id=22432 rank=03882] left=5,2,2,1,3,3,1 status=TIMEOUT layouts=0/1 complete=False time=00:00:20
[RETURN id=22482 rank=03885] left=5,2,2,3,3,1,1 status=TIMEOUT layouts=0/1 complete=False time=00:00:20
[RETURN id=22556 rank=03890] left=5,2,3,1,3,1,2 status=TIMEOUT layouts=0/1 complete=False time=00:00:20
[RETURN id=22546 rank=03886] left=5,2,3,1,1,2,3 status=TIMEOUT layouts=0/1 complete=False time=00:00:20
[RETURN id=22580 rank=03894] left=5,2,3,2,3,1,1 status=TIMEOUT layouts=0/1 complete=False time=00:00:20
[RETURN id=22592 rank=03896] left=5,2,3,3,1,2,1 status=TIMEOUT layouts=0/1 complete=False time=00:00:20
[GLOBAL] [#---------------------------] done=249/3505 (7.10%) covered=249 layouts=249 running=14/14 remaining=3256 elapsed=00:47:00 rate=5.30 sig/min ETA=10:14:35
[COVERAGE] selected_mass(global)=47.579% covered_mass(global contribution)=5.901%
[LONGEST] id=22930 rank=3898 left=5,3,1,1,2,2,3 elapsed=00:00:20
[RETURN id=22930 rank=03898] left=5,3,1,1,2,2,3 status=TIMEOUT layouts=0/1 complete=False time=00:00:20
[RETURN id=22936 rank=03900] left=5,3,1,1,3,2,2 status=TIMEOUT layouts=0/1 complete=False time=00:00:20
[RETURN id=22954 rank=03902] left=5,3,1,2,1,3,2 status=TIMEOUT layouts=0/1 complete=False time=00:00:20
[RETURN id=22958 rank=03903] left=5,3,1,2,2,1,3 status=TIMEOUT layouts=0/1 complete=False time=00:00:20
[RETURN id=22960 rank=03904] left=5,3,1,2,2,3,1 status=TIMEOUT layouts=0/1 complete=False time=00:00:20
[RETURN id=22964 rank=03906] left=5,3,1,2,3,2,1 status=TIMEOUT layouts=0/1 complete=False time=00:00:20
[RETURN id=22984 rank=03909] left=5,3,1,3,2,2,1 status=TIMEOUT layouts=0/1 complete=False time=00:00:20
[RETURN id=23052 rank=03911] left=5,3,2,1,1,3,2 status=TIMEOUT layouts=0/1 complete=False time=00:00:20
[RETURN id=23056 rank=03912] left=5,3,2,1,2,1,3 status=TIMEOUT layouts=0/1 complete=False time=00:00:20
[RETURN id=23058 rank=03913] left=5,3,2,1,2,3,1 status=TIMEOUT layouts=0/1 complete=False time=00:00:20
[RETURN id=23062 rank=03915] left=5,3,2,1,3,2,1 status=TIMEOUT layouts=0/1 complete=False time=00:00:20
[RETURN id=23076 rank=03916] left=5,3,2,2,1,1,3 status=TIMEOUT layouts=0/1 complete=False time=00:00:20
[RETURN id=23078 rank=03917] left=5,3,2,2,1,3,1 status=TIMEOUT layouts=0/1 complete=False time=00:00:20
[RETURN id=23096 rank=03919] left=5,3,2,3,1,1,2 status=TIMEOUT layouts=0/1 complete=False time=00:00:20
[RETURN id=23100 rank=03921] left=5,3,2,3,2,1,1 status=TIMEOUT layouts=0/1 complete=False time=00:00:20
[RETURN id=23154 rank=03922] left=5,3,3,1,1,2,2 status=TIMEOUT layouts=0/1 complete=False time=00:00:20
[RETURN id=23158 rank=03923] left=5,3,3,1,2,1,2 status=TIMEOUT layouts=0/1 complete=False time=00:00:20
[RETURN id=23174 rank=03926] left=5,3,3,2,1,2,1 status=TIMEOUT layouts=0/1 complete=False time=00:00:20
[GLOBAL] [#---------------------------] done=249/3505 (7.10%) covered=249 layouts=249 running=14/14 remaining=3256 elapsed=00:47:30 rate=5.24 sig/min ETA=10:21:07
[COVERAGE] selected_mass(global)=47.579% covered_mass(global contribution)=5.901%
[LONGEST] id=4540 rank=3929 left=1,1,1,4,2,4,4 elapsed=00:00:16
[RETURN id=04912 rank=03945] left=1,1,4,4,2,4,1 status=QUOTA_REACHED layouts=1/1 complete=True time=00:00:11
[RETURN id=04540 rank=03929] left=1,1,1,4,2,4,4 status=TIMEOUT layouts=0/1 complete=False time=00:00:20
[RETURN id=04592 rank=03932] left=1,1,2,1,4,4,4 status=TIMEOUT layouts=0/1 complete=False time=00:00:20
[RETURN id=04652 rank=03935] left=1,1,2,4,4,4,1 status=TIMEOUT layouts=0/1 complete=False time=00:00:20
[RETURN id=04830 rank=03936] left=1,1,4,1,2,4,4 status=TIMEOUT layouts=0/1 complete=False time=00:00:20
[RETURN id=04850 rank=03939] left=1,1,4,2,1,4,4 status=TIMEOUT layouts=0/1 complete=False time=00:00:20
[RETURN id=04862 rank=03940] left=1,1,4,2,4,1,4 status=TIMEOUT layouts=0/1 complete=False time=00:00:20
[RETURN id=05570 rank=03952] left=1,2,4,1,1,4,4 status=QUOTA_REACHED layouts=1/1 complete=True time=00:00:13
[RETURN id=04904 rank=03942] left=1,1,4,4,1,2,4 status=TIMEOUT layouts=0/1 complete=False time=00:00:20
[RETURN id=04906 rank=03943] left=1,1,4,4,1,4,2 status=TIMEOUT layouts=0/1 complete=False time=00:00:20
[RETURN id=04920 rank=03946] left=1,1,4,4,4,1,2 status=TIMEOUT layouts=0/1 complete=False time=00:00:20
[RETURN id=05232 rank=03949] left=1,2,1,4,1,4,4 status=TIMEOUT layouts=0/1 complete=False time=00:00:20
[RETURN id=05244 rank=03950] left=1,2,1,4,4,1,4 status=TIMEOUT layouts=0/1 complete=False time=00:00:20
[RETURN id=05652 rank=03955] left=1,2,4,4,1,1,4 status=QUOTA_REACHED layouts=1/1 complete=True time=00:00:12
[RETURN id=06776 rank=03961] left=1,4,1,2,1,4,4 status=QUOTA_REACHED layouts=1/1 complete=True time=00:00:07
[RETURN id=05582 rank=03953] left=1,2,4,1,4,1,4 status=TIMEOUT layouts=0/1 complete=False time=00:00:20
[RETURN id=06756 rank=03958] left=1,4,1,1,2,4,4 status=TIMEOUT layouts=0/1 complete=False time=00:00:20
[RETURN id=06788 rank=03962] left=1,4,1,2,4,1,4 status=TIMEOUT layouts=0/1 complete=False time=00:00:20
[RETURN id=06832 rank=03965] left=1,4,1,4,1,4,2 status=TIMEOUT layouts=0/1 complete=False time=00:00:20
[RETURN id=06830 rank=03964] left=1,4,1,4,1,2,4 status=TIMEOUT layouts=0/1 complete=False time=00:00:20
[GLOBAL] [##--------------------------] done=253/3505 (7.22%) covered=253 layouts=253 running=14/14 remaining=3252 elapsed=00:48:00 rate=5.27 sig/min ETA=10:16:59
[COVERAGE] selected_mass(global)=47.579% covered_mass(global contribution)=5.915%
[LONGEST] id=6838 rank=3967 left=1,4,1,4,2,4,1 elapsed=00:00:21
[RETURN id=06838 rank=03967] left=1,4,1,4,2,4,1 status=TIMEOUT layouts=0/1 complete=False time=00:00:20
[RETURN id=06846 rank=03968] left=1,4,1,4,4,1,2 status=TIMEOUT layouts=0/1 complete=False time=00:00:20
[RETURN id=06916 rank=03972] left=1,4,2,1,4,4,1 status=TIMEOUT layouts=0/1 complete=False time=00:00:20
[RETURN id=06986 rank=03974] left=1,4,2,4,1,4,1 status=TIMEOUT layouts=0/1 complete=False time=00:00:20
[RETURN id=06998 rank=03975] left=1,4,2,4,4,1,1 status=TIMEOUT layouts=0/1 complete=False time=00:00:20
[RETURN id=07226 rank=03983] left=1,4,4,2,1,4,1 status=QUOTA_REACHED layouts=1/1 complete=True time=00:00:18
[RETURN id=07200 rank=03978] left=1,4,4,1,2,1,4 status=TIMEOUT layouts=0/1 complete=False time=00:00:20
[RETURN id=07212 rank=03981] left=1,4,4,1,4,2,1 status=TIMEOUT layouts=0/1 complete=False time=00:00:20
[RETURN id=07238 rank=03984] left=1,4,4,2,4,1,1 status=TIMEOUT layouts=0/1 complete=False time=00:00:20
[RETURN id=07270 rank=03986] left=1,4,4,4,1,2,1 status=TIMEOUT layouts=0/1 complete=False time=00:00:20
[RETURN id=08868 rank=03988] left=2,1,1,1,4,4,4 status=TIMEOUT layouts=0/1 complete=False time=00:00:20
[RETURN id=09348 rank=03997] left=2,1,4,4,4,1,1 status=QUOTA_REACHED layouts=1/1 complete=True time=00:00:18
[RETURN id=08928 rank=03991] left=2,1,1,4,4,4,1 status=TIMEOUT layouts=0/1 complete=False time=00:00:20
[RETURN id=09266 rank=03994] left=2,1,4,1,4,4,1 status=TIMEOUT layouts=0/1 complete=False time=00:00:20
[RETURN id=09336 rank=03996] left=2,1,4,4,1,4,1 status=TIMEOUT layouts=0/1 complete=False time=00:00:20
[RETURN id=11252 rank=04000] left=2,4,1,1,4,4,1 status=TIMEOUT layouts=0/1 complete=False time=00:00:20
[RETURN id=11334 rank=04003] left=2,4,1,4,4,1,1 status=QUOTA_REACHED layouts=1/1 complete=True time=00:00:19
[RETURN id=11322 rank=04002] left=2,4,1,4,1,4,1 status=TIMEOUT layouts=0/1 complete=False time=00:00:20
[RETURN id=11660 rank=04005] left=2,4,4,1,1,4,1 status=TIMEOUT layouts=0/1 complete=False time=00:00:20
[RETURN id=11672 rank=04006] left=2,4,4,1,4,1,1 status=TIMEOUT layouts=0/1 complete=False time=00:00:20
[RETURN id=17604 rank=04008] left=4,1,1,1,2,4,4 status=TIMEOUT layouts=0/1 complete=False time=00:00:20
[RETURN id=17624 rank=04011] left=4,1,1,2,1,4,4 status=TIMEOUT layouts=0/1 complete=False time=00:00:20
[RETURN id=17636 rank=04012] left=4,1,1,2,4,1,4 status=TIMEOUT layouts=0/1 complete=False time=00:00:20
[GLOBAL] [##--------------------------] done=256/3505 (7.30%) covered=256 layouts=256 running=14/14 remaining=3249 elapsed=00:48:30 rate=5.28 sig/min ETA=10:15:32
[COVERAGE] selected_mass(global)=47.579% covered_mass(global contribution)=5.925%
[LONGEST] id=17678 rank=4014 left=4,1,1,4,1,2,4 elapsed=00:00:19
[RETURN id=17678 rank=04014] left=4,1,1,4,1,2,4 status=TIMEOUT layouts=0/1 complete=False time=00:00:20
[RETURN id=18118 rank=04036] left=4,1,4,4,1,2,1 status=QUOTA_REACHED layouts=1/1 complete=True time=00:00:09
[RETURN id=17680 rank=04015] left=4,1,1,4,1,4,2 status=TIMEOUT layouts=0/1 complete=False time=00:00:20
[RETURN id=18060 rank=04031] left=4,1,4,1,4,2,1 status=QUOTA_REACHED layouts=1/1 complete=True time=00:00:15
[RETURN id=17686 rank=04017] left=4,1,1,4,2,4,1 status=TIMEOUT layouts=0/1 complete=False time=00:00:20
[RETURN id=17694 rank=04018] left=4,1,1,4,4,1,2 status=TIMEOUT layouts=0/1 complete=False time=00:00:20
[RETURN id=17764 rank=04022] left=4,1,2,1,4,4,1 status=TIMEOUT layouts=0/1 complete=False time=00:00:20
[RETURN id=17834 rank=04024] left=4,1,2,4,1,4,1 status=TIMEOUT layouts=0/1 complete=False time=00:00:20
[RETURN id=17846 rank=04025] left=4,1,2,4,4,1,1 status=TIMEOUT layouts=0/1 complete=False time=00:00:20
[RETURN id=18048 rank=04028] left=4,1,4,1,2,1,4 status=TIMEOUT layouts=0/1 complete=False time=00:00:20
[RETURN id=18074 rank=04033] left=4,1,4,2,1,4,1 status=TIMEOUT layouts=0/1 complete=False time=00:00:20
[RETURN id=18086 rank=04034] left=4,1,4,2,4,1,1 status=TIMEOUT layouts=0/1 complete=False time=00:00:20
[RETURN id=18404 rank=04038] left=4,2,1,1,1,4,4 status=TIMEOUT layouts=0/1 complete=False time=00:00:20
[RETURN id=18416 rank=04039] left=4,2,1,1,4,1,4 status=TIMEOUT layouts=0/1 complete=False time=00:00:20
[RETURN id=18486 rank=04041] left=4,2,1,4,1,1,4 status=TIMEOUT layouts=0/1 complete=False time=00:00:20
[RETURN id=18824 rank=04044] left=4,2,4,1,1,1,4 status=TIMEOUT layouts=0/1 complete=False time=00:00:20
[RETURN id=19872 rank=04057] left=4,4,1,4,1,1,2 status=QUOTA_REACHED layouts=1/1 complete=True time=00:00:14
[RETURN id=18884 rank=04047] left=4,2,4,4,1,1,1 status=TIMEOUT layouts=0/1 complete=False time=00:00:20
[GLOBAL] [##--------------------------] done=259/3505 (7.39%) covered=259 layouts=259 running=14/14 remaining=3246 elapsed=00:49:00 rate=5.29 sig/min ETA=10:14:06
[COVERAGE] selected_mass(global)=47.579% covered_mass(global contribution)=5.935%
[LONGEST] id=19798 rank=4048 left=4,4,1,1,1,2,4 elapsed=00:00:21
[RETURN id=19798 rank=04048] left=4,4,1,1,1,2,4 status=TIMEOUT layouts=0/1 complete=False time=00:00:20
[RETURN id=19800 rank=04049] left=4,4,1,1,1,4,2 status=TIMEOUT layouts=0/1 complete=False time=00:00:20
[RETURN id=19814 rank=04052] left=4,4,1,1,4,1,2 status=TIMEOUT layouts=0/1 complete=False time=00:00:20
[RETURN id=19806 rank=04051] left=4,4,1,1,2,4,1 status=TIMEOUT layouts=0/1 complete=False time=00:00:20
[RETURN id=19826 rank=04054] left=4,4,1,2,1,1,4 status=TIMEOUT layouts=0/1 complete=False time=00:00:20
[RETURN id=19876 rank=04059] left=4,4,1,4,2,1,1 status=TIMEOUT layouts=0/1 complete=False time=00:00:20
[RETURN id=19924 rank=04060] left=4,4,2,1,1,1,4 status=TIMEOUT layouts=0/1 complete=False time=00:00:20
[RETURN id=19984 rank=04063] left=4,4,2,4,1,1,1 status=TIMEOUT layouts=0/1 complete=False time=00:00:20
[RETURN id=20102 rank=04064] left=4,4,4,1,1,1,2 status=TIMEOUT layouts=0/1 complete=False time=00:00:20
[RETURN id=20106 rank=04066] left=4,4,4,1,2,1,1 status=TIMEOUT layouts=0/1 complete=False time=00:00:20
[RETURN id=20116 rank=04067] left=4,4,4,2,1,1,1 status=TIMEOUT layouts=0/1 complete=False time=00:00:20
[RETURN id=00650 rank=04081] left=0,1,3,4,2,4,3 status=QUOTA_REACHED layouts=1/1 complete=True time=00:00:13
[RETURN id=00534 rank=04068] left=0,1,2,3,3,4,4 status=TIMEOUT layouts=0/1 complete=False time=00:00:20
[RETURN id=00538 rank=04070] left=0,1,2,3,4,4,3 status=TIMEOUT layouts=0/1 complete=False time=00:00:20
[RETURN id=00552 rank=04071] left=0,1,2,4,3,3,4 status=TIMEOUT layouts=0/1 complete=False time=00:00:20
[RETURN id=00626 rank=04077] left=0,1,3,3,2,4,4 status=QUOTA_REACHED layouts=1/1 complete=True time=00:00:18
[RETURN id=00660 rank=04085] left=0,1,3,4,4,3,2 status=QUOTA_REACHED layouts=1/1 complete=True time=00:00:19
[RETURN id=00614 rank=04075] left=0,1,3,2,4,3,4 status=TIMEOUT layouts=0/1 complete=False time=00:00:20
[RETURN id=00728 rank=04087] left=0,1,4,2,3,4,3 status=TIMEOUT layouts=0/1 complete=False time=00:00:20
[RETURN id=00732 rank=04088] left=0,1,4,2,4,3,3 status=TIMEOUT layouts=0/1 complete=False time=00:00:20
[RETURN id=00748 rank=04090] left=0,1,4,3,2,4,3 status=TIMEOUT layouts=0/1 complete=False time=00:00:20
[RETURN id=00758 rank=04094] left=0,1,4,3,4,3,2 status=TIMEOUT layouts=0/1 complete=False time=00:00:20
[RETURN id=00780 rank=04096] left=0,1,4,4,3,2,3 status=TIMEOUT layouts=0/1 complete=False time=00:00:20
[RETURN id=01042 rank=04099] left=0,2,1,3,4,3,4 status=TIMEOUT layouts=0/1 complete=False time=00:00:20
[GLOBAL] [##--------------------------] done=262/3505 (7.48%) covered=262 layouts=262 running=14/14 remaining=3243 elapsed=00:49:30 rate=5.29 sig/min ETA=10:12:42
[COVERAGE] selected_mass(global)=47.579% covered_mass(global contribution)=5.943%
[LONGEST] id=1058 rank=4102 left=0,2,1,4,3,4,3 elapsed=00:00:16
[RETURN id=01058 rank=04102] left=0,2,1,4,3,4,3 status=TIMEOUT layouts=0/1 complete=False time=00:00:20
[RETURN id=01062 rank=04103] left=0,2,1,4,4,3,3 status=TIMEOUT layouts=0/1 complete=False time=00:00:20
[RETURN id=01214 rank=04104] left=0,2,3,1,3,4,4 status=TIMEOUT layouts=0/1 complete=False time=00:00:20
[RETURN id=01218 rank=04106] left=0,2,3,1,4,4,3 status=TIMEOUT layouts=0/1 complete=False time=00:00:20
[RETURN id=01264 rank=04109] left=0,2,3,3,4,4,1 status=TIMEOUT layouts=0/1 complete=False time=00:00:20
[RETURN id=01276 rank=04111] left=0,2,3,4,1,4,3 status=TIMEOUT layouts=0/1 complete=False time=00:00:20
[RETURN id=01284 rank=04112] left=0,2,3,4,3,1,4 status=TIMEOUT layouts=0/1 complete=False time=00:00:20
[RETURN id=01290 rank=04114] left=0,2,3,4,4,1,3 status=TIMEOUT layouts=0/1 complete=False time=00:00:20
[RETURN id=01292 rank=04115] left=0,2,3,4,4,3,1 status=TIMEOUT layouts=0/1 complete=False time=00:00:20
[RETURN id=01348 rank=04117] left=0,2,4,1,3,4,3 status=TIMEOUT layouts=0/1 complete=False time=00:00:20
[RETURN id=01352 rank=04118] left=0,2,4,1,4,3,3 status=TIMEOUT layouts=0/1 complete=False time=00:00:20
[RETURN id=01390 rank=04119] left=0,2,4,3,1,3,4 status=TIMEOUT layouts=0/1 complete=False time=00:00:20
[RETURN id=01402 rank=04122] left=0,2,4,3,3,4,1 status=TIMEOUT layouts=0/1 complete=False time=00:00:20
[RETURN id=01714 rank=04129] left=0,3,1,2,4,3,4 status=TIMEOUT layouts=0/1 complete=False time=00:00:20
[RETURN id=01726 rank=04131] left=0,3,1,3,2,4,4 status=TIMEOUT layouts=0/1 complete=False time=00:00:20
[RETURN id=01812 rank=04141] left=0,3,2,1,4,3,4 status=QUOTA_REACHED layouts=1/1 complete=True time=00:00:17
[RETURN id=01750 rank=04135] left=0,3,1,4,2,4,3 status=TIMEOUT layouts=0/1 complete=False time=00:00:20
[RETURN id=01760 rank=04139] left=0,3,1,4,4,3,2 status=TIMEOUT layouts=0/1 complete=False time=00:00:20
[RETURN id=01844 rank=04143] left=0,3,2,3,1,4,4 status=TIMEOUT layouts=0/1 complete=False time=00:00:20
[GLOBAL] [##--------------------------] done=263/3505 (7.50%) covered=263 layouts=263 running=14/14 remaining=3242 elapsed=00:50:00 rate=5.26 sig/min ETA=10:16:21
[COVERAGE] selected_mass(global)=47.579% covered_mass(global contribution)=5.946%
[LONGEST] id=1856 rank=4144 left=0,3,2,3,4,1,4 elapsed=00:00:19
[RETURN id=01856 rank=04144] left=0,3,2,3,4,1,4 status=TIMEOUT layouts=0/1 complete=False time=00:00:20
[RETURN id=01882 rank=04149] left=0,3,2,4,3,4,1 status=TIMEOUT layouts=0/1 complete=False time=00:00:20
[RETURN id=01946 rank=04153] left=0,3,3,1,4,2,4 status=TIMEOUT layouts=0/1 complete=False time=00:00:20
[RETURN id=01870 rank=04146] left=0,3,2,4,1,3,4 status=TIMEOUT layouts=0/1 complete=False time=00:00:20
[RETURN id=01948 rank=04154] left=0,3,3,1,4,4,2 status=TIMEOUT layouts=0/1 complete=False time=00:00:20
[RETURN id=01974 rank=04157] left=0,3,3,2,4,4,1 status=TIMEOUT layouts=0/1 complete=False time=00:00:20
[RETURN id=02018 rank=04160] left=0,3,3,4,2,1,4 status=TIMEOUT layouts=0/1 complete=False time=00:00:20
[RETURN id=02030 rank=04163] left=0,3,3,4,4,2,1 status=TIMEOUT layouts=0/1 complete=False time=00:00:20
[RETURN id=02088 rank=04165] left=0,3,4,1,2,4,3 status=TIMEOUT layouts=0/1 complete=False time=00:00:20
[RETURN id=02138 rank=04176] left=0,3,4,3,1,2,4 status=QUOTA_REACHED layouts=1/1 complete=True time=00:00:15
[RETURN id=02098 rank=04169] left=0,3,4,1,4,3,2 status=TIMEOUT layouts=0/1 complete=False time=00:00:20
[RETURN id=02154 rank=04180] left=0,3,4,3,4,1,2 status=QUOTA_REACHED layouts=1/1 complete=True time=00:00:12
[RETURN id=02110 rank=04170] left=0,3,4,2,1,3,4 status=TIMEOUT layouts=0/1 complete=False time=00:00:20
[RETURN id=02122 rank=04173] left=0,3,4,2,3,4,1 status=TIMEOUT layouts=0/1 complete=False time=00:00:20
[RETURN id=02140 rank=04177] left=0,3,4,3,1,4,2 status=TIMEOUT layouts=0/1 complete=False time=00:00:20
[RETURN id=02146 rank=04179] left=0,3,4,3,2,4,1 status=TIMEOUT layouts=0/1 complete=False time=00:00:20
[RETURN id=02168 rank=04183] left=0,3,4,4,1,3,2 status=TIMEOUT layouts=0/1 complete=False time=00:00:20
[RETURN id=02172 rank=04184] left=0,3,4,4,2,1,3 status=TIMEOUT layouts=0/1 complete=False time=00:00:20
[RETURN id=02174 rank=04185] left=0,3,4,4,2,3,1 status=TIMEOUT layouts=0/1 complete=False time=00:00:20
[RETURN id=02482 rank=04188] left=0,4,1,2,3,3,4 status=TIMEOUT layouts=0/1 complete=False time=00:00:20
[RETURN id=02178 rank=04187] left=0,3,4,4,3,2,1 status=TIMEOUT layouts=0/1 complete=False time=00:00:20
[GLOBAL] [##--------------------------] done=265/3505 (7.56%) covered=265 layouts=265 running=14/14 remaining=3240 elapsed=00:50:30 rate=5.25 sig/min ETA=10:17:26
[COVERAGE] selected_mass(global)=47.579% covered_mass(global contribution)=5.952%
[LONGEST] id=2502 rank=4191 left=0,4,1,3,2,3,4 elapsed=00:00:19
[RETURN id=02502 rank=04191] left=0,4,1,3,2,3,4 status=TIMEOUT layouts=0/1 complete=False time=00:00:20
[RETURN id=02506 rank=04193] left=0,4,1,3,3,2,4 status=TIMEOUT layouts=0/1 complete=False time=00:00:20
[RETURN id=02508 rank=04194] left=0,4,1,3,3,4,2 status=TIMEOUT layouts=0/1 complete=False time=00:00:20
[RETURN id=02512 rank=04195] left=0,4,1,3,4,2,3 status=TIMEOUT layouts=0/1 complete=False time=00:00:20
[RETURN id=02530 rank=04197] left=0,4,1,4,2,3,3 status=TIMEOUT layouts=0/1 complete=False time=00:00:20
[RETURN id=02536 rank=04199] left=0,4,1,4,3,3,2 status=TIMEOUT layouts=0/1 complete=False time=00:00:20
[RETURN id=02598 rank=04201] left=0,4,2,1,3,4,3 status=TIMEOUT layouts=0/1 complete=False time=00:00:20
[RETURN id=02602 rank=04202] left=0,4,2,1,4,3,3 status=TIMEOUT layouts=0/1 complete=False time=00:00:20
[RETURN id=02640 rank=04203] left=0,4,2,3,1,3,4 status=TIMEOUT layouts=0/1 complete=False time=00:00:20
[RETURN id=02652 rank=04206] left=0,4,2,3,3,4,1 status=TIMEOUT layouts=0/1 complete=False time=00:00:20
[RETURN id=02742 rank=04212] left=0,4,3,1,2,3,4 status=TIMEOUT layouts=0/1 complete=False time=00:00:20
[RETURN id=02748 rank=04215] left=0,4,3,1,3,4,2 status=TIMEOUT layouts=0/1 complete=False time=00:00:20
[RETURN id=02746 rank=04214] left=0,4,3,1,3,2,4 status=TIMEOUT layouts=0/1 complete=False time=00:00:20
[RETURN id=02752 rank=04216] left=0,4,3,1,4,2,3 status=TIMEOUT layouts=0/1 complete=False time=00:00:20
[RETURN id=02782 rank=04223] left=0,4,3,2,4,3,1 status=QUOTA_REACHED layouts=1/1 complete=True time=00:00:15
[RETURN id=02766 rank=04219] left=0,4,3,2,1,4,3 status=TIMEOUT layouts=0/1 complete=False time=00:00:20
[RETURN id=02780 rank=04222] left=0,4,3,2,4,1,3 status=TIMEOUT layouts=0/1 complete=False time=00:00:20
[RETURN id=02774 rank=04220] left=0,4,3,2,3,1,4 status=TIMEOUT layouts=0/1 complete=False time=00:00:20
[RETURN id=02810 rank=04229] left=0,4,3,3,4,2,1 status=TIMEOUT layouts=0/1 complete=False time=00:00:20
[RETURN id=02798 rank=04226] left=0,4,3,3,2,1,4 status=TIMEOUT layouts=0/1 complete=False time=00:00:20
[RETURN id=02822 rank=04230] left=0,4,3,4,1,2,3 status=TIMEOUT layouts=0/1 complete=False time=00:00:20
[GLOBAL] [##--------------------------] done=266/3505 (7.59%) covered=266 layouts=266 running=14/14 remaining=3239 elapsed=00:51:00 rate=5.22 sig/min ETA=10:21:01
[COVERAGE] selected_mass(global)=47.579% covered_mass(global contribution)=5.954%
[LONGEST] id=2832 rank=4234 left=0,4,3,4,3,1,2 elapsed=00:00:18
[RETURN id=02832 rank=04234] left=0,4,3,4,3,1,2 status=QUOTA_REACHED layouts=1/1 complete=True time=00:00:20
[RETURN id=02900 rank=04237] left=0,4,4,1,3,2,3 status=TIMEOUT layouts=0/1 complete=False time=00:00:20
[RETURN id=02948 rank=04243] left=0,4,4,3,1,3,2 status=TIMEOUT layouts=0/1 complete=False time=00:00:20
[RETURN id=02952 rank=04244] left=0,4,4,3,2,1,3 status=TIMEOUT layouts=0/1 complete=False time=00:00:20
[RETURN id=02954 rank=04245] left=0,4,4,3,2,3,1 status=TIMEOUT layouts=0/1 complete=False time=00:00:20
[RETURN id=04024 rank=04250] left=1,0,2,3,4,4,3 status=QUOTA_REACHED layouts=1/1 complete=True time=00:00:17
[RETURN id=02958 rank=04247] left=0,4,4,3,3,2,1 status=TIMEOUT layouts=0/1 complete=False time=00:00:20
[RETURN id=04020 rank=04248] left=1,0,2,3,3,4,4 status=TIMEOUT layouts=0/1 complete=False time=00:00:20
[RETURN id=04112 rank=04257] left=1,0,3,3,2,4,4 status=QUOTA_REACHED layouts=1/1 complete=True time=00:00:19
[RETURN id=04100 rank=04255] left=1,0,3,2,4,3,4 status=TIMEOUT layouts=0/1 complete=False time=00:00:20
[RETURN id=04038 rank=04251] left=1,0,2,4,3,3,4 status=TIMEOUT layouts=0/1 complete=False time=00:00:20
[RETURN id=04146 rank=04265] left=1,0,3,4,4,3,2 status=TIMEOUT layouts=0/1 complete=False time=00:00:20
[RETURN id=04136 rank=04261] left=1,0,3,4,2,4,3 status=TIMEOUT layouts=0/1 complete=False time=00:00:20
[RETURN id=04214 rank=04267] left=1,0,4,2,3,4,3 status=TIMEOUT layouts=0/1 complete=False time=00:00:20
[RETURN id=04218 rank=04268] left=1,0,4,2,4,3,3 status=TIMEOUT layouts=0/1 complete=False time=00:00:20
[RETURN id=04234 rank=04270] left=1,0,4,3,2,4,3 status=TIMEOUT layouts=0/1 complete=False time=00:00:20
[RETURN id=04244 rank=04274] left=1,0,4,3,4,3,2 status=TIMEOUT layouts=0/1 complete=False time=00:00:20
[RETURN id=04266 rank=04276] left=1,0,4,4,3,2,3 status=TIMEOUT layouts=0/1 complete=False time=00:00:20
[RETURN id=04600 rank=04283] left=1,1,2,2,2,5,4 status=QUOTA_REACHED layouts=1/1 complete=True time=00:00:17
[GLOBAL] [##--------------------------] done=270/3505 (7.70%) covered=270 layouts=270 running=14/14 remaining=3235 elapsed=00:51:30 rate=5.24 sig/min ETA=10:17:03
[COVERAGE] selected_mass(global)=47.579% covered_mass(global contribution)=5.965%
[LONGEST] id=4524 rank=4278 left=1,1,1,3,3,3,5 elapsed=00:00:20
[RETURN id=04524 rank=04278] left=1,1,1,3,3,3,5 status=TIMEOUT layouts=0/1 complete=False time=00:00:20
[RETURN id=04526 rank=04279] left=1,1,1,3,3,5,3 status=TIMEOUT layouts=0/1 complete=False time=00:00:20
[RETURN id=04568 rank=04281] left=1,1,1,5,3,3,3 status=TIMEOUT layouts=0/1 complete=False time=00:00:20
[RETURN id=04736 rank=04298] left=1,1,3,3,1,5,3 status=QUOTA_REACHED layouts=1/1 complete=True time=00:00:12
[RETURN id=04642 rank=04289] left=1,1,2,4,2,5,2 status=TIMEOUT layouts=0/1 complete=False time=00:00:20
[RETURN id=04604 rank=04284] left=1,1,2,2,4,2,5 status=TIMEOUT layouts=0/1 complete=False time=00:00:20
[RETURN id=04656 rank=04290] left=1,1,2,4,5,2,2 status=TIMEOUT layouts=0/1 complete=False time=00:00:20
[RETURN id=04708 rank=04296] left=1,1,3,1,5,3,3 status=TIMEOUT layouts=0/1 complete=False time=00:00:20
[RETURN id=04734 rank=04297] left=1,1,3,3,1,3,5 status=TIMEOUT layouts=0/1 complete=False time=00:00:20
[RETURN id=04790 rank=04303] left=1,1,3,5,1,3,3 status=TIMEOUT layouts=0/1 complete=False time=00:00:20
[RETURN id=04800 rank=04304] left=1,1,3,5,3,1,3 status=TIMEOUT layouts=0/1 complete=False time=00:00:20
[RETURN id=04802 rank=04305] left=1,1,3,5,3,3,1 status=TIMEOUT layouts=0/1 complete=False time=00:00:20
[RETURN id=04852 rank=04306] left=1,1,4,2,2,2,5 status=TIMEOUT layouts=0/1 complete=False time=00:00:20
[RETURN id=05030 rank=04314] left=1,1,5,3,1,3,3 status=TIMEOUT layouts=0/1 complete=False time=00:00:20
[RETURN id=05040 rank=04315] left=1,1,5,3,3,1,3 status=TIMEOUT layouts=0/1 complete=False time=00:00:20
[RETURN id=05042 rank=04316] left=1,1,5,3,3,3,1 status=TIMEOUT layouts=0/1 complete=False time=00:00:20
[RETURN id=05064 rank=04317] left=1,1,5,4,2,2,2 status=TIMEOUT layouts=0/1 complete=False time=00:00:20
[RETURN id=05120 rank=04318] left=1,2,0,3,3,4,4 status=TIMEOUT layouts=0/1 complete=False time=00:00:20
[RETURN id=05124 rank=04320] left=1,2,0,3,4,4,3 status=TIMEOUT layouts=0/1 complete=False time=00:00:20
[RETURN id=05138 rank=04321] left=1,2,0,4,3,3,4 status=TIMEOUT layouts=0/1 complete=False time=00:00:20
[RETURN id=05194 rank=04324] left=1,2,1,2,2,4,5 status=TIMEOUT layouts=0/1 complete=False time=00:00:20
[GLOBAL] [##--------------------------] done=271/3505 (7.73%) covered=271 layouts=271 running=14/14 remaining=3234 elapsed=00:52:00 rate=5.21 sig/min ETA=10:20:33
[COVERAGE] selected_mass(global)=47.579% covered_mass(global contribution)=5.968%
[LONGEST] id=5202 rank=4327 left=1,2,1,2,4,5,2 elapsed=00:00:21
[RETURN id=05202 rank=04327] left=1,2,1,2,4,5,2 status=TIMEOUT layouts=0/1 complete=False time=00:00:20
[RETURN id=05204 rank=04328] left=1,2,1,2,5,2,4 status=TIMEOUT layouts=0/1 complete=False time=00:00:20
[RETURN id=05206 rank=04329] left=1,2,1,2,5,4,2 status=TIMEOUT layouts=0/1 complete=False time=00:00:20
[RETURN id=05234 rank=04330] left=1,2,1,4,2,2,5 status=TIMEOUT layouts=0/1 complete=False time=00:00:20
[RETURN id=05358 rank=04349] left=1,2,2,4,1,5,2 status=QUOTA_REACHED layouts=1/1 complete=True time=00:00:08
[RETURN id=05262 rank=04333] left=1,2,1,5,2,2,4 status=TIMEOUT layouts=0/1 complete=False time=00:00:20
[RETURN id=05264 rank=04334] left=1,2,1,5,2,4,2 status=TIMEOUT layouts=0/1 complete=False time=00:00:20
[RETURN id=05274 rank=04335] left=1,2,1,5,4,2,2 status=TIMEOUT layouts=0/1 complete=False time=00:00:20
[RETURN id=05316 rank=04344] left=1,2,2,2,4,1,5 status=QUOTA_REACHED layouts=1/1 complete=True time=00:00:15
[RETURN id=05292 rank=04336] left=1,2,2,1,2,4,5 status=TIMEOUT layouts=0/1 complete=False time=00:00:20
[RETURN id=05300 rank=04339] left=1,2,2,1,4,5,2 status=TIMEOUT layouts=0/1 complete=False time=00:00:20
[RETURN id=05302 rank=04340] left=1,2,2,1,5,2,4 status=TIMEOUT layouts=0/1 complete=False time=00:00:20
[RETURN id=05304 rank=04341] left=1,2,2,1,5,4,2 status=TIMEOUT layouts=0/1 complete=False time=00:00:20
[RETURN id=05308 rank=04343] left=1,2,2,2,1,5,4 status=TIMEOUT layouts=0/1 complete=False time=00:00:20
[RETURN id=05320 rank=04345] left=1,2,2,2,4,5,1 status=TIMEOUT layouts=0/1 complete=False time=00:00:20
[RETURN id=05322 rank=04346] left=1,2,2,2,5,1,4 status=TIMEOUT layouts=0/1 complete=False time=00:00:20
[RETURN id=05376 rank=04352] left=1,2,2,4,5,1,2 status=TIMEOUT layouts=0/1 complete=False time=00:00:20
[RETURN id=05496 rank=04367] left=1,2,3,4,0,4,3 status=QUOTA_REACHED layouts=1/1 complete=True time=00:00:14
[RETURN id=05514 rank=04370] left=1,2,3,4,4,0,3 status=QUOTA_REACHED layouts=1/1 complete=True time=00:00:14
[GLOBAL] [##--------------------------] done=275/3505 (7.85%) covered=275 layouts=275 running=14/14 remaining=3230 elapsed=00:52:30 rate=5.24 sig/min ETA=10:16:38
[COVERAGE] selected_mass(global)=47.579% covered_mass(global contribution)=5.979%
[LONGEST] id=5384 rank=4354 left=1,2,2,5,1,2,4 elapsed=00:00:21
[RETURN id=05384 rank=04354] left=1,2,2,5,1,2,4 status=TIMEOUT layouts=0/1 complete=False time=00:00:20
[RETURN id=05386 rank=04355] left=1,2,2,5,1,4,2 status=TIMEOUT layouts=0/1 complete=False time=00:00:20
[RETURN id=05392 rank=04357] left=1,2,2,5,2,4,1 status=TIMEOUT layouts=0/1 complete=False time=00:00:20
[RETURN id=05400 rank=04358] left=1,2,2,5,4,1,2 status=TIMEOUT layouts=0/1 complete=False time=00:00:20
[RETURN id=05410 rank=04360] left=1,2,3,0,3,4,4 status=TIMEOUT layouts=0/1 complete=False time=00:00:20
[RETURN id=05414 rank=04362] left=1,2,3,0,4,4,3 status=TIMEOUT layouts=0/1 complete=False time=00:00:20
[RETURN id=05468 rank=04363] left=1,2,3,3,0,4,4 status=TIMEOUT layouts=0/1 complete=False time=00:00:20
[RETURN id=05554 rank=04373] left=1,2,4,0,3,4,3 status=TIMEOUT layouts=0/1 complete=False time=00:00:20
[RETURN id=05558 rank=04374] left=1,2,4,0,4,3,3 status=TIMEOUT layouts=0/1 complete=False time=00:00:20
[RETURN id=05572 rank=04375] left=1,2,4,1,2,2,5 status=TIMEOUT layouts=0/1 complete=False time=00:00:20
[RETURN id=05598 rank=04379] left=1,2,4,2,1,5,2 status=TIMEOUT layouts=0/1 complete=False time=00:00:20
[RETURN id=05616 rank=04382] left=1,2,4,2,5,1,2 status=TIMEOUT layouts=0/1 complete=False time=00:00:20
[RETURN id=05620 rank=04384] left=1,2,4,3,0,3,4 status=TIMEOUT layouts=0/1 complete=False time=00:00:20
[RETURN id=05634 rank=04386] left=1,2,4,3,3,0,4 status=TIMEOUT layouts=0/1 complete=False time=00:00:20
[RETURN id=05638 rank=04387] left=1,2,4,3,3,4,0 status=TIMEOUT layouts=0/1 complete=False time=00:00:20
[RETURN id=05804 rank=04405] left=1,2,5,4,1,2,2 status=QUOTA_REACHED layouts=1/1 complete=True time=00:00:15
[RETURN id=05642 rank=04389] left=1,2,4,3,4,3,0 status=TIMEOUT layouts=0/1 complete=False time=00:00:20
[RETURN id=05648 rank=04390] left=1,2,4,4,0,3,3 status=TIMEOUT layouts=0/1 complete=False time=00:00:20
[RETURN id=05662 rank=04391] left=1,2,4,4,3,0,3 status=TIMEOUT layouts=0/1 complete=False time=00:00:20
[RETURN id=05684 rank=04395] left=1,2,4,5,2,2,1 status=TIMEOUT layouts=0/1 complete=False time=00:00:20
[RETURN id=05754 rank=04401] left=1,2,5,2,2,1,4 status=TIMEOUT layouts=0/1 complete=False time=00:00:20
[RETURN id=05766 rank=04404] left=1,2,5,2,4,2,1 status=TIMEOUT layouts=0/1 complete=False time=00:00:20
[RETURN id=05808 rank=04406] left=1,2,5,4,2,1,2 status=TIMEOUT layouts=0/1 complete=False time=00:00:20
[GLOBAL] [##--------------------------] done=276/3505 (7.87%) covered=276 layouts=276 running=14/14 remaining=3229 elapsed=00:53:00 rate=5.21 sig/min ETA=10:20:04
[COVERAGE] selected_mass(global)=47.579% covered_mass(global contribution)=5.982%
[LONGEST] id=5852 rank=4408 left=1,3,0,2,3,4,4 elapsed=00:00:21
[RETURN id=05852 rank=04408] left=1,3,0,2,3,4,4 status=TIMEOUT layouts=0/1 complete=False time=00:00:20
[RETURN id=05856 rank=04410] left=1,3,0,2,4,4,3 status=TIMEOUT layouts=0/1 complete=False time=00:00:20
[RETURN id=05874 rank=04412] left=1,3,0,3,4,2,4 status=TIMEOUT layouts=0/1 complete=False time=00:00:20
[RETURN id=05876 rank=04413] left=1,3,0,3,4,4,2 status=TIMEOUT layouts=0/1 complete=False time=00:00:20
[RETURN id=05890 rank=04414] left=1,3,0,4,2,3,4 status=TIMEOUT layouts=0/1 complete=False time=00:00:20
[RETURN id=05896 rank=04417] left=1,3,0,4,3,4,2 status=TIMEOUT layouts=0/1 complete=False time=00:00:20
[RETURN id=05900 rank=04418] left=1,3,0,4,4,2,3 status=TIMEOUT layouts=0/1 complete=False time=00:00:20
[RETURN id=05894 rank=04416] left=1,3,0,4,3,2,4 status=TIMEOUT layouts=0/1 complete=False time=00:00:20
[RETURN id=05958 rank=04422] left=1,3,1,1,5,3,3 status=TIMEOUT layouts=0/1 complete=False time=00:00:20
[RETURN id=05984 rank=04423] left=1,3,1,3,1,3,5 status=TIMEOUT layouts=0/1 complete=False time=00:00:20
[RETURN id=05986 rank=04424] left=1,3,1,3,1,5,3 status=TIMEOUT layouts=0/1 complete=False time=00:00:20
[RETURN id=06050 rank=04430] left=1,3,1,5,3,1,3 status=TIMEOUT layouts=0/1 complete=False time=00:00:20
[RETURN id=06040 rank=04429] left=1,3,1,5,1,3,3 status=TIMEOUT layouts=0/1 complete=False time=00:00:20
[RETURN id=06052 rank=04431] left=1,3,1,5,3,3,1 status=TIMEOUT layouts=0/1 complete=False time=00:00:20
[RETURN id=06068 rank=04433] left=1,3,2,0,4,3,4 status=TIMEOUT layouts=0/1 complete=False time=00:00:20
[RETURN id=06144 rank=04437] left=1,3,2,3,4,4,0 status=QUOTA_REACHED layouts=1/1 complete=True time=00:00:15
[RETURN id=06140 rank=04436] left=1,3,2,3,4,0,4 status=TIMEOUT layouts=0/1 complete=False time=00:00:20
[RETURN id=06168 rank=04441] left=1,3,2,4,3,4,0 status=QUOTA_REACHED layouts=1/1 complete=True time=00:00:17
[GLOBAL] [##--------------------------] done=278/3505 (7.93%) covered=278 layouts=278 running=14/14 remaining=3227 elapsed=00:53:30 rate=5.20 sig/min ETA=10:21:01
[COVERAGE] selected_mass(global)=47.579% covered_mass(global contribution)=5.988%
[LONGEST] id=6150 rank=4438 left=1,3,2,4,0,3,4 elapsed=00:00:20
[RETURN id=06150 rank=04438] left=1,3,2,4,0,3,4 status=TIMEOUT layouts=0/1 complete=False time=00:00:20
[RETURN id=06164 rank=04440] left=1,3,2,4,3,0,4 status=TIMEOUT layouts=0/1 complete=False time=00:00:20
[RETURN id=06224 rank=04447] left=1,3,3,1,1,3,5 status=QUOTA_REACHED layouts=1/1 complete=True time=00:00:18
[RETURN id=06172 rank=04443] left=1,3,2,4,4,3,0 status=TIMEOUT layouts=0/1 complete=False time=00:00:20
[RETURN id=06212 rank=04445] left=1,3,3,0,4,2,4 status=TIMEOUT layouts=0/1 complete=False time=00:00:20
[RETURN id=06214 rank=04446] left=1,3,3,0,4,4,2 status=TIMEOUT layouts=0/1 complete=False time=00:00:20
[RETURN id=06226 rank=04448] left=1,3,3,1,1,5,3 status=TIMEOUT layouts=0/1 complete=False time=00:00:20
[RETURN id=06248 rank=04453] left=1,3,3,2,0,4,4 status=TIMEOUT layouts=0/1 complete=False time=00:00:20
[RETURN id=06278 rank=04456] left=1,3,3,3,1,1,5 status=TIMEOUT layouts=0/1 complete=False time=00:00:20
[RETURN id=06312 rank=04461] left=1,3,3,4,2,0,4 status=QUOTA_REACHED layouts=1/1 complete=True time=00:00:14
[RETURN id=06282 rank=04457] left=1,3,3,3,1,5,1 status=TIMEOUT layouts=0/1 complete=False time=00:00:20
[RETURN id=06302 rank=04459] left=1,3,3,4,0,2,4 status=TIMEOUT layouts=0/1 complete=False time=00:00:20
[RETURN id=06304 rank=04460] left=1,3,3,4,0,4,2 status=TIMEOUT layouts=0/1 complete=False time=00:00:20
[RETURN id=06316 rank=04462] left=1,3,3,4,2,4,0 status=TIMEOUT layouts=0/1 complete=False time=00:00:20
[RETURN id=06342 rank=04467] left=1,3,3,5,3,1,1 status=TIMEOUT layouts=0/1 complete=False time=00:00:20
[RETURN id=06354 rank=04469] left=1,3,4,0,2,4,3 status=TIMEOUT layouts=0/1 complete=False time=00:00:20
[RETURN id=06400 rank=04474] left=1,3,4,2,0,3,4 status=TIMEOUT layouts=0/1 complete=False time=00:00:20
[RETURN id=06364 rank=04473] left=1,3,4,0,4,3,2 status=TIMEOUT layouts=0/1 complete=False time=00:00:20
[RETURN id=06414 rank=04476] left=1,3,4,2,3,0,4 status=TIMEOUT layouts=0/1 complete=False time=00:00:20
[RETURN id=06418 rank=04477] left=1,3,4,2,3,4,0 status=TIMEOUT layouts=0/1 complete=False time=00:00:20
[RETURN id=06422 rank=04479] left=1,3,4,2,4,3,0 status=TIMEOUT layouts=0/1 complete=False time=00:00:20
[RETURN id=06446 rank=04484] left=1,3,4,3,4,0,2 status=TIMEOUT layouts=0/1 complete=False time=00:00:20
[RETURN id=06448 rank=04485] left=1,3,4,3,4,2,0 status=TIMEOUT layouts=0/1 complete=False time=00:00:20
[RETURN id=06454 rank=04487] left=1,3,4,4,0,3,2 status=TIMEOUT layouts=0/1 complete=False time=00:00:20
[RETURN id=06462 rank=04488] left=1,3,4,4,2,0,3 status=TIMEOUT layouts=0/1 complete=False time=00:00:20
[GLOBAL] [##--------------------------] done=280/3505 (7.99%) covered=280 layouts=280 running=14/14 remaining=3225 elapsed=00:54:00 rate=5.19 sig/min ETA=10:21:58
[COVERAGE] selected_mass(global)=47.579% covered_mass(global contribution)=5.993%
[LONGEST] id=6466 rank=4490 left=1,3,4,4,3,0,2 elapsed=00:00:18
[RETURN id=06466 rank=04490] left=1,3,4,4,3,0,2 status=TIMEOUT layouts=0/1 complete=False time=00:00:20
[RETURN id=06468 rank=04491] left=1,3,4,4,3,2,0 status=TIMEOUT layouts=0/1 complete=False time=00:00:20
[RETURN id=06582 rank=04497] left=1,3,5,3,3,1,1 status=QUOTA_REACHED layouts=1/1 complete=True time=00:00:14
[RETURN id=06520 rank=04492] left=1,3,5,1,1,3,3 status=QUOTA_REACHED layouts=1/1 complete=True time=00:00:16
[RETURN id=06532 rank=04494] left=1,3,5,1,3,3,1 status=QUOTA_REACHED layouts=1/1 complete=True time=00:00:17
[RETURN id=06530 rank=04493] left=1,3,5,1,3,1,3 status=TIMEOUT layouts=0/1 complete=False time=00:00:20
[RETURN id=06778 rank=04510] left=1,4,1,2,2,2,5 status=QUOTA_REACHED layouts=1/1 complete=True time=00:00:14
[RETURN id=06644 rank=04498] left=1,4,0,2,3,3,4 status=TIMEOUT layouts=0/1 complete=False time=00:00:20
[RETURN id=06664 rank=04501] left=1,4,0,3,2,3,4 status=TIMEOUT layouts=0/1 complete=False time=00:00:20
[RETURN id=06668 rank=04503] left=1,4,0,3,3,2,4 status=TIMEOUT layouts=0/1 complete=False time=00:00:20
[RETURN id=06670 rank=04504] left=1,4,0,3,3,4,2 status=TIMEOUT layouts=0/1 complete=False time=00:00:20
[RETURN id=06674 rank=04505] left=1,4,0,3,4,2,3 status=TIMEOUT layouts=0/1 complete=False time=00:00:20
[RETURN id=06692 rank=04507] left=1,4,0,4,2,3,3 status=TIMEOUT layouts=0/1 complete=False time=00:00:20
[RETURN id=06698 rank=04509] left=1,4,0,4,3,3,2 status=TIMEOUT layouts=0/1 complete=False time=00:00:20
[RETURN id=06926 rank=04520] left=1,4,2,2,1,2,5 status=QUOTA_REACHED layouts=1/1 complete=True time=00:00:12
[RETURN id=06906 rank=04518] left=1,4,2,1,2,5,2 status=QUOTA_REACHED layouts=1/1 complete=True time=00:00:19
[RETURN id=06884 rank=04514] left=1,4,2,0,3,3,4 status=TIMEOUT layouts=0/1 complete=False time=00:00:20
[RETURN id=06920 rank=04519] left=1,4,2,1,5,2,2 status=TIMEOUT layouts=0/1 complete=False time=00:00:20
[GLOBAL] [##--------------------------] done=286/3505 (8.16%) covered=286 layouts=286 running=14/14 remaining=3219 elapsed=00:54:30 rate=5.25 sig/min ETA=10:13:25
[COVERAGE] selected_mass(global)=47.579% covered_mass(global contribution)=6.010%
[LONGEST] id=6930 rank=4522 left=1,4,2,2,2,1,5 elapsed=00:00:18
[RETURN id=06930 rank=04522] left=1,4,2,2,2,1,5 status=TIMEOUT layouts=0/1 complete=False time=00:00:20
[RETURN id=06934 rank=04523] left=1,4,2,2,2,5,1 status=TIMEOUT layouts=0/1 complete=False time=00:00:20
[RETURN id=06948 rank=04525] left=1,4,2,2,5,2,1 status=TIMEOUT layouts=0/1 complete=False time=00:00:20
[RETURN id=06952 rank=04527] left=1,4,2,3,0,4,3 status=TIMEOUT layouts=0/1 complete=False time=00:00:20
[RETURN id=06970 rank=04530] left=1,4,2,3,4,0,3 status=TIMEOUT layouts=0/1 complete=False time=00:00:20
[RETURN id=07010 rank=04535] left=1,4,2,5,1,2,2 status=TIMEOUT layouts=0/1 complete=False time=00:00:20
[RETURN id=07014 rank=04536] left=1,4,2,5,2,1,2 status=TIMEOUT layouts=0/1 complete=False time=00:00:20
[RETURN id=06996 rank=04534] left=1,4,2,4,3,3,0 status=TIMEOUT layouts=0/1 complete=False time=00:00:20
[RETURN id=07040 rank=04543] left=1,4,3,0,4,3,2 status=TIMEOUT layouts=0/1 complete=False time=00:00:20
[RETURN id=07030 rank=04539] left=1,4,3,0,2,4,3 status=TIMEOUT layouts=0/1 complete=False time=00:00:20
[RETURN id=07076 rank=04544] left=1,4,3,2,0,3,4 status=TIMEOUT layouts=0/1 complete=False time=00:00:20
[RETURN id=07090 rank=04546] left=1,4,3,2,3,0,4 status=TIMEOUT layouts=0/1 complete=False time=00:00:20
[RETURN id=07094 rank=04547] left=1,4,3,2,3,4,0 status=TIMEOUT layouts=0/1 complete=False time=00:00:20
[RETURN id=07098 rank=04549] left=1,4,3,2,4,3,0 status=TIMEOUT layouts=0/1 complete=False time=00:00:20
[RETURN id=07236 rank=04567] left=1,4,4,2,3,3,0 status=QUOTA_REACHED layouts=1/1 complete=True time=00:00:10
[RETURN id=07124 rank=04555] left=1,4,3,3,4,2,0 status=QUOTA_REACHED layouts=1/1 complete=True time=00:00:17
[RETURN id=07122 rank=04554] left=1,4,3,3,4,0,2 status=TIMEOUT layouts=0/1 complete=False time=00:00:20
[RETURN id=07130 rank=04557] left=1,4,3,4,0,3,2 status=TIMEOUT layouts=0/1 complete=False time=00:00:20
[RETURN id=07138 rank=04558] left=1,4,3,4,2,0,3 status=TIMEOUT layouts=0/1 complete=False time=00:00:20
[RETURN id=07142 rank=04560] left=1,4,3,4,3,0,2 status=TIMEOUT layouts=0/1 complete=False time=00:00:20
[RETURN id=07172 rank=04562] left=1,4,4,0,2,3,3 status=TIMEOUT layouts=0/1 complete=False time=00:00:20
[RETURN id=07144 rank=04561] left=1,4,3,4,3,2,0 status=TIMEOUT layouts=0/1 complete=False time=00:00:20
[RETURN id=07178 rank=04564] left=1,4,4,0,3,3,2 status=TIMEOUT layouts=0/1 complete=False time=00:00:20
[GLOBAL] [##--------------------------] done=288/3505 (8.22%) covered=288 layouts=288 running=14/14 remaining=3217 elapsed=00:55:00 rate=5.24 sig/min ETA=10:14:21
[COVERAGE] selected_mass(global)=47.579% covered_mass(global contribution)=6.015%
[LONGEST] id=7244 rank=4568 left=1,4,4,3,0,2,3 elapsed=00:00:20
[RETURN id=07244 rank=04568] left=1,4,4,3,0,2,3 status=QUOTA_REACHED layouts=1/1 complete=True time=00:00:20
[RETURN id=07256 rank=04571] left=1,4,4,3,2,3,0 status=TIMEOUT layouts=0/1 complete=False time=00:00:20
[RETURN id=07328 rank=04574] left=1,4,5,1,2,2,2 status=TIMEOUT layouts=0/1 complete=False time=00:00:20
[RETURN id=07348 rank=04575] left=1,4,5,2,1,2,2 status=TIMEOUT layouts=0/1 complete=False time=00:00:20
[RETURN id=07352 rank=04576] left=1,4,5,2,2,1,2 status=TIMEOUT layouts=0/1 complete=False time=00:00:20
[RETURN id=07564 rank=04578] left=1,5,1,1,3,3,3 status=TIMEOUT layouts=0/1 complete=False time=00:00:20
[RETURN id=07586 rank=04579] left=1,5,1,2,2,2,4 status=TIMEOUT layouts=0/1 complete=False time=00:00:20
[RETURN id=07794 rank=04596] left=1,5,2,4,2,1,2 status=QUOTA_REACHED layouts=1/1 complete=True time=00:00:16
[RETURN id=07588 rank=04580] left=1,5,1,2,2,4,2 status=TIMEOUT layouts=0/1 complete=False time=00:00:20
[RETURN id=07598 rank=04581] left=1,5,1,2,4,2,2 status=TIMEOUT layouts=0/1 complete=False time=00:00:20
[RETURN id=07740 rank=04591] left=1,5,2,2,2,1,4 status=TIMEOUT layouts=0/1 complete=False time=00:00:20
[RETURN id=07752 rank=04594] left=1,5,2,2,4,2,1 status=TIMEOUT layouts=0/1 complete=False time=00:00:20
[RETURN id=07790 rank=04595] left=1,5,2,4,1,2,2 status=TIMEOUT layouts=0/1 complete=False time=00:00:20
[RETURN id=08008 rank=04607] left=1,5,4,2,2,2,1 status=QUOTA_REACHED layouts=1/1 complete=True time=00:00:17
[RETURN id=07904 rank=04601] left=1,5,3,3,1,1,3 status=TIMEOUT layouts=0/1 complete=False time=00:00:20
[RETURN id=07906 rank=04602] left=1,5,3,3,1,3,1 status=TIMEOUT layouts=0/1 complete=False time=00:00:20
[RETURN id=08428 rank=04618] left=2,0,3,3,4,1,4 status=QUOTA_REACHED layouts=1/1 complete=True time=00:00:09
[RETURN id=08206 rank=04608] left=2,0,1,3,3,4,4 status=TIMEOUT layouts=0/1 complete=False time=00:00:20
[RETURN id=08210 rank=04610] left=2,0,1,3,4,4,3 status=TIMEOUT layouts=0/1 complete=False time=00:00:20
[RETURN id=08572 rank=04633] left=2,0,4,3,4,1,3 status=QUOTA_REACHED layouts=1/1 complete=True time=00:00:09
[GLOBAL] [##--------------------------] done=293/3505 (8.36%) covered=293 layouts=293 running=14/14 remaining=3212 elapsed=00:55:30 rate=5.28 sig/min ETA=10:08:25
[COVERAGE] selected_mass(global)=47.579% covered_mass(global contribution)=6.029%
[LONGEST] id=8224 rank=4611 left=2,0,1,4,3,3,4 elapsed=00:00:19
[RETURN id=08224 rank=04611] left=2,0,1,4,3,3,4 status=TIMEOUT layouts=0/1 complete=False time=00:00:20
[RETURN id=08384 rank=04615] left=2,0,3,1,4,3,4 status=TIMEOUT layouts=0/1 complete=False time=00:00:20
[RETURN id=08416 rank=04617] left=2,0,3,3,1,4,4 status=TIMEOUT layouts=0/1 complete=False time=00:00:20
[RETURN id=08586 rank=04635] left=2,0,4,4,1,3,3 status=QUOTA_REACHED layouts=1/1 complete=True time=00:00:14
[RETURN id=08442 rank=04620] left=2,0,3,4,1,3,4 status=TIMEOUT layouts=0/1 complete=False time=00:00:20
[RETURN id=08454 rank=04623] left=2,0,3,4,3,4,1 status=TIMEOUT layouts=0/1 complete=False time=00:00:20
[RETURN id=08558 rank=04630] left=2,0,4,3,1,4,3 status=TIMEOUT layouts=0/1 complete=False time=00:00:20
[RETURN id=08514 rank=04626] left=2,0,4,1,3,3,4 status=TIMEOUT layouts=0/1 complete=False time=00:00:20
[RETURN id=08566 rank=04631] left=2,0,4,3,3,1,4 status=TIMEOUT layouts=0/1 complete=False time=00:00:20
[RETURN id=08598 rank=04637] left=2,0,4,4,3,3,1 status=QUOTA_REACHED layouts=1/1 complete=True time=00:00:13
[RETURN id=08574 rank=04634] left=2,0,4,3,4,3,1 status=TIMEOUT layouts=0/1 complete=False time=00:00:20
[RETURN id=08596 rank=04636] left=2,0,4,4,3,1,3 status=TIMEOUT layouts=0/1 complete=False time=00:00:20
[RETURN id=08932 rank=04652] left=2,1,1,4,5,2,2 status=QUOTA_REACHED layouts=1/1 complete=True time=00:00:09
[RETURN id=08804 rank=04639] left=2,1,0,3,4,3,4 status=TIMEOUT layouts=0/1 complete=False time=00:00:20
[RETURN id=08820 rank=04642] left=2,1,0,4,3,4,3 status=TIMEOUT layouts=0/1 complete=False time=00:00:20
[RETURN id=09036 rank=04668] left=2,1,2,4,1,2,5 status=QUOTA_REACHED layouts=1/1 complete=True time=00:00:10
[RETURN id=08824 rank=04643] left=2,1,0,4,4,3,3 status=TIMEOUT layouts=0/1 complete=False time=00:00:20
[RETURN id=08876 rank=04645] left=2,1,1,2,2,5,4 status=TIMEOUT layouts=0/1 complete=False time=00:00:20
[RETURN id=08880 rank=04646] left=2,1,1,2,4,2,5 status=TIMEOUT layouts=0/1 complete=False time=00:00:20
[RETURN id=08918 rank=04651] left=2,1,1,4,2,5,2 status=QUOTA_REACHED layouts=1/1 complete=True time=00:00:19
[RETURN id=08974 rank=04657] left=2,1,2,1,2,5,4 status=TIMEOUT layouts=0/1 complete=False time=00:00:20
[RETURN id=08978 rank=04658] left=2,1,2,1,4,2,5 status=TIMEOUT layouts=0/1 complete=False time=00:00:20
[GLOBAL] [##--------------------------] done=298/3505 (8.50%) covered=298 layouts=298 running=14/14 remaining=3207 elapsed=00:56:00 rate=5.32 sig/min ETA=10:02:39
[COVERAGE] selected_mass(global)=47.579% covered_mass(global contribution)=6.043%
[LONGEST] id=8988 rank=4662 left=2,1,2,2,1,4,5 elapsed=00:00:21
[RETURN id=08988 rank=04662] left=2,1,2,2,1,4,5 status=TIMEOUT layouts=0/1 complete=False time=00:00:20
[RETURN id=09006 rank=04667] left=2,1,2,2,5,4,1 status=TIMEOUT layouts=0/1 complete=False time=00:00:20
[RETURN id=09040 rank=04670] left=2,1,2,4,2,1,5 status=TIMEOUT layouts=0/1 complete=False time=00:00:20
[RETURN id=09058 rank=04673] left=2,1,2,4,5,2,1 status=TIMEOUT layouts=0/1 complete=False time=00:00:20
[RETURN id=09044 rank=04671] left=2,1,2,4,2,5,1 status=TIMEOUT layouts=0/1 complete=False time=00:00:20
[RETURN id=09070 rank=04676] left=2,1,2,5,2,1,4 status=TIMEOUT layouts=0/1 complete=False time=00:00:20
[RETURN id=09082 rank=04679] left=2,1,2,5,4,2,1 status=TIMEOUT layouts=0/1 complete=False time=00:00:20
[RETURN id=09234 rank=04692] left=2,1,4,0,3,3,4 status=QUOTA_REACHED layouts=1/1 complete=True time=00:00:11
[RETURN id=09176 rank=04686] left=2,1,3,4,0,3,4 status=QUOTA_REACHED layouts=1/1 complete=True time=00:00:16
[RETURN id=09094 rank=04681] left=2,1,3,0,4,3,4 status=TIMEOUT layouts=0/1 complete=False time=00:00:20
[RETURN id=09166 rank=04684] left=2,1,3,3,4,0,4 status=TIMEOUT layouts=0/1 complete=False time=00:00:20
[RETURN id=09170 rank=04685] left=2,1,3,3,4,4,0 status=TIMEOUT layouts=0/1 complete=False time=00:00:20
[RETURN id=09190 rank=04688] left=2,1,3,4,3,0,4 status=TIMEOUT layouts=0/1 complete=False time=00:00:20
[RETURN id=09194 rank=04689] left=2,1,3,4,3,4,0 status=TIMEOUT layouts=0/1 complete=False time=00:00:20
[RETURN id=09198 rank=04691] left=2,1,3,4,4,3,0 status=TIMEOUT layouts=0/1 complete=False time=00:00:20
[RETURN id=09256 rank=04696] left=2,1,4,1,2,5,2 status=TIMEOUT layouts=0/1 complete=False time=00:00:20
[RETURN id=09270 rank=04697] left=2,1,4,1,5,2,2 status=TIMEOUT layouts=0/1 complete=False time=00:00:20
[RETURN id=09276 rank=04698] left=2,1,4,2,1,2,5 status=TIMEOUT layouts=0/1 complete=False time=00:00:20
[RETURN id=09280 rank=04700] left=2,1,4,2,2,1,5 status=TIMEOUT layouts=0/1 complete=False time=00:00:20
[RETURN id=09298 rank=04703] left=2,1,4,2,5,2,1 status=QUOTA_REACHED layouts=1/1 complete=True time=00:00:16
[GLOBAL] [##--------------------------] done=301/3505 (8.59%) covered=301 layouts=301 running=14/14 remaining=3204 elapsed=00:56:30 rate=5.33 sig/min ETA=10:01:25
[COVERAGE] selected_mass(global)=47.579% covered_mass(global contribution)=6.051%
[LONGEST] id=9284 rank=4701 left=2,1,4,2,2,5,1 elapsed=00:00:20
[RETURN id=09284 rank=04701] left=2,1,4,2,2,5,1 status=TIMEOUT layouts=0/1 complete=False time=00:00:20
[RETURN id=09302 rank=04705] left=2,1,4,3,0,4,3 status=TIMEOUT layouts=0/1 complete=False time=00:00:20
[RETURN id=09320 rank=04708] left=2,1,4,3,4,0,3 status=TIMEOUT layouts=0/1 complete=False time=00:00:20
[RETURN id=09346 rank=04712] left=2,1,4,4,3,3,0 status=TIMEOUT layouts=0/1 complete=False time=00:00:20
[RETURN id=09360 rank=04713] left=2,1,4,5,1,2,2 status=TIMEOUT layouts=0/1 complete=False time=00:00:20
[RETURN id=09364 rank=04714] left=2,1,4,5,2,1,2 status=TIMEOUT layouts=0/1 complete=False time=00:00:20
[RETURN id=09490 rank=04727] left=2,1,5,4,2,2,1 status=QUOTA_REACHED layouts=1/1 complete=True time=00:00:09
[RETURN id=09406 rank=04716] left=2,1,5,1,2,2,4 status=TIMEOUT layouts=0/1 complete=False time=00:00:20
[RETURN id=09418 rank=04718] left=2,1,5,1,4,2,2 status=TIMEOUT layouts=0/1 complete=False time=00:00:20
[RETURN id=09408 rank=04717] left=2,1,5,1,2,4,2 status=TIMEOUT layouts=0/1 complete=False time=00:00:20
[RETURN id=09430 rank=04719] left=2,1,5,2,1,2,4 status=TIMEOUT layouts=0/1 complete=False time=00:00:20
[RETURN id=09628 rank=04728] left=2,2,1,1,2,4,5 status=QUOTA_REACHED layouts=1/1 complete=True time=00:00:10
[RETURN id=09432 rank=04720] left=2,1,5,2,1,4,2 status=TIMEOUT layouts=0/1 complete=False time=00:00:20
[RETURN id=09438 rank=04722] left=2,1,5,2,2,4,1 status=TIMEOUT layouts=0/1 complete=False time=00:00:20
[RETURN id=09446 rank=04723] left=2,1,5,2,4,1,2 status=TIMEOUT layouts=0/1 complete=False time=00:00:20
[RETURN id=09636 rank=04731] left=2,2,1,1,4,5,2 status=TIMEOUT layouts=0/1 complete=False time=00:00:20
[RETURN id=09638 rank=04732] left=2,2,1,1,5,2,4 status=TIMEOUT layouts=0/1 complete=False time=00:00:20
[RETURN id=09640 rank=04733] left=2,2,1,1,5,4,2 status=TIMEOUT layouts=0/1 complete=False time=00:00:20
[RETURN id=09644 rank=04735] left=2,2,1,2,1,5,4 status=TIMEOUT layouts=0/1 complete=False time=00:00:20
[RETURN id=09652 rank=04736] left=2,2,1,2,4,1,5 status=TIMEOUT layouts=0/1 complete=False time=00:00:20
[RETURN id=09656 rank=04737] left=2,2,1,2,4,5,1 status=TIMEOUT layouts=0/1 complete=False time=00:00:20
[RETURN id=09658 rank=04738] left=2,2,1,2,5,1,4 status=TIMEOUT layouts=0/1 complete=False time=00:00:20
[RETURN id=09758 rank=04752] left=2,2,2,1,1,4,5 status=QUOTA_REACHED layouts=1/1 complete=True time=00:00:10
[GLOBAL] [##--------------------------] done=304/3505 (8.67%) covered=304 layouts=304 running=14/14 remaining=3201 elapsed=00:57:00 rate=5.33 sig/min ETA=10:00:11
[COVERAGE] selected_mass(global)=47.579% covered_mass(global contribution)=6.059%
[LONGEST] id=9694 rank=4741 left=2,2,1,4,1,5,2 elapsed=00:00:18
[RETURN id=09694 rank=04741] left=2,2,1,4,1,5,2 status=TIMEOUT layouts=0/1 complete=False time=00:00:20
[RETURN id=09712 rank=04744] left=2,2,1,4,5,1,2 status=TIMEOUT layouts=0/1 complete=False time=00:00:20
[RETURN id=09720 rank=04746] left=2,2,1,5,1,2,4 status=TIMEOUT layouts=0/1 complete=False time=00:00:20
[RETURN id=09722 rank=04747] left=2,2,1,5,1,4,2 status=TIMEOUT layouts=0/1 complete=False time=00:00:20
[RETURN id=09728 rank=04749] left=2,2,1,5,2,4,1 status=TIMEOUT layouts=0/1 complete=False time=00:00:20
[RETURN id=09736 rank=04750] left=2,2,1,5,4,1,2 status=TIMEOUT layouts=0/1 complete=False time=00:00:20
[RETURN id=09834 rank=04758] left=2,2,2,4,1,1,5 status=TIMEOUT layouts=0/1 complete=False time=00:00:20
[RETURN id=09776 rank=04757] left=2,2,2,1,5,4,1 status=TIMEOUT layouts=0/1 complete=False time=00:00:20
[RETURN id=09838 rank=04759] left=2,2,2,4,1,5,1 status=TIMEOUT layouts=0/1 complete=False time=00:00:20
[RETURN id=09866 rank=04762] left=2,2,2,5,1,4,1 status=TIMEOUT layouts=0/1 complete=False time=00:00:20
[RETURN id=09878 rank=04763] left=2,2,2,5,4,1,1 status=TIMEOUT layouts=0/1 complete=False time=00:00:20
[RETURN id=10056 rank=04764] left=2,2,4,1,1,2,5 status=TIMEOUT layouts=0/1 complete=False time=00:00:20
[RETURN id=10060 rank=04766] left=2,2,4,1,2,1,5 status=TIMEOUT layouts=0/1 complete=False time=00:00:20
[RETURN id=10064 rank=04767] left=2,2,4,1,2,5,1 status=TIMEOUT layouts=0/1 complete=False time=00:00:20
[RETURN id=10078 rank=04769] left=2,2,4,1,5,2,1 status=TIMEOUT layouts=0/1 complete=False time=00:00:20
[RETURN id=10084 rank=04770] left=2,2,4,2,1,1,5 status=TIMEOUT layouts=0/1 complete=False time=00:00:20
[RETURN id=10088 rank=04771] left=2,2,4,2,1,5,1 status=TIMEOUT layouts=0/1 complete=False time=00:00:20
[RETURN id=10160 rank=04774] left=2,2,4,5,1,2,1 status=TIMEOUT layouts=0/1 complete=False time=00:00:20
[RETURN id=10200 rank=04776] left=2,2,5,1,1,2,4 status=TIMEOUT layouts=0/1 complete=False time=00:00:20
[GLOBAL] [##--------------------------] done=304/3505 (8.67%) covered=304 layouts=304 running=14/14 remaining=3201 elapsed=00:57:30 rate=5.29 sig/min ETA=10:05:27
[COVERAGE] selected_mass(global)=47.579% covered_mass(global contribution)=6.059%
[LONGEST] id=10202 rank=4777 left=2,2,5,1,1,4,2 elapsed=00:00:20
[RETURN id=10202 rank=04777] left=2,2,5,1,1,4,2 status=TIMEOUT layouts=0/1 complete=False time=00:00:20
[RETURN id=10228 rank=04782] left=2,2,5,2,1,1,4 status=TIMEOUT layouts=0/1 complete=False time=00:00:20
[RETURN id=10208 rank=04779] left=2,2,5,1,2,4,1 status=TIMEOUT layouts=0/1 complete=False time=00:00:20
[RETURN id=10216 rank=04780] left=2,2,5,1,4,1,2 status=TIMEOUT layouts=0/1 complete=False time=00:00:20
[RETURN id=10274 rank=04785] left=2,2,5,4,1,1,2 status=TIMEOUT layouts=0/1 complete=False time=00:00:20
[RETURN id=10278 rank=04787] left=2,2,5,4,2,1,1 status=TIMEOUT layouts=0/1 complete=False time=00:00:20
[RETURN id=10310 rank=04789] left=2,3,0,1,4,3,4 status=TIMEOUT layouts=0/1 complete=False time=00:00:20
[RETURN id=10342 rank=04791] left=2,3,0,3,1,4,4 status=TIMEOUT layouts=0/1 complete=False time=00:00:20
[RETURN id=10354 rank=04792] left=2,3,0,3,4,1,4 status=TIMEOUT layouts=0/1 complete=False time=00:00:20
[RETURN id=10368 rank=04794] left=2,3,0,4,1,3,4 status=TIMEOUT layouts=0/1 complete=False time=00:00:20
[RETURN id=10380 rank=04797] left=2,3,0,4,3,4,1 status=TIMEOUT layouts=0/1 complete=False time=00:00:20
[RETURN id=10422 rank=04800] left=2,3,1,0,3,4,4 status=TIMEOUT layouts=0/1 complete=False time=00:00:20
[RETURN id=10426 rank=04802] left=2,3,1,0,4,4,3 status=TIMEOUT layouts=0/1 complete=False time=00:00:20
[RETURN id=10480 rank=04803] left=2,3,1,3,0,4,4 status=TIMEOUT layouts=0/1 complete=False time=00:00:20
[RETURN id=10508 rank=04807] left=2,3,1,4,0,4,3 status=TIMEOUT layouts=0/1 complete=False time=00:00:20
[RETURN id=10812 rank=04819] left=2,3,3,4,0,4,1 status=QUOTA_REACHED layouts=1/1 complete=True time=00:00:18
[RETURN id=10526 rank=04810] left=2,3,1,4,4,0,3 status=TIMEOUT layouts=0/1 complete=False time=00:00:20
[RETURN id=10722 rank=04814] left=2,3,3,0,4,4,1 status=TIMEOUT layouts=0/1 complete=False time=00:00:20
[RETURN id=10730 rank=04815] left=2,3,3,1,0,4,4 status=TIMEOUT layouts=0/1 complete=False time=00:00:20
[RETURN id=10924 rank=04836] left=2,3,4,3,0,1,4 status=QUOTA_REACHED layouts=1/1 complete=True time=00:00:07
[GLOBAL] [##--------------------------] done=306/3505 (8.73%) covered=306 layouts=306 running=14/14 remaining=3199 elapsed=00:58:00 rate=5.28 sig/min ETA=10:06:21
[COVERAGE] selected_mass(global)=47.579% covered_mass(global contribution)=6.065%
[LONGEST] id=10814 rank=4820 left=2,3,3,4,1,0,4 elapsed=00:00:21
[RETURN id=10814 rank=04820] left=2,3,3,4,1,0,4 status=TIMEOUT layouts=0/1 complete=False time=00:00:20
[RETURN id=10872 rank=04830] left=2,3,4,1,0,3,4 status=QUOTA_REACHED layouts=1/1 complete=True time=00:00:15
[RETURN id=10818 rank=04821] left=2,3,3,4,1,4,0 status=TIMEOUT layouts=0/1 complete=False time=00:00:20
[RETURN id=10826 rank=04822] left=2,3,3,4,4,0,1 status=TIMEOUT layouts=0/1 complete=False time=00:00:20
[RETURN id=10848 rank=04824] left=2,3,4,0,1,3,4 status=TIMEOUT layouts=0/1 complete=False time=00:00:20
[RETURN id=10860 rank=04827] left=2,3,4,0,3,4,1 status=TIMEOUT layouts=0/1 complete=False time=00:00:20
[RETURN id=10886 rank=04832] left=2,3,4,1,3,0,4 status=TIMEOUT layouts=0/1 complete=False time=00:00:20
[RETURN id=10890 rank=04833] left=2,3,4,1,3,4,0 status=TIMEOUT layouts=0/1 complete=False time=00:00:20
[RETURN id=10894 rank=04835] left=2,3,4,1,4,3,0 status=TIMEOUT layouts=0/1 complete=False time=00:00:20
[RETURN id=10942 rank=04841] left=2,3,4,3,4,1,0 status=TIMEOUT layouts=0/1 complete=False time=00:00:20
[RETURN id=10952 rank=04845] left=2,3,4,4,1,3,0 status=TIMEOUT layouts=0/1 complete=False time=00:00:20
[RETURN id=10956 rank=04846] left=2,3,4,4,3,0,1 status=TIMEOUT layouts=0/1 complete=False time=00:00:20
[RETURN id=11096 rank=04849] left=2,4,0,1,3,4,3 status=TIMEOUT layouts=0/1 complete=False time=00:00:20
[RETURN id=11100 rank=04850] left=2,4,0,1,4,3,3 status=TIMEOUT layouts=0/1 complete=False time=00:00:20
[RETURN id=11138 rank=04851] left=2,4,0,3,1,3,4 status=TIMEOUT layouts=0/1 complete=False time=00:00:20
[RETURN id=11150 rank=04854] left=2,4,0,3,3,4,1 status=TIMEOUT layouts=0/1 complete=False time=00:00:20
[RETURN id=11220 rank=04860] left=2,4,1,0,3,3,4 status=TIMEOUT layouts=0/1 complete=False time=00:00:20
[RETURN id=11242 rank=04864] left=2,4,1,1,2,5,2 status=TIMEOUT layouts=0/1 complete=False time=00:00:20
[RETURN id=11256 rank=04865] left=2,4,1,1,5,2,2 status=TIMEOUT layouts=0/1 complete=False time=00:00:20
[RETURN id=11262 rank=04866] left=2,4,1,2,1,2,5 status=TIMEOUT layouts=0/1 complete=False time=00:00:20
[RETURN id=11266 rank=04868] left=2,4,1,2,2,1,5 status=TIMEOUT layouts=0/1 complete=False time=00:00:20
[RETURN id=11270 rank=04869] left=2,4,1,2,2,5,1 status=TIMEOUT layouts=0/1 complete=False time=00:00:20
[RETURN id=11284 rank=04871] left=2,4,1,2,5,2,1 status=TIMEOUT layouts=0/1 complete=False time=00:00:20
[GLOBAL] [##--------------------------] done=307/3505 (8.76%) covered=307 layouts=307 running=14/14 remaining=3198 elapsed=00:58:30 rate=5.25 sig/min ETA=10:09:23
[COVERAGE] selected_mass(global)=47.579% covered_mass(global contribution)=6.067%
[LONGEST] id=11288 rank=4873 left=2,4,1,3,0,4,3 elapsed=00:00:12
[RETURN id=11288 rank=04873] left=2,4,1,3,0,4,3 status=TIMEOUT layouts=0/1 complete=False time=00:00:20
[RETURN id=11306 rank=04876] left=2,4,1,3,4,0,3 status=TIMEOUT layouts=0/1 complete=False time=00:00:20
[RETURN id=11332 rank=04880] left=2,4,1,4,3,3,0 status=TIMEOUT layouts=0/1 complete=False time=00:00:20
[RETURN id=11346 rank=04881] left=2,4,1,5,1,2,2 status=TIMEOUT layouts=0/1 complete=False time=00:00:20
[RETURN id=11520 rank=04901] left=2,4,3,0,4,3,1 status=QUOTA_REACHED layouts=1/1 complete=True time=00:00:10
[RETURN id=11408 rank=04888] left=2,4,2,1,5,1,2 status=TIMEOUT layouts=0/1 complete=False time=00:00:20
[RETURN id=11350 rank=04882] left=2,4,1,5,2,1,2 status=TIMEOUT layouts=0/1 complete=False time=00:00:20
[RETURN id=11390 rank=04885] left=2,4,2,1,1,5,2 status=TIMEOUT layouts=0/1 complete=False time=00:00:20
[RETURN id=11436 rank=04892] left=2,4,2,2,5,1,1 status=TIMEOUT layouts=0/1 complete=False time=00:00:20
[RETURN id=11490 rank=04893] left=2,4,2,5,1,1,2 status=TIMEOUT layouts=0/1 complete=False time=00:00:20
[RETURN id=11494 rank=04895] left=2,4,2,5,2,1,1 status=TIMEOUT layouts=0/1 complete=False time=00:00:20
[RETURN id=11504 rank=04897] left=2,4,3,0,1,4,3 status=TIMEOUT layouts=0/1 complete=False time=00:00:20
[RETURN id=11512 rank=04898] left=2,4,3,0,3,1,4 status=TIMEOUT layouts=0/1 complete=False time=00:00:20
[RETURN id=11518 rank=04900] left=2,4,3,0,4,1,3 status=TIMEOUT layouts=0/1 complete=False time=00:00:20
[RETURN id=11596 rank=04912] left=2,4,3,3,4,0,1 status=QUOTA_REACHED layouts=1/1 complete=True time=00:00:14
[RETURN id=11588 rank=04911] left=2,4,3,3,1,4,0 status=QUOTA_REACHED layouts=1/1 complete=True time=00:00:16
[RETURN id=11600 rank=04914] left=2,4,3,4,0,1,3 status=QUOTA_REACHED layouts=1/1 complete=True time=00:00:16
[RETURN id=11528 rank=04903] left=2,4,3,1,0,4,3 status=TIMEOUT layouts=0/1 complete=False time=00:00:20
[GLOBAL] [##--------------------------] done=311/3505 (8.87%) covered=311 layouts=311 running=14/14 remaining=3194 elapsed=00:59:00 rate=5.27 sig/min ETA=10:05:56
[COVERAGE] selected_mass(global)=47.579% covered_mass(global contribution)=6.078%
[LONGEST] id=11546 rank=4906 left=2,4,3,1,4,0,3 elapsed=00:00:20
[RETURN id=11546 rank=04906] left=2,4,3,1,4,0,3 status=TIMEOUT layouts=0/1 complete=False time=00:00:20
[RETURN id=11582 rank=04909] left=2,4,3,3,0,4,1 status=TIMEOUT layouts=0/1 complete=False time=00:00:20
[RETURN id=11584 rank=04910] left=2,4,3,3,1,0,4 status=TIMEOUT layouts=0/1 complete=False time=00:00:20
[RETURN id=11602 rank=04915] left=2,4,3,4,0,3,1 status=TIMEOUT layouts=0/1 complete=False time=00:00:20
[RETURN id=11604 rank=04916] left=2,4,3,4,1,0,3 status=TIMEOUT layouts=0/1 complete=False time=00:00:20
[RETURN id=11612 rank=04919] left=2,4,3,4,3,1,0 status=TIMEOUT layouts=0/1 complete=False time=00:00:20
[RETURN id=11630 rank=04920] left=2,4,4,0,1,3,3 status=TIMEOUT layouts=0/1 complete=False time=00:00:20
[RETURN id=11640 rank=04921] left=2,4,4,0,3,1,3 status=TIMEOUT layouts=0/1 complete=False time=00:00:20
[RETURN id=11642 rank=04922] left=2,4,4,0,3,3,1 status=TIMEOUT layouts=0/1 complete=False time=00:00:20
[RETURN id=11670 rank=04925] left=2,4,4,1,3,3,0 status=TIMEOUT layouts=0/1 complete=False time=00:00:20
[RETURN id=11698 rank=04926] left=2,4,4,3,0,1,3 status=TIMEOUT layouts=0/1 complete=False time=00:00:20
[RETURN id=11700 rank=04927] left=2,4,4,3,0,3,1 status=TIMEOUT layouts=0/1 complete=False time=00:00:20
[RETURN id=11710 rank=04931] left=2,4,4,3,3,1,0 status=TIMEOUT layouts=0/1 complete=False time=00:00:20
[RETURN id=11702 rank=04928] left=2,4,4,3,1,0,3 status=TIMEOUT layouts=0/1 complete=False time=00:00:20
[RETURN id=11766 rank=04934] left=2,4,5,1,2,2,1 status=TIMEOUT layouts=0/1 complete=False time=00:00:20
[RETURN id=11780 rank=04935] left=2,4,5,2,1,1,2 status=TIMEOUT layouts=0/1 complete=False time=00:00:20
[RETURN id=11784 rank=04937] left=2,4,5,2,2,1,1 status=TIMEOUT layouts=0/1 complete=False time=00:00:20
[RETURN id=12016 rank=04943] left=2,5,1,2,2,1,4 status=TIMEOUT layouts=0/1 complete=False time=00:00:20
[RETURN id=12028 rank=04946] left=2,5,1,2,4,2,1 status=TIMEOUT layouts=0/1 complete=False time=00:00:20
[RETURN id=12070 rank=04948] left=2,5,1,4,2,1,2 status=TIMEOUT layouts=0/1 complete=False time=00:00:20
[RETURN id=12066 rank=04947] left=2,5,1,4,1,2,2 status=TIMEOUT layouts=0/1 complete=False time=00:00:20
[RETURN id=12128 rank=04951] left=2,5,2,1,1,4,2 status=TIMEOUT layouts=0/1 complete=False time=00:00:20
[RETURN id=12126 rank=04950] left=2,5,2,1,1,2,4 status=TIMEOUT layouts=0/1 complete=False time=00:00:20
[RETURN id=12134 rank=04953] left=2,5,2,1,2,4,1 status=TIMEOUT layouts=0/1 complete=False time=00:00:20
[GLOBAL] [##--------------------------] done=311/3505 (8.87%) covered=311 layouts=311 running=14/14 remaining=3194 elapsed=00:59:30 rate=5.23 sig/min ETA=10:11:04
[COVERAGE] selected_mass(global)=47.579% covered_mass(global contribution)=6.078%
[LONGEST] id=12142 rank=4954 left=2,5,2,1,4,1,2 elapsed=00:00:12
[RETURN id=12376 rank=04966] left=2,5,4,2,1,2,1 status=QUOTA_REACHED layouts=1/1 complete=True time=00:00:13
[RETURN id=12142 rank=04954] left=2,5,2,1,4,1,2 status=TIMEOUT layouts=0/1 complete=False time=00:00:20
[RETURN id=12154 rank=04956] left=2,5,2,2,1,1,4 status=TIMEOUT layouts=0/1 complete=False time=00:00:20
[RETURN id=12204 rank=04961] left=2,5,2,4,2,1,1 status=TIMEOUT layouts=0/1 complete=False time=00:00:20
[RETURN id=12200 rank=04959] left=2,5,2,4,1,1,2 status=TIMEOUT layouts=0/1 complete=False time=00:00:20
[RETURN id=12356 rank=04962] left=2,5,4,1,1,2,2 status=TIMEOUT layouts=0/1 complete=False time=00:00:20
[RETURN id=12360 rank=04963] left=2,5,4,1,2,1,2 status=TIMEOUT layouts=0/1 complete=False time=00:00:20
[RETURN id=12562 rank=04969] left=3,0,1,2,4,3,4 status=TIMEOUT layouts=0/1 complete=False time=00:00:20
[RETURN id=12574 rank=04971] left=3,0,1,3,2,4,4 status=TIMEOUT layouts=0/1 complete=False time=00:00:20
[RETURN id=12598 rank=04975] left=3,0,1,4,2,4,3 status=TIMEOUT layouts=0/1 complete=False time=00:00:20
[RETURN id=12660 rank=04981] left=3,0,2,1,4,3,4 status=QUOTA_REACHED layouts=1/1 complete=True time=00:00:18
[RETURN id=12608 rank=04979] left=3,0,1,4,4,3,2 status=TIMEOUT layouts=0/1 complete=False time=00:00:20
[RETURN id=12692 rank=04983] left=3,0,2,3,1,4,4 status=TIMEOUT layouts=0/1 complete=False time=00:00:20
[RETURN id=12704 rank=04984] left=3,0,2,3,4,1,4 status=TIMEOUT layouts=0/1 complete=False time=00:00:20
[RETURN id=12718 rank=04986] left=3,0,2,4,1,3,4 status=TIMEOUT layouts=0/1 complete=False time=00:00:20
[RETURN id=12970 rank=05013] left=3,0,4,2,3,4,1 status=QUOTA_REACHED layouts=1/1 complete=True time=00:00:12
[RETURN id=12946 rank=05009] left=3,0,4,1,4,3,2 status=QUOTA_REACHED layouts=1/1 complete=True time=00:00:13
[RETURN id=12730 rank=04989] left=3,0,2,4,3,4,1 status=TIMEOUT layouts=0/1 complete=False time=00:00:20
[GLOBAL] [##--------------------------] done=315/3505 (8.99%) covered=315 layouts=315 running=14/14 remaining=3190 elapsed=01:00:00 rate=5.25 sig/min ETA=10:07:37
[COVERAGE] selected_mass(global)=47.579% covered_mass(global contribution)=6.089%
[LONGEST] id=12794 rank=4993 left=3,0,3,1,4,2,4 elapsed=00:00:20
[RETURN id=12794 rank=04993] left=3,0,3,1,4,2,4 status=TIMEOUT layouts=0/1 complete=False time=00:00:20
[RETURN id=12796 rank=04994] left=3,0,3,1,4,4,2 status=TIMEOUT layouts=0/1 complete=False time=00:00:20
[RETURN id=12822 rank=04997] left=3,0,3,2,4,4,1 status=TIMEOUT layouts=0/1 complete=False time=00:00:20
[RETURN id=12994 rank=05019] left=3,0,4,3,2,4,1 status=QUOTA_REACHED layouts=1/1 complete=True time=00:00:11
[RETURN id=12866 rank=05000] left=3,0,3,4,2,1,4 status=TIMEOUT layouts=0/1 complete=False time=00:00:20
[RETURN id=12878 rank=05003] left=3,0,3,4,4,2,1 status=TIMEOUT layouts=0/1 complete=False time=00:00:20
[RETURN id=12986 rank=05016] left=3,0,4,3,1,2,4 status=QUOTA_REACHED layouts=1/1 complete=True time=00:00:18
[RETURN id=12936 rank=05005] left=3,0,4,1,2,4,3 status=TIMEOUT layouts=0/1 complete=False time=00:00:20
[RETURN id=12958 rank=05010] left=3,0,4,2,1,3,4 status=TIMEOUT layouts=0/1 complete=False time=00:00:20
[RETURN id=12988 rank=05017] left=3,0,4,3,1,4,2 status=TIMEOUT layouts=0/1 complete=False time=00:00:20
[RETURN id=13214 rank=05028] left=3,1,0,2,3,4,4 status=QUOTA_REACHED layouts=1/1 complete=True time=00:00:12
[RETURN id=13016 rank=05023] left=3,0,4,4,1,3,2 status=QUOTA_REACHED layouts=1/1 complete=True time=00:00:17
[RETURN id=13002 rank=05020] left=3,0,4,3,4,1,2 status=TIMEOUT layouts=0/1 complete=False time=00:00:20
[RETURN id=13020 rank=05024] left=3,0,4,4,2,1,3 status=TIMEOUT layouts=0/1 complete=False time=00:00:20
[RETURN id=13022 rank=05025] left=3,0,4,4,2,3,1 status=TIMEOUT layouts=0/1 complete=False time=00:00:20
[RETURN id=13026 rank=05027] left=3,0,4,4,3,2,1 status=TIMEOUT layouts=0/1 complete=False time=00:00:20
[RETURN id=13236 rank=05032] left=3,1,0,3,4,2,4 status=TIMEOUT layouts=0/1 complete=False time=00:00:20
[RETURN id=13218 rank=05030] left=3,1,0,2,4,4,3 status=TIMEOUT layouts=0/1 complete=False time=00:00:20
[RETURN id=13238 rank=05033] left=3,1,0,3,4,4,2 status=TIMEOUT layouts=0/1 complete=False time=00:00:20
[RETURN id=13252 rank=05034] left=3,1,0,4,2,3,4 status=TIMEOUT layouts=0/1 complete=False time=00:00:20
[RETURN id=13256 rank=05036] left=3,1,0,4,3,2,4 status=TIMEOUT layouts=0/1 complete=False time=00:00:20
[RETURN id=13258 rank=05037] left=3,1,0,4,3,4,2 status=TIMEOUT layouts=0/1 complete=False time=00:00:20
[RETURN id=13262 rank=05038] left=3,1,0,4,4,2,3 status=TIMEOUT layouts=0/1 complete=False time=00:00:20
[RETURN id=13346 rank=05043] left=3,1,1,3,1,3,5 status=QUOTA_REACHED layouts=1/1 complete=True time=00:00:14
[GLOBAL] [##--------------------------] done=320/3505 (9.13%) covered=320 layouts=320 running=14/14 remaining=3185 elapsed=01:00:30 rate=5.29 sig/min ETA=10:02:10
[COVERAGE] selected_mass(global)=47.579% covered_mass(global contribution)=6.103%
[LONGEST] id=13320 rank=5042 left=3,1,1,1,5,3,3 elapsed=00:00:19
[RETURN id=13320 rank=05042] left=3,1,1,1,5,3,3 status=TIMEOUT layouts=0/1 complete=False time=00:00:20
[RETURN id=13348 rank=05044] left=3,1,1,3,1,5,3 status=TIMEOUT layouts=0/1 complete=False time=00:00:20
[RETURN id=13402 rank=05049] left=3,1,1,5,1,3,3 status=TIMEOUT layouts=0/1 complete=False time=00:00:20
[RETURN id=13412 rank=05050] left=3,1,1,5,3,1,3 status=TIMEOUT layouts=0/1 complete=False time=00:00:20
[RETURN id=13414 rank=05051] left=3,1,1,5,3,3,1 status=TIMEOUT layouts=0/1 complete=False time=00:00:20
[RETURN id=13430 rank=05053] left=3,1,2,0,4,3,4 status=TIMEOUT layouts=0/1 complete=False time=00:00:20
[RETURN id=13502 rank=05056] left=3,1,2,3,4,0,4 status=TIMEOUT layouts=0/1 complete=False time=00:00:20
[RETURN id=13506 rank=05057] left=3,1,2,3,4,4,0 status=TIMEOUT layouts=0/1 complete=False time=00:00:20
[RETURN id=13512 rank=05058] left=3,1,2,4,0,3,4 status=TIMEOUT layouts=0/1 complete=False time=00:00:20
[RETURN id=13526 rank=05060] left=3,1,2,4,3,0,4 status=TIMEOUT layouts=0/1 complete=False time=00:00:20
[RETURN id=13530 rank=05061] left=3,1,2,4,3,4,0 status=TIMEOUT layouts=0/1 complete=False time=00:00:20
[RETURN id=13534 rank=05063] left=3,1,2,4,4,3,0 status=TIMEOUT layouts=0/1 complete=False time=00:00:20
[RETURN id=13574 rank=05065] left=3,1,3,0,4,2,4 status=TIMEOUT layouts=0/1 complete=False time=00:00:20
[RETURN id=13576 rank=05066] left=3,1,3,0,4,4,2 status=TIMEOUT layouts=0/1 complete=False time=00:00:20
[RETURN id=13586 rank=05067] left=3,1,3,1,1,3,5 status=TIMEOUT layouts=0/1 complete=False time=00:00:20
[RETURN id=13588 rank=05068] left=3,1,3,1,1,5,3 status=TIMEOUT layouts=0/1 complete=False time=00:00:20
[RETURN id=13716 rank=05089] left=3,1,4,0,2,4,3 status=QUOTA_REACHED layouts=1/1 complete=True time=00:00:10
[RETURN id=13776 rank=05096] left=3,1,4,2,3,0,4 status=QUOTA_REACHED layouts=1/1 complete=True time=00:00:08
[RETURN id=13610 rank=05073] left=3,1,3,2,0,4,4 status=TIMEOUT layouts=0/1 complete=False time=00:00:20
[GLOBAL] [##--------------------------] done=322/3505 (9.19%) covered=322 layouts=322 running=14/14 remaining=3183 elapsed=01:01:00 rate=5.28 sig/min ETA=10:02:59
[COVERAGE] selected_mass(global)=47.579% covered_mass(global contribution)=6.109%
[LONGEST] id=13640 rank=5076 left=3,1,3,3,1,1,5 elapsed=00:00:19
[RETURN id=13640 rank=05076] left=3,1,3,3,1,1,5 status=TIMEOUT layouts=0/1 complete=False time=00:00:20
[RETURN id=13644 rank=05077] left=3,1,3,3,1,5,1 status=TIMEOUT layouts=0/1 complete=False time=00:00:20
[RETURN id=13664 rank=05079] left=3,1,3,4,0,2,4 status=TIMEOUT layouts=0/1 complete=False time=00:00:20
[RETURN id=13666 rank=05080] left=3,1,3,4,0,4,2 status=TIMEOUT layouts=0/1 complete=False time=00:00:20
[RETURN id=13674 rank=05081] left=3,1,3,4,2,0,4 status=TIMEOUT layouts=0/1 complete=False time=00:00:20
[RETURN id=13678 rank=05082] left=3,1,3,4,2,4,0 status=TIMEOUT layouts=0/1 complete=False time=00:00:20
[RETURN id=13704 rank=05087] left=3,1,3,5,3,1,1 status=TIMEOUT layouts=0/1 complete=False time=00:00:20
[RETURN id=13726 rank=05093] left=3,1,4,0,4,3,2 status=TIMEOUT layouts=0/1 complete=False time=00:00:20
[RETURN id=13762 rank=05094] left=3,1,4,2,0,3,4 status=TIMEOUT layouts=0/1 complete=False time=00:00:20
[RETURN id=13780 rank=05097] left=3,1,4,2,3,4,0 status=TIMEOUT layouts=0/1 complete=False time=00:00:20
[RETURN id=13784 rank=05099] left=3,1,4,2,4,3,0 status=TIMEOUT layouts=0/1 complete=False time=00:00:20
[RETURN id=13808 rank=05104] left=3,1,4,3,4,0,2 status=TIMEOUT layouts=0/1 complete=False time=00:00:20
[RETURN id=13810 rank=05105] left=3,1,4,3,4,2,0 status=TIMEOUT layouts=0/1 complete=False time=00:00:20
[RETURN id=13816 rank=05107] left=3,1,4,4,0,3,2 status=TIMEOUT layouts=0/1 complete=False time=00:00:20
[RETURN id=13828 rank=05110] left=3,1,4,4,3,0,2 status=TIMEOUT layouts=0/1 complete=False time=00:00:20
[RETURN id=13824 rank=05108] left=3,1,4,4,2,0,3 status=TIMEOUT layouts=0/1 complete=False time=00:00:20
[RETURN id=13830 rank=05111] left=3,1,4,4,3,2,0 status=TIMEOUT layouts=0/1 complete=False time=00:00:20
[RETURN id=13882 rank=05112] left=3,1,5,1,1,3,3 status=TIMEOUT layouts=0/1 complete=False time=00:00:20
[RETURN id=13892 rank=05113] left=3,1,5,1,3,1,3 status=TIMEOUT layouts=0/1 complete=False time=00:00:20
[RETURN id=13944 rank=05117] left=3,1,5,3,3,1,1 status=TIMEOUT layouts=0/1 complete=False time=00:00:20
[RETURN id=13894 rank=05114] left=3,1,5,1,3,3,1 status=TIMEOUT layouts=0/1 complete=False time=00:00:20
[GLOBAL] [##--------------------------] done=322/3505 (9.19%) covered=322 layouts=322 running=14/14 remaining=3183 elapsed=01:01:30 rate=5.24 sig/min ETA=10:07:56
[COVERAGE] selected_mass(global)=47.579% covered_mass(global contribution)=6.109%
[LONGEST] id=13988 rank=5118 left=3,2,0,1,3,4,4 elapsed=00:00:20
[RETURN id=13992 rank=05120] left=3,2,0,1,4,4,3 status=TIMEOUT layouts=0/1 complete=False time=00:00:20
[RETURN id=13988 rank=05118] left=3,2,0,1,3,4,4 status=TIMEOUT layouts=0/1 complete=False time=00:00:20
[RETURN id=14038 rank=05123] left=3,2,0,3,4,4,1 status=TIMEOUT layouts=0/1 complete=False time=00:00:20
[RETURN id=14050 rank=05125] left=3,2,0,4,1,4,3 status=TIMEOUT layouts=0/1 complete=False time=00:00:20
[RETURN id=14058 rank=05126] left=3,2,0,4,3,1,4 status=TIMEOUT layouts=0/1 complete=False time=00:00:20
[RETURN id=14064 rank=05128] left=3,2,0,4,4,1,3 status=TIMEOUT layouts=0/1 complete=False time=00:00:20
[RETURN id=14066 rank=05129] left=3,2,0,4,4,3,1 status=TIMEOUT layouts=0/1 complete=False time=00:00:20
[RETURN id=14106 rank=05131] left=3,2,1,0,4,3,4 status=TIMEOUT layouts=0/1 complete=False time=00:00:20
[RETURN id=14178 rank=05134] left=3,2,1,3,4,0,4 status=TIMEOUT layouts=0/1 complete=False time=00:00:20
[RETURN id=14508 rank=05153] left=3,2,3,4,4,1,0 status=QUOTA_REACHED layouts=1/1 complete=True time=00:00:05
[RETURN id=14182 rank=05135] left=3,2,1,3,4,4,0 status=TIMEOUT layouts=0/1 complete=False time=00:00:20
[RETURN id=14188 rank=05136] left=3,2,1,4,0,3,4 status=TIMEOUT layouts=0/1 complete=False time=00:00:20
[RETURN id=14202 rank=05138] left=3,2,1,4,3,0,4 status=TIMEOUT layouts=0/1 complete=False time=00:00:20
[RETURN id=14206 rank=05139] left=3,2,1,4,3,4,0 status=TIMEOUT layouts=0/1 complete=False time=00:00:20
[RETURN id=14210 rank=05141] left=3,2,1,4,4,3,0 status=TIMEOUT layouts=0/1 complete=False time=00:00:20
[RETURN id=14388 rank=05142] left=3,2,3,0,1,4,4 status=TIMEOUT layouts=0/1 complete=False time=00:00:20
[RETURN id=14400 rank=05143] left=3,2,3,0,4,1,4 status=TIMEOUT layouts=0/1 complete=False time=00:00:20
[RETURN id=14428 rank=05146] left=3,2,3,1,4,0,4 status=TIMEOUT layouts=0/1 complete=False time=00:00:20
[RETURN id=14432 rank=05147] left=3,2,3,1,4,4,0 status=TIMEOUT layouts=0/1 complete=False time=00:00:20
[GLOBAL] [##--------------------------] done=323/3505 (9.22%) covered=323 layouts=323 running=14/14 remaining=3182 elapsed=01:02:00 rate=5.21 sig/min ETA=10:10:47
[COVERAGE] selected_mass(global)=47.579% covered_mass(global contribution)=6.111%
[LONGEST] id=14490 rank=5148 left=3,2,3,4,0,1,4 elapsed=00:00:20
[RETURN id=14490 rank=05148] left=3,2,3,4,0,1,4 status=TIMEOUT layouts=0/1 complete=False time=00:00:20
[RETURN id=14530 rank=05155] left=3,2,4,0,1,4,3 status=TIMEOUT layouts=0/1 complete=False time=00:00:20
[RETURN id=14538 rank=05156] left=3,2,4,0,3,1,4 status=TIMEOUT layouts=0/1 complete=False time=00:00:20
[RETURN id=14544 rank=05158] left=3,2,4,0,4,1,3 status=TIMEOUT layouts=0/1 complete=False time=00:00:20
[RETURN id=14622 rank=05170] left=3,2,4,3,4,0,1 status=QUOTA_REACHED layouts=1/1 complete=True time=00:00:13
[RETURN id=14628 rank=05173] left=3,2,4,4,0,3,1 status=QUOTA_REACHED layouts=1/1 complete=True time=00:00:08
[RETURN id=14546 rank=05159] left=3,2,4,0,4,3,1 status=TIMEOUT layouts=0/1 complete=False time=00:00:20
[RETURN id=14554 rank=05161] left=3,2,4,1,0,4,3 status=TIMEOUT layouts=0/1 complete=False time=00:00:20
[RETURN id=14572 rank=05164] left=3,2,4,1,4,0,3 status=TIMEOUT layouts=0/1 complete=False time=00:00:20
[RETURN id=14608 rank=05167] left=3,2,4,3,0,4,1 status=TIMEOUT layouts=0/1 complete=False time=00:00:20
[RETURN id=14610 rank=05168] left=3,2,4,3,1,0,4 status=TIMEOUT layouts=0/1 complete=False time=00:00:20
[RETURN id=14614 rank=05169] left=3,2,4,3,1,4,0 status=TIMEOUT layouts=0/1 complete=False time=00:00:20
[RETURN id=14852 rank=05186] left=3,3,0,4,2,1,4 status=QUOTA_REACHED layouts=1/1 complete=True time=00:00:05
[RETURN id=14626 rank=05172] left=3,2,4,4,0,1,3 status=TIMEOUT layouts=0/1 complete=False time=00:00:20
[RETURN id=14638 rank=05177] left=3,2,4,4,3,1,0 status=QUOTA_REACHED layouts=1/1 complete=True time=00:00:16
[RETURN id=14898 rank=05190] left=3,3,1,0,2,4,4 status=QUOTA_REACHED layouts=1/1 complete=True time=00:00:13
[RETURN id=14630 rank=05174] left=3,2,4,4,1,0,3 status=TIMEOUT layouts=0/1 complete=False time=00:00:20
[RETURN id=14780 rank=05179] left=3,3,0,1,4,2,4 status=TIMEOUT layouts=0/1 complete=False time=00:00:20
[RETURN id=14782 rank=05180] left=3,3,0,1,4,4,2 status=TIMEOUT layouts=0/1 complete=False time=00:00:20
[RETURN id=14808 rank=05183] left=3,3,0,2,4,4,1 status=TIMEOUT layouts=0/1 complete=False time=00:00:20
[RETURN id=14864 rank=05189] left=3,3,0,4,4,2,1 status=TIMEOUT layouts=0/1 complete=False time=00:00:20
[RETURN id=15014 rank=05209] left=3,3,1,4,4,0,2 status=QUOTA_REACHED layouts=1/1 complete=True time=00:00:10
[RETURN id=14924 rank=05195] left=3,3,1,1,3,1,5 status=TIMEOUT layouts=0/1 complete=False time=00:00:20
[RETURN id=14928 rank=05196] left=3,3,1,1,3,5,1 status=TIMEOUT layouts=0/1 complete=False time=00:00:20
[RETURN id=14936 rank=05197] left=3,3,1,1,5,1,3 status=TIMEOUT layouts=0/1 complete=False time=00:00:20
[GLOBAL] [##--------------------------] done=329/3505 (9.39%) covered=329 layouts=329 running=14/14 remaining=3176 elapsed=01:02:30 rate=5.26 sig/min ETA=10:03:21
[COVERAGE] selected_mass(global)=47.579% covered_mass(global contribution)=6.128%
[LONGEST] id=14938 rank=5198 left=3,3,1,1,5,3,1 elapsed=00:00:20
[RETURN id=14938 rank=05198] left=3,3,1,1,5,3,1 status=TIMEOUT layouts=0/1 complete=False time=00:00:20
[RETURN id=14958 rank=05200] left=3,3,1,2,4,0,4 status=TIMEOUT layouts=0/1 complete=False time=00:00:20
[RETURN id=14962 rank=05201] left=3,3,1,2,4,4,0 status=TIMEOUT layouts=0/1 complete=False time=00:00:20
[RETURN id=14992 rank=05204] left=3,3,1,3,5,1,1 status=TIMEOUT layouts=0/1 complete=False time=00:00:20
[RETURN id=15016 rank=05210] left=3,3,1,4,4,2,0 status=TIMEOUT layouts=0/1 complete=False time=00:00:20
[RETURN id=15066 rank=05217] left=3,3,2,1,0,4,4 status=QUOTA_REACHED layouts=1/1 complete=True time=00:00:15
[RETURN id=15150 rank=05222] left=3,3,2,4,1,0,4 status=QUOTA_REACHED layouts=1/1 complete=True time=00:00:11
[RETURN id=15026 rank=05211] left=3,3,1,5,1,1,3 status=TIMEOUT layouts=0/1 complete=False time=00:00:20
[RETURN id=15058 rank=05216] left=3,3,2,0,4,4,1 status=TIMEOUT layouts=0/1 complete=False time=00:00:20
[RETURN id=15028 rank=05212] left=3,3,1,5,1,3,1 status=TIMEOUT layouts=0/1 complete=False time=00:00:20
[RETURN id=15232 rank=05228] left=3,3,3,1,5,1,1 status=QUOTA_REACHED layouts=1/1 complete=True time=00:00:16
[RETURN id=15148 rank=05221] left=3,3,2,4,0,4,1 status=TIMEOUT layouts=0/1 complete=False time=00:00:20
[RETURN id=15154 rank=05223] left=3,3,2,4,1,4,0 status=TIMEOUT layouts=0/1 complete=False time=00:00:20
[RETURN id=15300 rank=05229] left=3,3,3,5,1,1,1 status=QUOTA_REACHED layouts=1/1 complete=True time=00:00:19
[RETURN id=15162 rank=05224] left=3,3,2,4,4,0,1 status=TIMEOUT layouts=0/1 complete=False time=00:00:20
[RETURN id=15310 rank=05230] left=3,3,4,0,1,2,4 status=TIMEOUT layouts=0/1 complete=False time=00:00:20
[RETURN id=15318 rank=05233] left=3,3,4,0,2,4,1 status=QUOTA_REACHED layouts=1/1 complete=True time=00:00:18
[RETURN id=15354 rank=05241] left=3,3,4,1,4,2,0 status=QUOTA_REACHED layouts=1/1 complete=True time=00:00:12
[RETURN id=15312 rank=05231] left=3,3,4,0,1,4,2 status=TIMEOUT layouts=0/1 complete=False time=00:00:20
[GLOBAL] [##--------------------------] done=335/3505 (9.56%) covered=335 layouts=335 running=14/14 remaining=3170 elapsed=01:03:00 rate=5.32 sig/min ETA=09:56:09
[COVERAGE] selected_mass(global)=47.579% covered_mass(global contribution)=6.145%
[LONGEST] id=15326 rank=5234 left=3,3,4,0,4,1,2 elapsed=00:00:20
[RETURN id=15326 rank=05234] left=3,3,4,0,4,1,2 status=TIMEOUT layouts=0/1 complete=False time=00:00:20
[RETURN id=15352 rank=05240] left=3,3,4,1,4,0,2 status=TIMEOUT layouts=0/1 complete=False time=00:00:20
[RETURN id=15358 rank=05242] left=3,3,4,2,0,1,4 status=TIMEOUT layouts=0/1 complete=False time=00:00:20
[RETURN id=15376 rank=05247] left=3,3,4,2,4,1,0 status=TIMEOUT layouts=0/1 complete=False time=00:00:20
[RETURN id=15394 rank=05248] left=3,3,4,4,0,1,2 status=TIMEOUT layouts=0/1 complete=False time=00:00:20
[RETURN id=15400 rank=05252] left=3,3,4,4,2,0,1 status=TIMEOUT layouts=0/1 complete=False time=00:00:20
[RETURN id=15450 rank=05256] left=3,3,5,1,3,1,1 status=TIMEOUT layouts=0/1 complete=False time=00:00:20
[RETURN id=15516 rank=05258] left=3,4,0,1,2,3,4 status=TIMEOUT layouts=0/1 complete=False time=00:00:20
[RETURN id=15520 rank=05260] left=3,4,0,1,3,2,4 status=TIMEOUT layouts=0/1 complete=False time=00:00:20
[RETURN id=15522 rank=05261] left=3,4,0,1,3,4,2 status=TIMEOUT layouts=0/1 complete=False time=00:00:20
[RETURN id=15526 rank=05262] left=3,4,0,1,4,2,3 status=TIMEOUT layouts=0/1 complete=False time=00:00:20
[RETURN id=15540 rank=05265] left=3,4,0,2,1,4,3 status=TIMEOUT layouts=0/1 complete=False time=00:00:20
[RETURN id=15554 rank=05268] left=3,4,0,2,4,1,3 status=TIMEOUT layouts=0/1 complete=False time=00:00:20
[RETURN id=15548 rank=05266] left=3,4,0,2,3,1,4 status=TIMEOUT layouts=0/1 complete=False time=00:00:20
[RETURN id=15572 rank=05272] left=3,4,0,3,2,1,4 status=TIMEOUT layouts=0/1 complete=False time=00:00:20
[RETURN id=15556 rank=05269] left=3,4,0,2,4,3,1 status=TIMEOUT layouts=0/1 complete=False time=00:00:20
[RETURN id=15584 rank=05275] left=3,4,0,3,4,2,1 status=TIMEOUT layouts=0/1 complete=False time=00:00:20
[RETURN id=15652 rank=05287] left=3,4,1,0,4,3,2 status=QUOTA_REACHED layouts=1/1 complete=True time=00:00:16
[RETURN id=15596 rank=05276] left=3,4,0,4,1,2,3 status=TIMEOUT layouts=0/1 complete=False time=00:00:20
[RETURN id=15606 rank=05280] left=3,4,0,4,3,1,2 status=TIMEOUT layouts=0/1 complete=False time=00:00:20
[RETURN id=15642 rank=05283] left=3,4,1,0,2,4,3 status=TIMEOUT layouts=0/1 complete=False time=00:00:20
[GLOBAL] [##--------------------------] done=336/3505 (9.59%) covered=336 layouts=336 running=14/14 remaining=3169 elapsed=01:03:30 rate=5.29 sig/min ETA=09:58:54
[COVERAGE] selected_mass(global)=47.579% covered_mass(global contribution)=6.147%
[LONGEST] id=15688 rank=5288 left=3,4,1,2,0,3,4 elapsed=00:00:20
[RETURN id=15688 rank=05288] left=3,4,1,2,0,3,4 status=TIMEOUT layouts=0/1 complete=False time=00:00:20
[RETURN id=15702 rank=05290] left=3,4,1,2,3,0,4 status=TIMEOUT layouts=0/1 complete=False time=00:00:20
[RETURN id=15706 rank=05291] left=3,4,1,2,3,4,0 status=TIMEOUT layouts=0/1 complete=False time=00:00:20
[RETURN id=15736 rank=05299] left=3,4,1,3,4,2,0 status=TIMEOUT layouts=0/1 complete=False time=00:00:20
[RETURN id=15710 rank=05293] left=3,4,1,2,4,3,0 status=TIMEOUT layouts=0/1 complete=False time=00:00:20
[RETURN id=15734 rank=05298] left=3,4,1,3,4,0,2 status=TIMEOUT layouts=0/1 complete=False time=00:00:20
[RETURN id=15742 rank=05301] left=3,4,1,4,0,3,2 status=TIMEOUT layouts=0/1 complete=False time=00:00:20
[RETURN id=15754 rank=05304] left=3,4,1,4,3,0,2 status=TIMEOUT layouts=0/1 complete=False time=00:00:20
[RETURN id=15750 rank=05302] left=3,4,1,4,2,0,3 status=TIMEOUT layouts=0/1 complete=False time=00:00:20
[RETURN id=15756 rank=05305] left=3,4,1,4,3,2,0 status=TIMEOUT layouts=0/1 complete=False time=00:00:20
[RETURN id=15780 rank=05307] left=3,4,2,0,1,4,3 status=QUOTA_REACHED layouts=1/1 complete=True time=00:00:16
[RETURN id=15876 rank=05324] left=3,4,2,4,0,1,3 status=QUOTA_REACHED layouts=1/1 complete=True time=00:00:11
[RETURN id=15788 rank=05308] left=3,4,2,0,3,1,4 status=TIMEOUT layouts=0/1 complete=False time=00:00:20
[RETURN id=15794 rank=05310] left=3,4,2,0,4,1,3 status=TIMEOUT layouts=0/1 complete=False time=00:00:20
[RETURN id=15796 rank=05311] left=3,4,2,0,4,3,1 status=TIMEOUT layouts=0/1 complete=False time=00:00:20
[RETURN id=15804 rank=05313] left=3,4,2,1,0,4,3 status=TIMEOUT layouts=0/1 complete=False time=00:00:20
[RETURN id=15822 rank=05316] left=3,4,2,1,4,0,3 status=TIMEOUT layouts=0/1 complete=False time=00:00:20
[RETURN id=15858 rank=05319] left=3,4,2,3,0,4,1 status=TIMEOUT layouts=0/1 complete=False time=00:00:20
[RETURN id=15860 rank=05320] left=3,4,2,3,1,0,4 status=TIMEOUT layouts=0/1 complete=False time=00:00:20
[RETURN id=15864 rank=05321] left=3,4,2,3,1,4,0 status=TIMEOUT layouts=0/1 complete=False time=00:00:20
[RETURN id=15872 rank=05322] left=3,4,2,3,4,0,1 status=TIMEOUT layouts=0/1 complete=False time=00:00:20
[GLOBAL] [##--------------------------] done=338/3505 (9.64%) covered=338 layouts=338 running=14/14 remaining=3167 elapsed=01:04:00 rate=5.28 sig/min ETA=09:59:40
[COVERAGE] selected_mass(global)=47.579% covered_mass(global contribution)=6.153%
[LONGEST] id=15878 rank=5325 left=3,4,2,4,0,3,1 elapsed=00:00:18
[RETURN id=15878 rank=05325] left=3,4,2,4,0,3,1 status=TIMEOUT layouts=0/1 complete=False time=00:00:20
[RETURN id=15880 rank=05326] left=3,4,2,4,1,0,3 status=TIMEOUT layouts=0/1 complete=False time=00:00:20
[RETURN id=15888 rank=05329] left=3,4,2,4,3,1,0 status=TIMEOUT layouts=0/1 complete=False time=00:00:20
[RETURN id=15910 rank=05332] left=3,4,3,0,2,1,4 status=TIMEOUT layouts=0/1 complete=False time=00:00:20
[RETURN id=15922 rank=05335] left=3,4,3,0,4,2,1 status=TIMEOUT layouts=0/1 complete=False time=00:00:20
[RETURN id=15928 rank=05336] left=3,4,3,1,0,2,4 status=TIMEOUT layouts=0/1 complete=False time=00:00:20
[RETURN id=15930 rank=05337] left=3,4,3,1,0,4,2 status=TIMEOUT layouts=0/1 complete=False time=00:00:20
[RETURN id=15938 rank=05338] left=3,4,3,1,2,0,4 status=TIMEOUT layouts=0/1 complete=False time=00:00:20
[RETURN id=15942 rank=05339] left=3,4,3,1,2,4,0 status=TIMEOUT layouts=0/1 complete=False time=00:00:20
[RETURN id=15956 rank=05343] left=3,4,3,2,0,4,1 status=TIMEOUT layouts=0/1 complete=False time=00:00:20
[RETURN id=15958 rank=05344] left=3,4,3,2,1,0,4 status=TIMEOUT layouts=0/1 complete=False time=00:00:20
[RETURN id=15962 rank=05345] left=3,4,3,2,1,4,0 status=TIMEOUT layouts=0/1 complete=False time=00:00:20
[RETURN id=15970 rank=05346] left=3,4,3,2,4,0,1 status=TIMEOUT layouts=0/1 complete=False time=00:00:20
[RETURN id=15990 rank=05349] left=3,4,3,4,0,2,1 status=TIMEOUT layouts=0/1 complete=False time=00:00:20
[RETURN id=15994 rank=05351] left=3,4,3,4,1,2,0 status=TIMEOUT layouts=0/1 complete=False time=00:00:20
[RETURN id=15996 rank=05353] left=3,4,3,4,2,1,0 status=TIMEOUT layouts=0/1 complete=False time=00:00:20
[RETURN id=15992 rank=05350] left=3,4,3,4,1,0,2 status=TIMEOUT layouts=0/1 complete=False time=00:00:20
[RETURN id=16012 rank=05355] left=3,4,4,0,1,3,2 status=TIMEOUT layouts=0/1 complete=False time=00:00:20
[RETURN id=16016 rank=05356] left=3,4,4,0,2,1,3 status=TIMEOUT layouts=0/1 complete=False time=00:00:20
[GLOBAL] [##--------------------------] done=338/3505 (9.64%) covered=338 layouts=338 running=14/14 remaining=3167 elapsed=01:04:30 rate=5.24 sig/min ETA=10:04:21
[COVERAGE] selected_mass(global)=47.579% covered_mass(global contribution)=6.153%
[LONGEST] id=16018 rank=5357 left=3,4,4,0,2,3,1 elapsed=00:00:21
[RETURN id=16018 rank=05357] left=3,4,4,0,2,3,1 status=TIMEOUT layouts=0/1 complete=False time=00:00:20
[RETURN id=16022 rank=05359] left=3,4,4,0,3,2,1 status=TIMEOUT layouts=0/1 complete=False time=00:00:20
[RETURN id=16040 rank=05362] left=3,4,4,1,2,0,3 status=QUOTA_REACHED layouts=1/1 complete=True time=00:00:19
[RETURN id=16032 rank=05361] left=3,4,4,1,0,3,2 status=TIMEOUT layouts=0/1 complete=False time=00:00:20
[RETURN id=16044 rank=05364] left=3,4,4,1,3,0,2 status=TIMEOUT layouts=0/1 complete=False time=00:00:20
[RETURN id=16046 rank=05365] left=3,4,4,1,3,2,0 status=TIMEOUT layouts=0/1 complete=False time=00:00:20
[RETURN id=16058 rank=05369] left=3,4,4,2,1,3,0 status=TIMEOUT layouts=0/1 complete=False time=00:00:20
[RETURN id=16062 rank=05370] left=3,4,4,2,3,0,1 status=TIMEOUT layouts=0/1 complete=False time=00:00:20
[RETURN id=16066 rank=05372] left=3,4,4,3,0,1,2 status=TIMEOUT layouts=0/1 complete=False time=00:00:20
[RETURN id=16366 rank=05381] left=3,5,1,3,1,1,3 status=QUOTA_REACHED layouts=1/1 complete=True time=00:00:14
[RETURN id=16072 rank=05376] left=3,4,4,3,2,0,1 status=TIMEOUT layouts=0/1 complete=False time=00:00:20
[RETURN id=16368 rank=05382] left=3,5,1,3,1,3,1 status=QUOTA_REACHED layouts=1/1 complete=True time=00:00:20
[RETURN id=16550 rank=05386] left=3,5,3,1,3,1,1 status=TIMEOUT layouts=0/1 complete=False time=00:00:20
[RETURN id=17076 rank=05412] left=4,0,3,1,2,3,4 status=QUOTA_REACHED layouts=1/1 complete=True time=00:00:03
[RETURN id=16816 rank=05388] left=4,0,1,2,3,3,4 status=TIMEOUT layouts=0/1 complete=False time=00:00:20
[RETURN id=16836 rank=05391] left=4,0,1,3,2,3,4 status=TIMEOUT layouts=0/1 complete=False time=00:00:20
[RETURN id=16842 rank=05394] left=4,0,1,3,3,4,2 status=TIMEOUT layouts=0/1 complete=False time=00:00:20
[RETURN id=16840 rank=05393] left=4,0,1,3,3,2,4 status=TIMEOUT layouts=0/1 complete=False time=00:00:20
[RETURN id=16846 rank=05395] left=4,0,1,3,4,2,3 status=TIMEOUT layouts=0/1 complete=False time=00:00:20
[RETURN id=16864 rank=05397] left=4,0,1,4,2,3,3 status=TIMEOUT layouts=0/1 complete=False time=00:00:20
[RETURN id=16870 rank=05399] left=4,0,1,4,3,3,2 status=TIMEOUT layouts=0/1 complete=False time=00:00:20
[RETURN id=16932 rank=05401] left=4,0,2,1,3,4,3 status=TIMEOUT layouts=0/1 complete=False time=00:00:20
[RETURN id=16986 rank=05406] left=4,0,2,3,3,4,1 status=QUOTA_REACHED layouts=1/1 complete=True time=00:00:20
[RETURN id=16936 rank=05402] left=4,0,2,1,4,3,3 status=TIMEOUT layouts=0/1 complete=False time=00:00:20
[RETURN id=16974 rank=05403] left=4,0,2,3,1,3,4 status=TIMEOUT layouts=0/1 complete=False time=00:00:20
[GLOBAL] [##--------------------------] done=343/3505 (9.79%) covered=343 layouts=343 running=14/14 remaining=3162 elapsed=01:05:00 rate=5.28 sig/min ETA=09:59:13
[COVERAGE] selected_mass(global)=47.579% covered_mass(global contribution)=6.167%
[LONGEST] id=17080 rank=5414 left=4,0,3,1,3,2,4 elapsed=00:00:15
[RETURN id=17080 rank=05414] left=4,0,3,1,3,2,4 status=TIMEOUT layouts=0/1 complete=False time=00:00:20
[RETURN id=17082 rank=05415] left=4,0,3,1,3,4,2 status=TIMEOUT layouts=0/1 complete=False time=00:00:20
[RETURN id=17086 rank=05416] left=4,0,3,1,4,2,3 status=TIMEOUT layouts=0/1 complete=False time=00:00:20
[RETURN id=17100 rank=05419] left=4,0,3,2,1,4,3 status=TIMEOUT layouts=0/1 complete=False time=00:00:20
[RETURN id=17108 rank=05420] left=4,0,3,2,3,1,4 status=TIMEOUT layouts=0/1 complete=False time=00:00:20
[RETURN id=17114 rank=05422] left=4,0,3,2,4,1,3 status=TIMEOUT layouts=0/1 complete=False time=00:00:20
[RETURN id=17116 rank=05423] left=4,0,3,2,4,3,1 status=TIMEOUT layouts=0/1 complete=False time=00:00:20
[RETURN id=17132 rank=05426] left=4,0,3,3,2,1,4 status=TIMEOUT layouts=0/1 complete=False time=00:00:20
[RETURN id=17144 rank=05429] left=4,0,3,3,4,2,1 status=TIMEOUT layouts=0/1 complete=False time=00:00:20
[RETURN id=17156 rank=05430] left=4,0,3,4,1,2,3 status=TIMEOUT layouts=0/1 complete=False time=00:00:20
[RETURN id=17166 rank=05434] left=4,0,3,4,3,1,2 status=TIMEOUT layouts=0/1 complete=False time=00:00:20
[RETURN id=17286 rank=05444] left=4,0,4,3,2,1,3 status=QUOTA_REACHED layouts=1/1 complete=True time=00:00:18
[RETURN id=17234 rank=05437] left=4,0,4,1,3,2,3 status=TIMEOUT layouts=0/1 complete=False time=00:00:20
[RETURN id=17282 rank=05443] left=4,0,4,3,1,3,2 status=TIMEOUT layouts=0/1 complete=False time=00:00:20
[RETURN id=17288 rank=05445] left=4,0,4,3,2,3,1 status=TIMEOUT layouts=0/1 complete=False time=00:00:20
[RETURN id=17292 rank=05447] left=4,0,4,3,3,2,1 status=QUOTA_REACHED layouts=1/1 complete=True time=00:00:19
[RETURN id=17492 rank=05448] left=4,1,0,2,3,3,4 status=TIMEOUT layouts=0/1 complete=False time=00:00:20
[GLOBAL] [##--------------------------] done=345/3505 (9.84%) covered=345 layouts=345 running=14/14 remaining=3160 elapsed=01:05:30 rate=5.27 sig/min ETA=09:59:57
[COVERAGE] selected_mass(global)=47.579% covered_mass(global contribution)=6.172%
[LONGEST] id=17512 rank=5451 left=4,1,0,3,2,3,4 elapsed=00:00:20
[RETURN id=17512 rank=05451] left=4,1,0,3,2,3,4 status=TIMEOUT layouts=0/1 complete=False time=00:00:20
[RETURN id=17516 rank=05453] left=4,1,0,3,3,2,4 status=QUOTA_REACHED layouts=1/1 complete=True time=00:00:18
[RETURN id=17518 rank=05454] left=4,1,0,3,3,4,2 status=TIMEOUT layouts=0/1 complete=False time=00:00:20
[RETURN id=17522 rank=05455] left=4,1,0,3,4,2,3 status=TIMEOUT layouts=0/1 complete=False time=00:00:20
[RETURN id=17540 rank=05457] left=4,1,0,4,2,3,3 status=TIMEOUT layouts=0/1 complete=False time=00:00:20
[RETURN id=17546 rank=05459] left=4,1,0,4,3,3,2 status=TIMEOUT layouts=0/1 complete=False time=00:00:20
[RETURN id=17626 rank=05460] left=4,1,1,2,2,2,5 status=TIMEOUT layouts=0/1 complete=False time=00:00:20
[RETURN id=17732 rank=05464] left=4,1,2,0,3,3,4 status=TIMEOUT layouts=0/1 complete=False time=00:00:20
[RETURN id=17768 rank=05469] left=4,1,2,1,5,2,2 status=TIMEOUT layouts=0/1 complete=False time=00:00:20
[RETURN id=17754 rank=05468] left=4,1,2,1,2,5,2 status=TIMEOUT layouts=0/1 complete=False time=00:00:20
[RETURN id=17796 rank=05475] left=4,1,2,2,5,2,1 status=QUOTA_REACHED layouts=1/1 complete=True time=00:00:10
[RETURN id=17774 rank=05470] left=4,1,2,2,1,2,5 status=TIMEOUT layouts=0/1 complete=False time=00:00:20
[RETURN id=17844 rank=05484] left=4,1,2,4,3,3,0 status=QUOTA_REACHED layouts=1/1 complete=True time=00:00:12
[RETURN id=17778 rank=05472] left=4,1,2,2,2,1,5 status=TIMEOUT layouts=0/1 complete=False time=00:00:20
[RETURN id=17818 rank=05480] left=4,1,2,3,4,0,3 status=QUOTA_REACHED layouts=1/1 complete=True time=00:00:15
[RETURN id=17782 rank=05473] left=4,1,2,2,2,5,1 status=TIMEOUT layouts=0/1 complete=False time=00:00:20
[RETURN id=17800 rank=05477] left=4,1,2,3,0,4,3 status=TIMEOUT layouts=0/1 complete=False time=00:00:20
[RETURN id=17858 rank=05485] left=4,1,2,5,1,2,2 status=TIMEOUT layouts=0/1 complete=False time=00:00:20
[RETURN id=17878 rank=05489] left=4,1,3,0,2,4,3 status=QUOTA_REACHED layouts=1/1 complete=True time=00:00:18
[RETURN id=17862 rank=05486] left=4,1,2,5,2,1,2 status=TIMEOUT layouts=0/1 complete=False time=00:00:20
[RETURN id=17888 rank=05493] left=4,1,3,0,4,3,2 status=TIMEOUT layouts=0/1 complete=False time=00:00:20
[RETURN id=17924 rank=05494] left=4,1,3,2,0,3,4 status=TIMEOUT layouts=0/1 complete=False time=00:00:20
[GLOBAL] [##--------------------------] done=350/3505 (9.99%) covered=350 layouts=350 running=14/14 remaining=3155 elapsed=01:06:00 rate=5.30 sig/min ETA=09:54:57
[COVERAGE] selected_mass(global)=47.579% covered_mass(global contribution)=6.186%
[LONGEST] id=17938 rank=5496 left=4,1,3,2,3,0,4 elapsed=00:00:20
[RETURN id=17938 rank=05496] left=4,1,3,2,3,0,4 status=TIMEOUT layouts=0/1 complete=False time=00:00:20
[RETURN id=17946 rank=05499] left=4,1,3,2,4,3,0 status=TIMEOUT layouts=0/1 complete=False time=00:00:20
[RETURN id=17942 rank=05497] left=4,1,3,2,3,4,0 status=TIMEOUT layouts=0/1 complete=False time=00:00:20
[RETURN id=17970 rank=05504] left=4,1,3,3,4,0,2 status=TIMEOUT layouts=0/1 complete=False time=00:00:20
[RETURN id=17972 rank=05505] left=4,1,3,3,4,2,0 status=TIMEOUT layouts=0/1 complete=False time=00:00:20
[RETURN id=17978 rank=05507] left=4,1,3,4,0,3,2 status=TIMEOUT layouts=0/1 complete=False time=00:00:20
[RETURN id=17986 rank=05508] left=4,1,3,4,2,0,3 status=TIMEOUT layouts=0/1 complete=False time=00:00:20
[RETURN id=17990 rank=05510] left=4,1,3,4,3,0,2 status=TIMEOUT layouts=0/1 complete=False time=00:00:20
[RETURN id=17992 rank=05511] left=4,1,3,4,3,2,0 status=TIMEOUT layouts=0/1 complete=False time=00:00:20
[RETURN id=18026 rank=05514] left=4,1,4,0,3,3,2 status=QUOTA_REACHED layouts=1/1 complete=True time=00:00:18
[RETURN id=18020 rank=05512] left=4,1,4,0,2,3,3 status=TIMEOUT layouts=0/1 complete=False time=00:00:20
[RETURN id=18084 rank=05517] left=4,1,4,2,3,3,0 status=TIMEOUT layouts=0/1 complete=False time=00:00:20
[RETURN id=18104 rank=05521] left=4,1,4,3,2,3,0 status=TIMEOUT layouts=0/1 complete=False time=00:00:20
[RETURN id=18092 rank=05518] left=4,1,4,3,0,2,3 status=TIMEOUT layouts=0/1 complete=False time=00:00:20
[RETURN id=18176 rank=05524] left=4,1,5,1,2,2,2 status=TIMEOUT layouts=0/1 complete=False time=00:00:20
[RETURN id=18196 rank=05525] left=4,1,5,2,1,2,2 status=TIMEOUT layouts=0/1 complete=False time=00:00:20
[RETURN id=18200 rank=05526] left=4,1,5,2,2,1,2 status=TIMEOUT layouts=0/1 complete=False time=00:00:20
[RETURN id=18306 rank=05532] left=4,2,0,3,1,4,3 status=QUOTA_REACHED layouts=1/1 complete=True time=00:00:14
[RETURN id=18262 rank=05528] left=4,2,0,1,3,3,4 status=TIMEOUT layouts=0/1 complete=False time=00:00:20
[RETURN id=18314 rank=05533] left=4,2,0,3,3,1,4 status=TIMEOUT layouts=0/1 complete=False time=00:00:20
[RETURN id=18320 rank=05535] left=4,2,0,3,4,1,3 status=TIMEOUT layouts=0/1 complete=False time=00:00:20
[GLOBAL] [##--------------------------] done=352/3505 (10.04%) covered=352 layouts=352 running=14/14 remaining=3153 elapsed=01:06:30 rate=5.29 sig/min ETA=09:55:40
[COVERAGE] selected_mass(global)=47.579% covered_mass(global contribution)=6.191%
[LONGEST] id=18322 rank=5536 left=4,2,0,3,4,3,1 elapsed=00:00:19
[RETURN id=18322 rank=05536] left=4,2,0,3,4,3,1 status=TIMEOUT layouts=0/1 complete=False time=00:00:20
[RETURN id=18334 rank=05537] left=4,2,0,4,1,3,3 status=TIMEOUT layouts=0/1 complete=False time=00:00:20
[RETURN id=18344 rank=05538] left=4,2,0,4,3,1,3 status=TIMEOUT layouts=0/1 complete=False time=00:00:20
[RETURN id=18346 rank=05539] left=4,2,0,4,3,3,1 status=TIMEOUT layouts=0/1 complete=False time=00:00:20
[RETURN id=18388 rank=05541] left=4,2,1,0,3,4,3 status=TIMEOUT layouts=0/1 complete=False time=00:00:20
[RETURN id=18392 rank=05542] left=4,2,1,0,4,3,3 status=TIMEOUT layouts=0/1 complete=False time=00:00:20
[RETURN id=18432 rank=05547] left=4,2,1,2,1,5,2 status=TIMEOUT layouts=0/1 complete=False time=00:00:20
[RETURN id=18406 rank=05543] left=4,2,1,1,2,2,5 status=TIMEOUT layouts=0/1 complete=False time=00:00:20
[RETURN id=18482 rank=05558] left=4,2,1,4,0,3,3 status=QUOTA_REACHED layouts=1/1 complete=True time=00:00:12
[RETURN id=18450 rank=05550] left=4,2,1,2,5,1,2 status=TIMEOUT layouts=0/1 complete=False time=00:00:20
[RETURN id=18554 rank=05564] left=4,2,2,1,1,2,5 status=QUOTA_REACHED layouts=1/1 complete=True time=00:00:07
[RETURN id=18468 rank=05554] left=4,2,1,3,3,0,4 status=TIMEOUT layouts=0/1 complete=False time=00:00:20
[RETURN id=18454 rank=05552] left=4,2,1,3,0,3,4 status=TIMEOUT layouts=0/1 complete=False time=00:00:20
[RETURN id=18472 rank=05555] left=4,2,1,3,3,4,0 status=TIMEOUT layouts=0/1 complete=False time=00:00:20
[RETURN id=18476 rank=05557] left=4,2,1,3,4,3,0 status=TIMEOUT layouts=0/1 complete=False time=00:00:20
[RETURN id=18682 rank=05579] left=4,2,3,0,3,4,1 status=QUOTA_REACHED layouts=1/1 complete=True time=00:00:07
[RETURN id=18496 rank=05559] left=4,2,1,4,3,0,3 status=TIMEOUT layouts=0/1 complete=False time=00:00:20
[RETURN id=18518 rank=05563] left=4,2,1,5,2,2,1 status=TIMEOUT layouts=0/1 complete=False time=00:00:20
[RETURN id=18558 rank=05566] left=4,2,2,1,2,1,5 status=TIMEOUT layouts=0/1 complete=False time=00:00:20
[RETURN id=18562 rank=05567] left=4,2,2,1,2,5,1 status=TIMEOUT layouts=0/1 complete=False time=00:00:20
[GLOBAL] [##--------------------------] done=355/3505 (10.13%) covered=355 layouts=355 running=14/14 remaining=3150 elapsed=01:07:00 rate=5.30 sig/min ETA=09:54:30
[COVERAGE] selected_mass(global)=47.579% covered_mass(global contribution)=6.200%
[LONGEST] id=18576 rank=5569 left=4,2,2,1,5,2,1 elapsed=00:00:19
[RETURN id=18576 rank=05569] left=4,2,2,1,5,2,1 status=TIMEOUT layouts=0/1 complete=False time=00:00:20
[RETURN id=18582 rank=05570] left=4,2,2,2,1,1,5 status=TIMEOUT layouts=0/1 complete=False time=00:00:20
[RETURN id=18670 rank=05576] left=4,2,3,0,1,3,4 status=TIMEOUT layouts=0/1 complete=False time=00:00:20
[RETURN id=18586 rank=05571] left=4,2,2,2,1,5,1 status=TIMEOUT layouts=0/1 complete=False time=00:00:20
[RETURN id=18658 rank=05574] left=4,2,2,5,1,2,1 status=TIMEOUT layouts=0/1 complete=False time=00:00:20
[RETURN id=18694 rank=05582] left=4,2,3,1,0,3,4 status=TIMEOUT layouts=0/1 complete=False time=00:00:20
[RETURN id=18708 rank=05584] left=4,2,3,1,3,0,4 status=TIMEOUT layouts=0/1 complete=False time=00:00:20
[RETURN id=18712 rank=05585] left=4,2,3,1,3,4,0 status=TIMEOUT layouts=0/1 complete=False time=00:00:20
[RETURN id=18716 rank=05587] left=4,2,3,1,4,3,0 status=TIMEOUT layouts=0/1 complete=False time=00:00:20
[RETURN id=18746 rank=05588] left=4,2,3,3,0,1,4 status=TIMEOUT layouts=0/1 complete=False time=00:00:20
[RETURN id=18774 rank=05597] left=4,2,3,4,1,3,0 status=QUOTA_REACHED layouts=1/1 complete=True time=00:00:20
[RETURN id=18764 rank=05593] left=4,2,3,3,4,1,0 status=TIMEOUT layouts=0/1 complete=False time=00:00:20
[RETURN id=18778 rank=05598] left=4,2,3,4,3,0,1 status=TIMEOUT layouts=0/1 complete=False time=00:00:20
[RETURN id=18820 rank=05603] left=4,2,4,1,0,3,3 status=TIMEOUT layouts=0/1 complete=False time=00:00:20
[RETURN id=18834 rank=05604] left=4,2,4,1,3,0,3 status=QUOTA_REACHED layouts=1/1 complete=True time=00:00:20
[RETURN id=18876 rank=05610] left=4,2,4,3,3,0,1 status=QUOTA_REACHED layouts=1/1 complete=True time=00:00:20
[RETURN id=18872 rank=05609] left=4,2,4,3,1,3,0 status=TIMEOUT layouts=0/1 complete=False time=00:00:20
[RETURN id=18928 rank=05612] left=4,2,5,1,1,2,2 status=TIMEOUT layouts=0/1 complete=False time=00:00:20
[RETURN id=18948 rank=05616] left=4,2,5,2,1,2,1 status=TIMEOUT layouts=0/1 complete=False time=00:00:20
[RETURN id=18932 rank=05613] left=4,2,5,1,2,1,2 status=TIMEOUT layouts=0/1 complete=False time=00:00:20
[RETURN id=19002 rank=05618] left=4,3,0,1,2,3,4 status=TIMEOUT layouts=0/1 complete=False time=00:00:20
[RETURN id=19006 rank=05620] left=4,3,0,1,3,2,4 status=TIMEOUT layouts=0/1 complete=False time=00:00:20
[GLOBAL] [##--------------------------] done=358/3505 (10.21%) covered=358 layouts=358 running=14/14 remaining=3147 elapsed=01:07:30 rate=5.30 sig/min ETA=09:53:22
[COVERAGE] selected_mass(global)=47.579% covered_mass(global contribution)=6.208%
[LONGEST] id=19008 rank=5621 left=4,3,0,1,3,4,2 elapsed=00:00:20
[RETURN id=19012 rank=05622] left=4,3,0,1,4,2,3 status=TIMEOUT layouts=0/1 complete=False time=00:00:20
[RETURN id=19008 rank=05621] left=4,3,0,1,3,4,2 status=TIMEOUT layouts=0/1 complete=False time=00:00:20
[RETURN id=19026 rank=05625] left=4,3,0,2,1,4,3 status=TIMEOUT layouts=0/1 complete=False time=00:00:20
[RETURN id=19034 rank=05626] left=4,3,0,2,3,1,4 status=TIMEOUT layouts=0/1 complete=False time=00:00:20
[RETURN id=19220 rank=05658] left=4,3,1,3,4,0,2 status=QUOTA_REACHED layouts=1/1 complete=True time=00:00:05
[RETURN id=19040 rank=05628] left=4,3,0,2,4,1,3 status=TIMEOUT layouts=0/1 complete=False time=00:00:20
[RETURN id=19042 rank=05629] left=4,3,0,2,4,3,1 status=TIMEOUT layouts=0/1 complete=False time=00:00:20
[RETURN id=19058 rank=05632] left=4,3,0,3,2,1,4 status=TIMEOUT layouts=0/1 complete=False time=00:00:20
[RETURN id=19070 rank=05635] left=4,3,0,3,4,2,1 status=TIMEOUT layouts=0/1 complete=False time=00:00:20
[RETURN id=19082 rank=05636] left=4,3,0,4,1,2,3 status=TIMEOUT layouts=0/1 complete=False time=00:00:20
[RETURN id=19188 rank=05650] left=4,3,1,2,3,0,4 status=QUOTA_REACHED layouts=1/1 complete=True time=00:00:17
[RETURN id=19092 rank=05640] left=4,3,0,4,3,1,2 status=TIMEOUT layouts=0/1 complete=False time=00:00:20
[RETURN id=19128 rank=05643] left=4,3,1,0,2,4,3 status=TIMEOUT layouts=0/1 complete=False time=00:00:20
[RETURN id=19138 rank=05647] left=4,3,1,0,4,3,2 status=TIMEOUT layouts=0/1 complete=False time=00:00:20
[RETURN id=19174 rank=05648] left=4,3,1,2,0,3,4 status=TIMEOUT layouts=0/1 complete=False time=00:00:20
[RETURN id=19192 rank=05651] left=4,3,1,2,3,4,0 status=TIMEOUT layouts=0/1 complete=False time=00:00:20
[RETURN id=19196 rank=05653] left=4,3,1,2,4,3,0 status=TIMEOUT layouts=0/1 complete=False time=00:00:20
[RETURN id=19222 rank=05659] left=4,3,1,3,4,2,0 status=TIMEOUT layouts=0/1 complete=False time=00:00:20
[GLOBAL] [##--------------------------] done=360/3505 (10.27%) covered=360 layouts=360 running=14/14 remaining=3145 elapsed=01:08:00 rate=5.29 sig/min ETA=09:54:03
[COVERAGE] selected_mass(global)=47.579% covered_mass(global contribution)=6.213%
[LONGEST] id=19228 rank=5661 left=4,3,1,4,0,3,2 elapsed=00:00:20
[RETURN id=19228 rank=05661] left=4,3,1,4,0,3,2 status=TIMEOUT layouts=0/1 complete=False time=00:00:20
[RETURN id=19236 rank=05662] left=4,3,1,4,2,0,3 status=TIMEOUT layouts=0/1 complete=False time=00:00:20
[RETURN id=19240 rank=05664] left=4,3,1,4,3,0,2 status=TIMEOUT layouts=0/1 complete=False time=00:00:20
[RETURN id=19242 rank=05665] left=4,3,1,4,3,2,0 status=TIMEOUT layouts=0/1 complete=False time=00:00:20
[RETURN id=19274 rank=05668] left=4,3,2,0,3,1,4 status=TIMEOUT layouts=0/1 complete=False time=00:00:20
[RETURN id=19266 rank=05667] left=4,3,2,0,1,4,3 status=TIMEOUT layouts=0/1 complete=False time=00:00:20
[RETURN id=19282 rank=05671] left=4,3,2,0,4,3,1 status=TIMEOUT layouts=0/1 complete=False time=00:00:20
[RETURN id=19280 rank=05670] left=4,3,2,0,4,1,3 status=TIMEOUT layouts=0/1 complete=False time=00:00:20
[RETURN id=19290 rank=05673] left=4,3,2,1,0,4,3 status=TIMEOUT layouts=0/1 complete=False time=00:00:20
[RETURN id=19308 rank=05676] left=4,3,2,1,4,0,3 status=TIMEOUT layouts=0/1 complete=False time=00:00:20
[RETURN id=19344 rank=05679] left=4,3,2,3,0,4,1 status=TIMEOUT layouts=0/1 complete=False time=00:00:20
[RETURN id=19346 rank=05680] left=4,3,2,3,1,0,4 status=TIMEOUT layouts=0/1 complete=False time=00:00:20
[RETURN id=19350 rank=05681] left=4,3,2,3,1,4,0 status=TIMEOUT layouts=0/1 complete=False time=00:00:20
[RETURN id=19358 rank=05682] left=4,3,2,3,4,0,1 status=TIMEOUT layouts=0/1 complete=False time=00:00:20
[RETURN id=19362 rank=05684] left=4,3,2,4,0,1,3 status=TIMEOUT layouts=0/1 complete=False time=00:00:20
[RETURN id=19364 rank=05685] left=4,3,2,4,0,3,1 status=TIMEOUT layouts=0/1 complete=False time=00:00:20
[RETURN id=19366 rank=05686] left=4,3,2,4,1,0,3 status=TIMEOUT layouts=0/1 complete=False time=00:00:20
[RETURN id=19374 rank=05689] left=4,3,2,4,3,1,0 status=TIMEOUT layouts=0/1 complete=False time=00:00:20
[RETURN id=19396 rank=05692] left=4,3,3,0,2,1,4 status=TIMEOUT layouts=0/1 complete=False time=00:00:20
[RETURN id=19408 rank=05695] left=4,3,3,0,4,2,1 status=TIMEOUT layouts=0/1 complete=False time=00:00:20
[RETURN id=19414 rank=05696] left=4,3,3,1,0,2,4 status=TIMEOUT layouts=0/1 complete=False time=00:00:20
[RETURN id=19416 rank=05697] left=4,3,3,1,0,4,2 status=TIMEOUT layouts=0/1 complete=False time=00:00:20
[RETURN id=19424 rank=05698] left=4,3,3,1,2,0,4 status=TIMEOUT layouts=0/1 complete=False time=00:00:20
[RETURN id=19428 rank=05699] left=4,3,3,1,2,4,0 status=TIMEOUT layouts=0/1 complete=False time=00:00:20
[RETURN id=19442 rank=05703] left=4,3,3,2,0,4,1 status=TIMEOUT layouts=0/1 complete=False time=00:00:20
[GLOBAL] [##--------------------------] done=360/3505 (10.27%) covered=360 layouts=360 running=14/14 remaining=3145 elapsed=01:08:30 rate=5.26 sig/min ETA=09:58:25
[COVERAGE] selected_mass(global)=47.579% covered_mass(global contribution)=6.213%
[LONGEST] id=19444 rank=5704 left=4,3,3,2,1,0,4 elapsed=00:00:17
[RETURN id=19444 rank=05704] left=4,3,3,2,1,0,4 status=TIMEOUT layouts=0/1 complete=False time=00:00:20
[RETURN id=19482 rank=05713] left=4,3,3,4,2,1,0 status=QUOTA_REACHED layouts=1/1 complete=True time=00:00:09
[RETURN id=19448 rank=05705] left=4,3,3,2,1,4,0 status=TIMEOUT layouts=0/1 complete=False time=00:00:20
[RETURN id=19456 rank=05706] left=4,3,3,2,4,0,1 status=TIMEOUT layouts=0/1 complete=False time=00:00:20
[RETURN id=19476 rank=05709] left=4,3,3,4,0,2,1 status=TIMEOUT layouts=0/1 complete=False time=00:00:20
[RETURN id=19478 rank=05710] left=4,3,3,4,1,0,2 status=TIMEOUT layouts=0/1 complete=False time=00:00:20
[RETURN id=19480 rank=05711] left=4,3,3,4,1,2,0 status=TIMEOUT layouts=0/1 complete=False time=00:00:20
[RETURN id=19498 rank=05715] left=4,3,4,0,1,3,2 status=TIMEOUT layouts=0/1 complete=False time=00:00:20
[RETURN id=19502 rank=05716] left=4,3,4,0,2,1,3 status=TIMEOUT layouts=0/1 complete=False time=00:00:20
[RETURN id=19504 rank=05717] left=4,3,4,0,2,3,1 status=TIMEOUT layouts=0/1 complete=False time=00:00:20
[RETURN id=19518 rank=05721] left=4,3,4,1,0,3,2 status=TIMEOUT layouts=0/1 complete=False time=00:00:20
[RETURN id=19508 rank=05719] left=4,3,4,0,3,2,1 status=TIMEOUT layouts=0/1 complete=False time=00:00:20
[RETURN id=19526 rank=05722] left=4,3,4,1,2,0,3 status=TIMEOUT layouts=0/1 complete=False time=00:00:20
[RETURN id=19530 rank=05724] left=4,3,4,1,3,0,2 status=TIMEOUT layouts=0/1 complete=False time=00:00:20
[RETURN id=19532 rank=05725] left=4,3,4,1,3,2,0 status=TIMEOUT layouts=0/1 complete=False time=00:00:20
[RETURN id=19558 rank=05736] left=4,3,4,3,2,0,1 status=QUOTA_REACHED layouts=1/1 complete=True time=00:00:12
[RETURN id=19544 rank=05729] left=4,3,4,2,1,3,0 status=TIMEOUT layouts=0/1 complete=False time=00:00:20
[RETURN id=19548 rank=05730] left=4,3,4,2,3,0,1 status=TIMEOUT layouts=0/1 complete=False time=00:00:20
[RETURN id=19684 rank=05741] left=4,4,0,2,1,3,3 status=QUOTA_REACHED layouts=1/1 complete=True time=00:00:11
[RETURN id=19552 rank=05732] left=4,3,4,3,0,1,2 status=TIMEOUT layouts=0/1 complete=False time=00:00:20
[GLOBAL] [##--------------------------] done=363/3505 (10.36%) covered=363 layouts=363 running=14/14 remaining=3142 elapsed=01:09:00 rate=5.26 sig/min ETA=09:57:14
[COVERAGE] selected_mass(global)=47.579% covered_mass(global contribution)=6.222%
[LONGEST] id=19660 rank=5738 left=4,4,0,1,2,3,3 elapsed=00:00:17
[RETURN id=19660 rank=05738] left=4,4,0,1,2,3,3 status=TIMEOUT layouts=0/1 complete=False time=00:00:20
[RETURN id=19666 rank=05740] left=4,4,0,1,3,3,2 status=TIMEOUT layouts=0/1 complete=False time=00:00:20
[RETURN id=19694 rank=05742] left=4,4,0,2,3,1,3 status=TIMEOUT layouts=0/1 complete=False time=00:00:20
[RETURN id=19696 rank=05743] left=4,4,0,2,3,3,1 status=TIMEOUT layouts=0/1 complete=False time=00:00:20
[RETURN id=19712 rank=05744] left=4,4,0,3,1,2,3 status=TIMEOUT layouts=0/1 complete=False time=00:00:20
[RETURN id=19722 rank=05748] left=4,4,0,3,3,1,2 status=TIMEOUT layouts=0/1 complete=False time=00:00:20
[RETURN id=19780 rank=05751] left=4,4,1,0,3,2,3 status=TIMEOUT layouts=0/1 complete=False time=00:00:20
[RETURN id=19822 rank=05753] left=4,4,1,2,0,3,3 status=TIMEOUT layouts=0/1 complete=False time=00:00:20
[RETURN id=19836 rank=05754] left=4,4,1,2,3,0,3 status=TIMEOUT layouts=0/1 complete=False time=00:00:20
[RETURN id=19848 rank=05757] left=4,4,1,3,0,3,2 status=TIMEOUT layouts=0/1 complete=False time=00:00:20
[RETURN id=19856 rank=05758] left=4,4,1,3,2,0,3 status=TIMEOUT layouts=0/1 complete=False time=00:00:20
[RETURN id=19860 rank=05760] left=4,4,1,3,3,0,2 status=TIMEOUT layouts=0/1 complete=False time=00:00:20
[RETURN id=19862 rank=05761] left=4,4,1,3,3,2,0 status=TIMEOUT layouts=0/1 complete=False time=00:00:20
[RETURN id=19920 rank=05765] left=4,4,2,1,0,3,3 status=TIMEOUT layouts=0/1 complete=False time=00:00:20
[RETURN id=19972 rank=05771] left=4,4,2,3,1,3,0 status=QUOTA_REACHED layouts=1/1 complete=True time=00:00:14
[RETURN id=19934 rank=05766] left=4,4,2,1,3,0,3 status=QUOTA_REACHED layouts=1/1 complete=True time=00:00:16
[RETURN id=19976 rank=05772] left=4,4,2,3,3,0,1 status=TIMEOUT layouts=0/1 complete=False time=00:00:20
[RETURN id=20002 rank=05774] left=4,4,3,0,1,2,3 status=TIMEOUT layouts=0/1 complete=False time=00:00:20
[GLOBAL] [##--------------------------] done=365/3505 (10.41%) covered=365 layouts=365 running=14/14 remaining=3140 elapsed=01:09:30 rate=5.25 sig/min ETA=09:57:53
[COVERAGE] selected_mass(global)=47.579% covered_mass(global contribution)=6.227%
[LONGEST] id=20012 rank=5778 left=4,4,3,0,3,1,2 elapsed=00:00:21
[RETURN id=20012 rank=05778] left=4,4,3,0,3,1,2 status=TIMEOUT layouts=0/1 complete=False time=00:00:20
[RETURN id=20022 rank=05780] left=4,4,3,1,0,2,3 status=TIMEOUT layouts=0/1 complete=False time=00:00:20
[RETURN id=20034 rank=05783] left=4,4,3,1,2,3,0 status=TIMEOUT layouts=0/1 complete=False time=00:00:20
[RETURN id=20042 rank=05786] left=4,4,3,2,0,1,3 status=TIMEOUT layouts=0/1 complete=False time=00:00:20
[RETURN id=20044 rank=05787] left=4,4,3,2,0,3,1 status=QUOTA_REACHED layouts=1/1 complete=True time=00:00:20
[RETURN id=20046 rank=05788] left=4,4,3,2,1,0,3 status=TIMEOUT layouts=0/1 complete=False time=00:00:20
[RETURN id=20054 rank=05791] left=4,4,3,2,3,1,0 status=TIMEOUT layouts=0/1 complete=False time=00:00:20
[RETURN id=20428 rank=05802] left=4,5,2,1,1,2,2 status=QUOTA_REACHED layouts=1/1 complete=True time=00:00:08
[RETURN id=20058 rank=05793] left=4,4,3,3,0,2,1 status=TIMEOUT layouts=0/1 complete=False time=00:00:20
[RETURN id=20060 rank=05794] left=4,4,3,3,1,0,2 status=TIMEOUT layouts=0/1 complete=False time=00:00:20
[RETURN id=20062 rank=05795] left=4,4,3,3,1,2,0 status=TIMEOUT layouts=0/1 complete=False time=00:00:20
[RETURN id=20064 rank=05797] left=4,4,3,3,2,1,0 status=TIMEOUT layouts=0/1 complete=False time=00:00:20
[RETURN id=20356 rank=05801] left=4,5,1,2,2,2,1 status=TIMEOUT layouts=0/1 complete=False time=00:00:20
[RETURN id=20432 rank=05803] left=4,5,2,1,2,1,2 status=TIMEOUT layouts=0/1 complete=False time=00:00:20
[RETURN id=20448 rank=05806] left=4,5,2,2,1,2,1 status=TIMEOUT layouts=0/1 complete=False time=00:00:20
[RETURN id=21538 rank=05808] left=5,1,1,1,3,3,3 status=TIMEOUT layouts=0/1 complete=False time=00:00:20
[RETURN id=21560 rank=05809] left=5,1,1,2,2,2,4 status=TIMEOUT layouts=0/1 complete=False time=00:00:20
[RETURN id=21562 rank=05810] left=5,1,1,2,2,4,2 status=TIMEOUT layouts=0/1 complete=False time=00:00:20
[RETURN id=21572 rank=05811] left=5,1,1,2,4,2,2 status=TIMEOUT layouts=0/1 complete=False time=00:00:20
[RETURN id=21714 rank=05821] left=5,1,2,2,2,1,4 status=TIMEOUT layouts=0/1 complete=False time=00:00:20
[RETURN id=21726 rank=05824] left=5,1,2,2,4,2,1 status=TIMEOUT layouts=0/1 complete=False time=00:00:20
[RETURN id=21764 rank=05825] left=5,1,2,4,1,2,2 status=TIMEOUT layouts=0/1 complete=False time=00:00:20
[RETURN id=21878 rank=05831] left=5,1,3,3,1,1,3 status=TIMEOUT layouts=0/1 complete=False time=00:00:20
[RETURN id=21768 rank=05826] left=5,1,2,4,2,1,2 status=TIMEOUT layouts=0/1 complete=False time=00:00:20
[GLOBAL] [##--------------------------] done=367/3505 (10.47%) covered=367 layouts=367 running=14/14 remaining=3138 elapsed=01:10:00 rate=5.24 sig/min ETA=09:58:32
[COVERAGE] selected_mass(global)=47.579% covered_mass(global contribution)=6.233%
[LONGEST] id=21880 rank=5832 left=5,1,3,3,1,3,1 elapsed=00:00:18
[RETURN id=21880 rank=05832] left=5,1,3,3,1,3,1 status=TIMEOUT layouts=0/1 complete=False time=00:00:20
[RETURN id=21982 rank=05837] left=5,1,4,2,2,2,1 status=TIMEOUT layouts=0/1 complete=False time=00:00:20
[RETURN id=22280 rank=05838] left=5,2,1,1,2,2,4 status=TIMEOUT layouts=0/1 complete=False time=00:00:20
[RETURN id=22312 rank=05844] left=5,2,1,2,2,4,1 status=QUOTA_REACHED layouts=1/1 complete=True time=00:00:16
[RETURN id=22282 rank=05839] left=5,2,1,1,2,4,2 status=TIMEOUT layouts=0/1 complete=False time=00:00:20
[RETURN id=22292 rank=05840] left=5,2,1,1,4,2,2 status=TIMEOUT layouts=0/1 complete=False time=00:00:20
[RETURN id=22304 rank=05841] left=5,2,1,2,1,2,4 status=TIMEOUT layouts=0/1 complete=False time=00:00:20
[RETURN id=22306 rank=05842] left=5,2,1,2,1,4,2 status=TIMEOUT layouts=0/1 complete=False time=00:00:20
[RETURN id=22320 rank=05845] left=5,2,1,2,4,1,2 status=TIMEOUT layouts=0/1 complete=False time=00:00:20
[RETURN id=22364 rank=05849] left=5,2,1,4,2,2,1 status=TIMEOUT layouts=0/1 complete=False time=00:00:20
[RETURN id=22424 rank=05852] left=5,2,2,1,2,1,4 status=TIMEOUT layouts=0/1 complete=False time=00:00:20
[RETURN id=22436 rank=05855] left=5,2,2,1,4,2,1 status=TIMEOUT layouts=0/1 complete=False time=00:00:20
[RETURN id=22450 rank=05857] left=5,2,2,2,1,4,1 status=TIMEOUT layouts=0/1 complete=False time=00:00:20
[RETURN id=22462 rank=05858] left=5,2,2,2,4,1,1 status=TIMEOUT layouts=0/1 complete=False time=00:00:20
[RETURN id=22494 rank=05860] left=5,2,2,4,1,2,1 status=QUOTA_REACHED layouts=1/1 complete=True time=00:00:18
[RETURN id=22654 rank=05864] left=5,2,4,1,2,2,1 status=TIMEOUT layouts=0/1 complete=False time=00:00:20
[RETURN id=22668 rank=05865] left=5,2,4,2,1,1,2 status=TIMEOUT layouts=0/1 complete=False time=00:00:20
[RETURN id=22672 rank=05867] left=5,2,4,2,2,1,1 status=TIMEOUT layouts=0/1 complete=False time=00:00:20
[GLOBAL] [##--------------------------] done=369/3505 (10.53%) covered=369 layouts=369 running=14/14 remaining=3136 elapsed=01:10:30 rate=5.23 sig/min ETA=09:59:09
[COVERAGE] selected_mass(global)=47.579% covered_mass(global contribution)=6.238%
[LONGEST] id=22978 rank=5871 left=5,3,1,3,1,1,3 elapsed=00:00:18
[RETURN id=22978 rank=05871] left=5,3,1,3,1,1,3 status=TIMEOUT layouts=0/1 complete=False time=00:00:20
[RETURN id=23162 rank=05876] left=5,3,3,1,3,1,1 status=TIMEOUT layouts=0/1 complete=False time=00:00:20
[RETURN id=22980 rank=05872] left=5,3,1,3,1,3,1 status=TIMEOUT layouts=0/1 complete=False time=00:00:20
[RETURN id=23482 rank=05881] left=5,4,1,2,2,2,1 status=TIMEOUT layouts=0/1 complete=False time=00:00:20
[RETURN id=01144 rank=05895] left=0,2,2,3,5,2,3 status=QUOTA_REACHED layouts=1/1 complete=True time=00:00:10
[RETURN id=01124 rank=05890] left=0,2,2,2,5,3,3 status=QUOTA_REACHED layouts=1/1 complete=True time=00:00:17
[RETURN id=23554 rank=05882] left=5,4,2,1,1,2,2 status=TIMEOUT layouts=0/1 complete=False time=00:00:20
[RETURN id=23558 rank=05883] left=5,4,2,1,2,1,2 status=TIMEOUT layouts=0/1 complete=False time=00:00:20
[RETURN id=23574 rank=05886] left=5,4,2,2,1,2,1 status=TIMEOUT layouts=0/1 complete=False time=00:00:20
[RETURN id=01130 rank=05891] left=0,2,2,3,2,3,5 status=TIMEOUT layouts=0/1 complete=False time=00:00:20
[RETURN id=01132 rank=05892] left=0,2,2,3,2,5,3 status=TIMEOUT layouts=0/1 complete=False time=00:00:20
[RETURN id=01136 rank=05894] left=0,2,2,3,3,5,2 status=TIMEOUT layouts=0/1 complete=False time=00:00:20
[RETURN id=01182 rank=05897] left=0,2,2,5,2,3,3 status=TIMEOUT layouts=0/1 complete=False time=00:00:20
[RETURN id=01188 rank=05899] left=0,2,2,5,3,3,2 status=TIMEOUT layouts=0/1 complete=False time=00:00:20
[RETURN id=01228 rank=05900] left=0,2,3,2,2,3,5 status=TIMEOUT layouts=0/1 complete=False time=00:00:20
[RETURN id=01234 rank=05903] left=0,2,3,2,3,5,2 status=TIMEOUT layouts=0/1 complete=False time=00:00:20
[RETURN id=01230 rank=05901] left=0,2,3,2,2,5,3 status=TIMEOUT layouts=0/1 complete=False time=00:00:20
[RETURN id=01254 rank=05907] left=0,2,3,3,2,5,2 status=TIMEOUT layouts=0/1 complete=False time=00:00:20
[RETURN id=01242 rank=05904] left=0,2,3,2,5,2,3 status=TIMEOUT layouts=0/1 complete=False time=00:00:20
[RETURN id=01268 rank=05908] left=0,2,3,3,5,2,2 status=TIMEOUT layouts=0/1 complete=False time=00:00:20
[RETURN id=01526 rank=05914] left=0,2,5,2,3,3,2 status=QUOTA_REACHED layouts=1/1 complete=True time=00:00:19
[RETURN id=01520 rank=05912] left=0,2,5,2,2,3,3 status=TIMEOUT layouts=0/1 complete=False time=00:00:20
[RETURN id=01310 rank=05910] left=0,2,3,5,2,3,2 status=TIMEOUT layouts=0/1 complete=False time=00:00:20
[RETURN id=01910 rank=05929] left=0,3,2,5,3,2,2 status=QUOTA_REACHED layouts=1/1 complete=True time=00:00:04
[GLOBAL] [##--------------------------] done=373/3505 (10.64%) covered=373 layouts=373 running=14/14 remaining=3132 elapsed=01:11:00 rate=5.25 sig/min ETA=09:56:10
[COVERAGE] selected_mass(global)=47.579% covered_mass(global contribution)=6.247%
[LONGEST] id=1550 rank=5916 left=0,2,5,3,2,3,2 elapsed=00:00:20
[RETURN id=01550 rank=05916] left=0,2,5,3,2,3,2 status=TIMEOUT layouts=0/1 complete=False time=00:00:20
[RETURN id=01826 rank=05920] left=0,3,2,2,3,2,5 status=TIMEOUT layouts=0/1 complete=False time=00:00:20
[RETURN id=01838 rank=05923] left=0,3,2,2,5,3,2 status=TIMEOUT layouts=0/1 complete=False time=00:00:20
[RETURN id=01846 rank=05924] left=0,3,2,3,2,2,5 status=TIMEOUT layouts=0/1 complete=False time=00:00:20
[RETURN id=02270 rank=05935] left=0,3,5,2,2,3,2 status=QUOTA_REACHED layouts=1/1 complete=True time=00:00:14
[RETURN id=01904 rank=05927] left=0,3,2,5,2,2,3 status=TIMEOUT layouts=0/1 complete=False time=00:00:20
[RETURN id=01978 rank=05932] left=0,3,3,2,5,2,2 status=QUOTA_REACHED layouts=1/1 complete=True time=00:00:16
[RETURN id=02048 rank=05933] left=0,3,3,5,2,2,2 status=TIMEOUT layouts=0/1 complete=False time=00:00:20
[RETURN id=01964 rank=05931] left=0,3,3,2,2,5,2 status=TIMEOUT layouts=0/1 complete=False time=00:00:20
[RETURN id=02298 rank=05937] left=0,3,5,3,2,2,2 status=TIMEOUT layouts=0/1 complete=False time=00:00:20
[RETURN id=03446 rank=05938] left=0,5,2,2,2,3,3 status=TIMEOUT layouts=0/1 complete=False time=00:00:20
[RETURN id=03476 rank=05942] left=0,5,2,3,2,3,2 status=TIMEOUT layouts=0/1 complete=False time=00:00:20
[RETURN id=03452 rank=05940] left=0,5,2,2,3,3,2 status=TIMEOUT layouts=0/1 complete=False time=00:00:20
[RETURN id=03600 rank=05944] left=0,5,3,2,2,2,3 status=TIMEOUT layouts=0/1 complete=False time=00:00:20
[RETURN id=03606 rank=05946] left=0,5,3,2,3,2,2 status=TIMEOUT layouts=0/1 complete=False time=00:00:20
[RETURN id=08282 rank=05948] left=2,0,2,2,3,3,5 status=TIMEOUT layouts=0/1 complete=False time=00:00:20
[RETURN id=08284 rank=05949] left=2,0,2,2,3,5,3 status=TIMEOUT layouts=0/1 complete=False time=00:00:20
[RETURN id=08300 rank=05953] left=2,0,2,3,3,2,5 status=TIMEOUT layouts=0/1 complete=False time=00:00:20
[RETURN id=08716 rank=05975] left=2,0,5,3,2,2,3 status=QUOTA_REACHED layouts=1/1 complete=True time=00:00:09
[GLOBAL] [###-------------------------] done=376/3505 (10.73%) covered=376 layouts=376 running=14/14 remaining=3129 elapsed=01:11:30 rate=5.26 sig/min ETA=09:55:01
[COVERAGE] selected_mass(global)=47.579% covered_mass(global contribution)=6.254%
[LONGEST] id=8312 rank=5956 left=2,0,2,3,5,3,2 elapsed=00:00:20
[RETURN id=08312 rank=05956] left=2,0,2,3,5,3,2 status=TIMEOUT layouts=0/1 complete=False time=00:00:20
[RETURN id=08354 rank=05958] left=2,0,2,5,3,2,3 status=TIMEOUT layouts=0/1 complete=False time=00:00:20
[RETURN id=08398 rank=05962] left=2,0,3,2,3,2,5 status=TIMEOUT layouts=0/1 complete=False time=00:00:20
[RETURN id=08722 rank=05977] left=2,0,5,3,3,2,2 status=QUOTA_REACHED layouts=1/1 complete=True time=00:00:15
[RETURN id=08410 rank=05965] left=2,0,3,2,5,3,2 status=TIMEOUT layouts=0/1 complete=False time=00:00:20
[RETURN id=08418 rank=05966] left=2,0,3,3,2,2,5 status=TIMEOUT layouts=0/1 complete=False time=00:00:20
[RETURN id=08476 rank=05969] left=2,0,3,5,2,2,3 status=TIMEOUT layouts=0/1 complete=False time=00:00:20
[RETURN id=08482 rank=05971] left=2,0,3,5,3,2,2 status=TIMEOUT layouts=0/1 complete=False time=00:00:20
[RETURN id=08692 rank=05973] left=2,0,5,2,3,2,3 status=TIMEOUT layouts=0/1 complete=False time=00:00:20
[RETURN id=09532 rank=05978] left=2,2,0,2,3,3,5 status=TIMEOUT layouts=0/1 complete=False time=00:00:20
[RETURN id=09534 rank=05979] left=2,2,0,2,3,5,3 status=TIMEOUT layouts=0/1 complete=False time=00:00:20
[RETURN id=09928 rank=06008] left=2,2,3,2,0,3,5 status=QUOTA_REACHED layouts=1/1 complete=True time=00:00:08
[RETURN id=09550 rank=05983] left=2,2,0,3,3,2,5 status=TIMEOUT layouts=0/1 complete=False time=00:00:20
[RETURN id=09604 rank=05988] left=2,2,0,5,3,2,3 status=TIMEOUT layouts=0/1 complete=False time=00:00:20
[RETURN id=09562 rank=05986] left=2,2,0,3,5,3,2 status=TIMEOUT layouts=0/1 complete=False time=00:00:20
[RETURN id=09954 rank=06013] left=2,2,3,2,5,3,0 status=QUOTA_REACHED layouts=1/1 complete=True time=00:00:07
[RETURN id=09754 rank=05992] left=2,2,2,0,5,3,3 status=TIMEOUT layouts=0/1 complete=False time=00:00:20
[RETURN id=09820 rank=05996] left=2,2,2,3,3,5,0 status=TIMEOUT layouts=0/1 complete=False time=00:00:20
[RETURN id=09826 rank=05997] left=2,2,2,3,5,0,3 status=QUOTA_REACHED layouts=1/1 complete=True time=00:00:19
[RETURN id=09876 rank=06001] left=2,2,2,5,3,3,0 status=TIMEOUT layouts=0/1 complete=False time=00:00:20
[RETURN id=09900 rank=06007] left=2,2,3,0,5,3,2 status=TIMEOUT layouts=0/1 complete=False time=00:00:20
[RETURN id=09888 rank=06004] left=2,2,3,0,3,2,5 status=TIMEOUT layouts=0/1 complete=False time=00:00:20
[GLOBAL] [###-------------------------] done=380/3505 (10.84%) covered=380 layouts=380 running=14/14 remaining=3125 elapsed=01:12:00 rate=5.28 sig/min ETA=09:52:06
[COVERAGE] selected_mass(global)=47.579% covered_mass(global contribution)=6.262%
[LONGEST] id=9930 rank=6009 left=2,2,3,2,0,5,3 elapsed=00:00:21
[RETURN id=10024 rank=06025] left=2,2,3,5,3,2,0 status=QUOTA_REACHED layouts=1/1 complete=True time=00:00:08
[RETURN id=09940 rank=06010] left=2,2,3,2,3,0,5 status=TIMEOUT layouts=0/1 complete=False time=00:00:20
[RETURN id=09930 rank=06009] left=2,2,3,2,0,5,3 status=TIMEOUT layouts=0/1 complete=False time=00:00:20
[RETURN id=10238 rank=06030] left=2,2,5,2,3,0,3 status=QUOTA_REACHED layouts=1/1 complete=True time=00:00:08
[RETURN id=10258 rank=06034] left=2,2,5,3,2,0,3 status=QUOTA_REACHED layouts=1/1 complete=True time=00:00:05
[RETURN id=09958 rank=06015] left=2,2,3,3,0,5,2 status=TIMEOUT layouts=0/1 complete=False time=00:00:20
[RETURN id=09964 rank=06016] left=2,2,3,3,2,0,5 status=TIMEOUT layouts=0/1 complete=False time=00:00:20
[RETURN id=10010 rank=06021] left=2,2,3,5,0,3,2 status=TIMEOUT layouts=0/1 complete=False time=00:00:20
[RETURN id=10018 rank=06022] left=2,2,3,5,2,0,3 status=TIMEOUT layouts=0/1 complete=False time=00:00:20
[RETURN id=10250 rank=06033] left=2,2,5,3,0,3,2 status=QUOTA_REACHED layouts=1/1 complete=True time=00:00:12
[RETURN id=10022 rank=06024] left=2,2,3,5,3,0,2 status=TIMEOUT layouts=0/1 complete=False time=00:00:20
[RETURN id=10224 rank=06029] left=2,2,5,2,0,3,3 status=TIMEOUT layouts=0/1 complete=False time=00:00:20
[RETURN id=10182 rank=06027] left=2,2,5,0,3,2,3 status=TIMEOUT layouts=0/1 complete=False time=00:00:20
[RETURN id=10564 rank=06052] left=2,3,2,0,3,2,5 status=QUOTA_REACHED layouts=1/1 complete=True time=00:00:08
[RETURN id=10264 rank=06037] left=2,2,5,3,3,2,0 status=QUOTA_REACHED layouts=1/1 complete=True time=00:00:15
[RETURN id=10262 rank=06036] left=2,2,5,3,3,0,2 status=TIMEOUT layouts=0/1 complete=False time=00:00:20
[RETURN id=10604 rank=06056] left=2,3,2,2,0,3,5 status=QUOTA_REACHED layouts=1/1 complete=True time=00:00:10
[RETURN id=10324 rank=06040] left=2,3,0,2,3,2,5 status=TIMEOUT layouts=0/1 complete=False time=00:00:20
[RETURN id=10336 rank=06043] left=2,3,0,2,5,3,2 status=TIMEOUT layouts=0/1 complete=False time=00:00:20
[RETURN id=10344 rank=06044] left=2,3,0,3,2,2,5 status=TIMEOUT layouts=0/1 complete=False time=00:00:20
[RETURN id=10686 rank=06069] left=2,3,2,5,0,3,2 status=QUOTA_REACHED layouts=1/1 complete=True time=00:00:07
[RETURN id=10402 rank=06047] left=2,3,0,5,2,2,3 status=TIMEOUT layouts=0/1 complete=False time=00:00:20
[RETURN id=10698 rank=06072] left=2,3,2,5,3,0,2 status=QUOTA_REACHED layouts=1/1 complete=True time=00:00:05
[RETURN id=10408 rank=06049] left=2,3,0,5,3,2,2 status=QUOTA_REACHED layouts=1/1 complete=True time=00:00:20
[RETURN id=10576 rank=06055] left=2,3,2,0,5,3,2 status=TIMEOUT layouts=0/1 complete=False time=00:00:20
[GLOBAL] [###-------------------------] done=390/3505 (11.13%) covered=390 layouts=390 running=14/14 remaining=3115 elapsed=01:12:30 rate=5.38 sig/min ETA=09:39:04
[COVERAGE] selected_mass(global)=47.579% covered_mass(global contribution)=6.284%
[LONGEST] id=10606 rank=6057 left=2,3,2,2,0,5,3 elapsed=00:00:20
[RETURN id=10606 rank=06057] left=2,3,2,2,0,5,3 status=TIMEOUT layouts=0/1 complete=False time=00:00:20
[RETURN id=10616 rank=06058] left=2,3,2,2,3,0,5 status=TIMEOUT layouts=0/1 complete=False time=00:00:20
[RETURN id=10630 rank=06061] left=2,3,2,2,5,3,0 status=TIMEOUT layouts=0/1 complete=False time=00:00:20
[RETURN id=10634 rank=06063] left=2,3,2,3,0,5,2 status=TIMEOUT layouts=0/1 complete=False time=00:00:20
[RETURN id=10640 rank=06064] left=2,3,2,3,2,0,5 status=TIMEOUT layouts=0/1 complete=False time=00:00:20
[RETURN id=10694 rank=06070] left=2,3,2,5,2,0,3 status=TIMEOUT layouts=0/1 complete=False time=00:00:20
[RETURN id=10700 rank=06073] left=2,3,2,5,3,2,0 status=TIMEOUT layouts=0/1 complete=False time=00:00:20
[RETURN id=10712 rank=06075] left=2,3,3,0,2,5,2 status=TIMEOUT layouts=0/1 complete=False time=00:00:20
[RETURN id=10756 rank=06077] left=2,3,3,2,0,2,5 status=TIMEOUT layouts=0/1 complete=False time=00:00:20
[RETURN id=10770 rank=06080] left=2,3,3,2,2,5,0 status=TIMEOUT layouts=0/1 complete=False time=00:00:20
[RETURN id=10726 rank=06076] left=2,3,3,0,5,2,2 status=TIMEOUT layouts=0/1 complete=False time=00:00:20
[RETURN id=10780 rank=06081] left=2,3,3,2,5,0,2 status=TIMEOUT layouts=0/1 complete=False time=00:00:20
[RETURN id=10782 rank=06082] left=2,3,3,2,5,2,0 status=QUOTA_REACHED layouts=1/1 complete=True time=00:00:18
[RETURN id=10840 rank=06085] left=2,3,3,5,2,2,0 status=QUOTA_REACHED layouts=1/1 complete=True time=00:00:16
[RETURN id=10838 rank=06084] left=2,3,3,5,2,0,2 status=TIMEOUT layouts=0/1 complete=False time=00:00:20
[RETURN id=10980 rank=06086] left=2,3,5,0,2,2,3 status=TIMEOUT layouts=0/1 complete=False time=00:00:20
[RETURN id=10986 rank=06088] left=2,3,5,0,3,2,2 status=TIMEOUT layouts=0/1 complete=False time=00:00:20
[RETURN id=11032 rank=06091] left=2,3,5,2,2,0,3 status=TIMEOUT layouts=0/1 complete=False time=00:00:20
[RETURN id=11892 rank=06101] left=2,5,0,3,2,2,3 status=QUOTA_REACHED layouts=1/1 complete=True time=00:00:11
[RETURN id=11024 rank=06090] left=2,3,5,2,0,3,2 status=TIMEOUT layouts=0/1 complete=False time=00:00:20
[GLOBAL] [###-------------------------] done=393/3505 (11.21%) covered=393 layouts=393 running=14/14 remaining=3112 elapsed=01:13:00 rate=5.38 sig/min ETA=09:38:03
[COVERAGE] selected_mass(global)=47.579% covered_mass(global contribution)=6.291%
[LONGEST] id=11036 rank=6093 left=2,3,5,2,3,0,2 elapsed=00:00:20
[RETURN id=11036 rank=06093] left=2,3,5,2,3,0,2 status=TIMEOUT layouts=0/1 complete=False time=00:00:20
[RETURN id=11038 rank=06094] left=2,3,5,2,3,2,0 status=TIMEOUT layouts=0/1 complete=False time=00:00:20
[RETURN id=11044 rank=06095] left=2,3,5,3,0,2,2 status=TIMEOUT layouts=0/1 complete=False time=00:00:20
[RETURN id=11868 rank=06099] left=2,5,0,2,3,2,3 status=TIMEOUT layouts=0/1 complete=False time=00:00:20
[RETURN id=11898 rank=06103] left=2,5,0,3,3,2,2 status=TIMEOUT layouts=0/1 complete=False time=00:00:20
[RETURN id=12150 rank=06107] left=2,5,2,2,0,3,3 status=TIMEOUT layouts=0/1 complete=False time=00:00:20
[RETURN id=12108 rank=06105] left=2,5,2,0,3,2,3 status=TIMEOUT layouts=0/1 complete=False time=00:00:20
[RETURN id=12164 rank=06108] left=2,5,2,2,3,0,3 status=TIMEOUT layouts=0/1 complete=False time=00:00:20
[RETURN id=12176 rank=06111] left=2,5,2,3,0,3,2 status=TIMEOUT layouts=0/1 complete=False time=00:00:20
[RETURN id=12184 rank=06112] left=2,5,2,3,2,0,3 status=QUOTA_REACHED layouts=1/1 complete=True time=00:00:18
[RETURN id=12188 rank=06114] left=2,5,2,3,3,0,2 status=TIMEOUT layouts=0/1 complete=False time=00:00:20
[RETURN id=12190 rank=06115] left=2,5,2,3,3,2,0 status=TIMEOUT layouts=0/1 complete=False time=00:00:20
[RETURN id=12230 rank=06116] left=2,5,3,0,2,2,3 status=TIMEOUT layouts=0/1 complete=False time=00:00:20
[RETURN id=12236 rank=06118] left=2,5,3,0,3,2,2 status=TIMEOUT layouts=0/1 complete=False time=00:00:20
[RETURN id=12282 rank=06121] left=2,5,3,2,2,0,3 status=QUOTA_REACHED layouts=1/1 complete=True time=00:00:17
[RETURN id=12274 rank=06120] left=2,5,3,2,0,3,2 status=TIMEOUT layouts=0/1 complete=False time=00:00:20
[RETURN id=12286 rank=06123] left=2,5,3,2,3,0,2 status=TIMEOUT layouts=0/1 complete=False time=00:00:20
[RETURN id=12288 rank=06124] left=2,5,3,2,3,2,0 status=TIMEOUT layouts=0/1 complete=False time=00:00:20
[RETURN id=12294 rank=06125] left=2,5,3,3,0,2,2 status=TIMEOUT layouts=0/1 complete=False time=00:00:20
[RETURN id=12694 rank=06134] left=3,0,2,3,2,2,5 status=TIMEOUT layouts=0/1 complete=False time=00:00:20
[RETURN id=12686 rank=06133] left=3,0,2,2,5,3,2 status=TIMEOUT layouts=0/1 complete=False time=00:00:20
[RETURN id=12674 rank=06130] left=3,0,2,2,3,2,5 status=TIMEOUT layouts=0/1 complete=False time=00:00:20
[RETURN id=12812 rank=06141] left=3,0,3,2,2,5,2 status=QUOTA_REACHED layouts=1/1 complete=True time=00:00:13
[GLOBAL] [###-------------------------] done=396/3505 (11.30%) covered=396 layouts=396 running=14/14 remaining=3109 elapsed=01:13:30 rate=5.39 sig/min ETA=09:37:03
[COVERAGE] selected_mass(global)=47.579% covered_mass(global contribution)=6.298%
[LONGEST] id=12752 rank=6137 left=3,0,2,5,2,2,3 elapsed=00:00:19
[RETURN id=12752 rank=06137] left=3,0,2,5,2,2,3 status=TIMEOUT layouts=0/1 complete=False time=00:00:20
[RETURN id=12758 rank=06139] left=3,0,2,5,3,2,2 status=TIMEOUT layouts=0/1 complete=False time=00:00:20
[RETURN id=12896 rank=06143] left=3,0,3,5,2,2,2 status=TIMEOUT layouts=0/1 complete=False time=00:00:20
[RETURN id=12826 rank=06142] left=3,0,3,2,5,2,2 status=TIMEOUT layouts=0/1 complete=False time=00:00:20
[RETURN id=13118 rank=06145] left=3,0,5,2,2,3,2 status=TIMEOUT layouts=0/1 complete=False time=00:00:20
[RETURN id=13146 rank=06147] left=3,0,5,3,2,2,2 status=TIMEOUT layouts=0/1 complete=False time=00:00:20
[RETURN id=14002 rank=06148] left=3,2,0,2,2,3,5 status=TIMEOUT layouts=0/1 complete=False time=00:00:20
[RETURN id=14004 rank=06149] left=3,2,0,2,2,5,3 status=TIMEOUT layouts=0/1 complete=False time=00:00:20
[RETURN id=14008 rank=06151] left=3,2,0,2,3,5,2 status=TIMEOUT layouts=0/1 complete=False time=00:00:20
[RETURN id=14016 rank=06152] left=3,2,0,2,5,2,3 status=TIMEOUT layouts=0/1 complete=False time=00:00:20
[RETURN id=14028 rank=06155] left=3,2,0,3,2,5,2 status=TIMEOUT layouts=0/1 complete=False time=00:00:20
[RETURN id=14042 rank=06156] left=3,2,0,3,5,2,2 status=TIMEOUT layouts=0/1 complete=False time=00:00:20
[RETURN id=14084 rank=06158] left=3,2,0,5,2,3,2 status=TIMEOUT layouts=0/1 complete=False time=00:00:20
[RETURN id=14242 rank=06160] left=3,2,2,0,2,3,5 status=TIMEOUT layouts=0/1 complete=False time=00:00:20
[RETURN id=14256 rank=06164] left=3,2,2,0,5,2,3 status=QUOTA_REACHED layouts=1/1 complete=True time=00:00:15
[RETURN id=14244 rank=06161] left=3,2,2,0,2,5,3 status=TIMEOUT layouts=0/1 complete=False time=00:00:20
[RETURN id=14248 rank=06163] left=3,2,2,0,3,5,2 status=TIMEOUT layouts=0/1 complete=False time=00:00:20
[RETURN id=14302 rank=06169] left=3,2,2,2,3,5,0 status=TIMEOUT layouts=0/1 complete=False time=00:00:20
[RETURN id=14308 rank=06170] left=3,2,2,2,5,0,3 status=TIMEOUT layouts=0/1 complete=False time=00:00:20
[RETURN id=14338 rank=06177] left=3,2,2,3,5,2,0 status=QUOTA_REACHED layouts=1/1 complete=True time=00:00:12
[GLOBAL] [###-------------------------] done=398/3505 (11.36%) covered=398 layouts=398 running=14/14 remaining=3107 elapsed=01:14:00 rate=5.38 sig/min ETA=09:37:41
[COVERAGE] selected_mass(global)=47.579% covered_mass(global contribution)=6.302%
[LONGEST] id=14312 rank=6172 left=3,2,2,3,0,2,5 elapsed=00:00:18
[RETURN id=14312 rank=06172] left=3,2,2,3,0,2,5 status=TIMEOUT layouts=0/1 complete=False time=00:00:20
[RETURN id=14512 rank=06193] left=3,2,3,5,0,2,2 status=QUOTA_REACHED layouts=1/1 complete=True time=00:00:10
[RETURN id=14326 rank=06175] left=3,2,2,3,2,5,0 status=TIMEOUT layouts=0/1 complete=False time=00:00:20
[RETURN id=14336 rank=06176] left=3,2,2,3,5,0,2 status=TIMEOUT layouts=0/1 complete=False time=00:00:20
[RETURN id=14366 rank=06178] left=3,2,2,5,0,2,3 status=TIMEOUT layouts=0/1 complete=False time=00:00:20
[RETURN id=14378 rank=06181] left=3,2,2,5,2,3,0 status=TIMEOUT layouts=0/1 complete=False time=00:00:20
[RETURN id=14390 rank=06184] left=3,2,3,0,2,2,5 status=TIMEOUT layouts=0/1 complete=False time=00:00:20
[RETURN id=14440 rank=06188] left=3,2,3,2,0,5,2 status=TIMEOUT layouts=0/1 complete=False time=00:00:20
[RETURN id=14446 rank=06189] left=3,2,3,2,2,0,5 status=TIMEOUT layouts=0/1 complete=False time=00:00:20
[RETURN id=14662 rank=06197] left=3,2,5,0,2,3,2 status=TIMEOUT layouts=0/1 complete=False time=00:00:20
[RETURN id=14704 rank=06199] left=3,2,5,2,0,2,3 status=TIMEOUT layouts=0/1 complete=False time=00:00:20
[RETURN id=14732 rank=06206] left=3,2,5,3,2,0,2 status=QUOTA_REACHED layouts=1/1 complete=True time=00:00:16
[RETURN id=14716 rank=06202] left=3,2,5,2,2,3,0 status=TIMEOUT layouts=0/1 complete=False time=00:00:20
[RETURN id=14734 rank=06207] left=3,2,5,3,2,2,0 status=TIMEOUT layouts=0/1 complete=False time=00:00:20
[RETURN id=14798 rank=06209] left=3,3,0,2,2,5,2 status=TIMEOUT layouts=0/1 complete=False time=00:00:20
[RETURN id=14812 rank=06210] left=3,3,0,2,5,2,2 status=TIMEOUT layouts=0/1 complete=False time=00:00:20
[RETURN id=14882 rank=06211] left=3,3,0,5,2,2,2 status=TIMEOUT layouts=0/1 complete=False time=00:00:20
[RETURN id=15116 rank=06219] left=3,3,2,2,5,0,2 status=QUOTA_REACHED layouts=1/1 complete=True time=00:00:16
[RETURN id=15048 rank=06213] left=3,3,2,0,2,5,2 status=TIMEOUT layouts=0/1 complete=False time=00:00:20
[RETURN id=15106 rank=06218] left=3,3,2,2,2,5,0 status=QUOTA_REACHED layouts=1/1 complete=True time=00:00:18
[RETURN id=15092 rank=06215] left=3,3,2,2,0,2,5 status=TIMEOUT layouts=0/1 complete=False time=00:00:20
[RETURN id=15062 rank=06214] left=3,3,2,0,5,2,2 status=TIMEOUT layouts=0/1 complete=False time=00:00:20
[GLOBAL] [###-------------------------] done=402/3505 (11.47%) covered=402 layouts=402 running=14/14 remaining=3103 elapsed=01:14:30 rate=5.40 sig/min ETA=09:35:04
[COVERAGE] selected_mass(global)=47.579% covered_mass(global contribution)=6.311%
[LONGEST] id=15118 rank=6220 left=3,3,2,2,5,2,0 elapsed=00:00:19
[RETURN id=15118 rank=06220] left=3,3,2,2,5,2,0 status=TIMEOUT layouts=0/1 complete=False time=00:00:20
[RETURN id=15176 rank=06223] left=3,3,2,5,2,2,0 status=QUOTA_REACHED layouts=1/1 complete=True time=00:00:18
[RETURN id=15174 rank=06222] left=3,3,2,5,2,0,2 status=TIMEOUT layouts=0/1 complete=False time=00:00:20
[RETURN id=15422 rank=06224] left=3,3,5,0,2,2,2 status=TIMEOUT layouts=0/1 complete=False time=00:00:20
[RETURN id=16480 rank=06241] left=3,5,2,3,0,2,2 status=QUOTA_REACHED layouts=1/1 complete=True time=00:00:08
[RETURN id=15464 rank=06226] left=3,3,5,2,2,0,2 status=TIMEOUT layouts=0/1 complete=False time=00:00:20
[RETURN id=15466 rank=06227] left=3,3,5,2,2,2,0 status=TIMEOUT layouts=0/1 complete=False time=00:00:20
[RETURN id=16232 rank=06231] left=3,5,0,3,2,2,2 status=TIMEOUT layouts=0/1 complete=False time=00:00:20
[RETURN id=16204 rank=06229] left=3,5,0,2,2,3,2 status=TIMEOUT layouts=0/1 complete=False time=00:00:20
[RETURN id=16416 rank=06232] left=3,5,2,0,2,2,3 status=TIMEOUT layouts=0/1 complete=False time=00:00:20
[RETURN id=16422 rank=06234] left=3,5,2,0,3,2,2 status=TIMEOUT layouts=0/1 complete=False time=00:00:20
[RETURN id=16460 rank=06236] left=3,5,2,2,0,3,2 status=TIMEOUT layouts=0/1 complete=False time=00:00:20
[RETURN id=16468 rank=06237] left=3,5,2,2,2,0,3 status=TIMEOUT layouts=0/1 complete=False time=00:00:20
[RETURN id=20912 rank=06250] left=5,0,2,2,3,3,2 status=QUOTA_REACHED layouts=1/1 complete=True time=00:00:09
[RETURN id=16472 rank=06239] left=3,5,2,2,3,0,2 status=TIMEOUT layouts=0/1 complete=False time=00:00:20
[RETURN id=16474 rank=06240] left=3,5,2,2,3,2,0 status=TIMEOUT layouts=0/1 complete=False time=00:00:20
[RETURN id=16522 rank=06244] left=3,5,3,0,2,2,2 status=TIMEOUT layouts=0/1 complete=False time=00:00:20
[RETURN id=16564 rank=06246] left=3,5,3,2,2,0,2 status=TIMEOUT layouts=0/1 complete=False time=00:00:20
[RETURN id=16566 rank=06247] left=3,5,3,2,2,2,0 status=TIMEOUT layouts=0/1 complete=False time=00:00:20
[GLOBAL] [###-------------------------] done=405/3505 (11.55%) covered=405 layouts=405 running=14/14 remaining=3100 elapsed=01:15:00 rate=5.40 sig/min ETA=09:34:04
[COVERAGE] selected_mass(global)=47.579% covered_mass(global contribution)=6.318%
[LONGEST] id=20906 rank=6248 left=5,0,2,2,2,3,3 elapsed=00:00:20
[RETURN id=20906 rank=06248] left=5,0,2,2,2,3,3 status=TIMEOUT layouts=0/1 complete=False time=00:00:20
[RETURN id=22186 rank=06262] left=5,2,0,3,2,3,2 status=QUOTA_REACHED layouts=1/1 complete=True time=00:00:11
[RETURN id=20936 rank=06252] left=5,0,2,3,2,3,2 status=TIMEOUT layouts=0/1 complete=False time=00:00:20
[RETURN id=21060 rank=06254] left=5,0,3,2,2,2,3 status=TIMEOUT layouts=0/1 complete=False time=00:00:20
[RETURN id=21066 rank=06256] left=5,0,3,2,3,2,2 status=TIMEOUT layouts=0/1 complete=False time=00:00:20
[RETURN id=22156 rank=06258] left=5,2,0,2,2,3,3 status=TIMEOUT layouts=0/1 complete=False time=00:00:20
[RETURN id=22396 rank=06264] left=5,2,2,0,2,3,3 status=TIMEOUT layouts=0/1 complete=False time=00:00:20
[RETURN id=22162 rank=06260] left=5,2,0,2,3,3,2 status=TIMEOUT layouts=0/1 complete=False time=00:00:20
[RETURN id=22402 rank=06266] left=5,2,2,0,3,3,2 status=TIMEOUT layouts=0/1 complete=False time=00:00:20
[RETURN id=22460 rank=06269] left=5,2,2,2,3,3,0 status=TIMEOUT layouts=0/1 complete=False time=00:00:20
[RETURN id=22468 rank=06270] left=5,2,2,3,0,2,3 status=TIMEOUT layouts=0/1 complete=False time=00:00:20
[RETURN id=22480 rank=06273] left=5,2,2,3,2,3,0 status=TIMEOUT layouts=0/1 complete=False time=00:00:20
[RETURN id=22524 rank=06277] left=5,2,3,0,2,3,2 status=TIMEOUT layouts=0/1 complete=False time=00:00:20
[RETURN id=22566 rank=06279] left=5,2,3,2,0,2,3 status=QUOTA_REACHED layouts=1/1 complete=True time=00:00:19
[RETURN id=22578 rank=06282] left=5,2,3,2,2,3,0 status=TIMEOUT layouts=0/1 complete=False time=00:00:20
[RETURN id=22594 rank=06286] left=5,2,3,3,2,0,2 status=TIMEOUT layouts=0/1 complete=False time=00:00:20
[RETURN id=22596 rank=06287] left=5,2,3,3,2,2,0 status=QUOTA_REACHED layouts=1/1 complete=True time=00:00:19
[RETURN id=22816 rank=06289] left=5,3,0,2,2,3,2 status=TIMEOUT layouts=0/1 complete=False time=00:00:20
[RETURN id=22844 rank=06291] left=5,3,0,3,2,2,2 status=TIMEOUT layouts=0/1 complete=False time=00:00:20
[RETURN id=23028 rank=06292] left=5,3,2,0,2,2,3 status=TIMEOUT layouts=0/1 complete=False time=00:00:20
[GLOBAL] [###-------------------------] done=408/3505 (11.64%) covered=408 layouts=408 running=14/14 remaining=3097 elapsed=01:15:30 rate=5.40 sig/min ETA=09:33:06
[COVERAGE] selected_mass(global)=47.579% covered_mass(global contribution)=6.324%
[LONGEST] id=23034 rank=6294 left=5,3,2,0,3,2,2 elapsed=00:00:20
[RETURN id=23072 rank=06296] left=5,3,2,2,0,3,2 status=TIMEOUT layouts=0/1 complete=False time=00:00:20
[RETURN id=23034 rank=06294] left=5,3,2,0,3,2,2 status=TIMEOUT layouts=0/1 complete=False time=00:00:20
[RETURN id=23084 rank=06299] left=5,3,2,2,3,0,2 status=QUOTA_REACHED layouts=1/1 complete=True time=00:00:18
[RETURN id=23080 rank=06297] left=5,3,2,2,2,0,3 status=TIMEOUT layouts=0/1 complete=False time=00:00:20
[RETURN id=23086 rank=06300] left=5,3,2,2,3,2,0 status=TIMEOUT layouts=0/1 complete=False time=00:00:20
[RETURN id=23092 rank=06301] left=5,3,2,3,0,2,2 status=TIMEOUT layouts=0/1 complete=False time=00:00:20
[RETURN id=23134 rank=06304] left=5,3,3,0,2,2,2 status=TIMEOUT layouts=0/1 complete=False time=00:00:20
[RETURN id=00776 rank=06316] left=0,1,4,4,2,4,2 status=QUOTA_REACHED layouts=1/1 complete=True time=00:00:06
[RETURN id=01054 rank=06319] left=0,2,1,4,2,4,4 status=QUOTA_REACHED layouts=1/1 complete=True time=00:00:07
[RETURN id=23176 rank=06306] left=5,3,3,2,2,0,2 status=TIMEOUT layouts=0/1 complete=False time=00:00:20
[RETURN id=23178 rank=06307] left=5,3,3,2,2,2,0 status=TIMEOUT layouts=0/1 complete=False time=00:00:20
[RETURN id=00524 rank=06308] left=0,1,2,2,4,4,4 status=TIMEOUT layouts=0/1 complete=False time=00:00:20
[RETURN id=00556 rank=06310] left=0,1,2,4,4,2,4 status=TIMEOUT layouts=0/1 complete=False time=00:00:20
[RETURN id=00724 rank=06312] left=0,1,4,2,2,4,4 status=QUOTA_REACHED layouts=1/1 complete=True time=00:00:15
[RETURN id=00558 rank=06311] left=0,1,2,4,4,4,2 status=TIMEOUT layouts=0/1 complete=False time=00:00:20
[RETURN id=00774 rank=06315] left=0,1,4,4,2,2,4 status=TIMEOUT layouts=0/1 complete=False time=00:00:20
[RETURN id=00786 rank=06317] left=0,1,4,4,4,2,2 status=TIMEOUT layouts=0/1 complete=False time=00:00:20
[RETURN id=01418 rank=06332] left=0,2,4,4,1,2,4 status=QUOTA_REACHED layouts=1/1 complete=True time=00:00:12
[RETURN id=01106 rank=06322] left=0,2,2,1,4,4,4 status=TIMEOUT layouts=0/1 complete=False time=00:00:20
[RETURN id=01166 rank=06325] left=0,2,2,4,4,4,1 status=TIMEOUT layouts=0/1 complete=False time=00:00:20
[RETURN id=01426 rank=06335] left=0,2,4,4,2,4,1 status=QUOTA_REACHED layouts=1/1 complete=True time=00:00:14
[RETURN id=02486 rank=06339] left=0,4,1,2,4,2,4 status=QUOTA_REACHED layouts=1/1 complete=True time=00:00:14
[RETURN id=01344 rank=06326] left=0,2,4,1,2,4,4 status=TIMEOUT layouts=0/1 complete=False time=00:00:20
[RETURN id=01376 rank=06330] left=0,2,4,2,4,1,4 status=TIMEOUT layouts=0/1 complete=False time=00:00:20
[RETURN id=01364 rank=06329] left=0,2,4,2,1,4,4 status=TIMEOUT layouts=0/1 complete=False time=00:00:20
[GLOBAL] [###-------------------------] done=415/3505 (11.84%) covered=415 layouts=415 running=14/14 remaining=3090 elapsed=01:16:00 rate=5.46 sig/min ETA=09:25:53
[COVERAGE] selected_mass(global)=47.579% covered_mass(global contribution)=6.335%
[LONGEST] id=1420 rank=6333 left=0,2,4,4,1,4,2 elapsed=00:00:21
[RETURN id=01420 rank=06333] left=0,2,4,4,1,4,2 status=TIMEOUT layouts=0/1 complete=False time=00:00:20
[RETURN id=02626 rank=06348] left=0,4,2,2,4,1,4 status=QUOTA_REACHED layouts=1/1 complete=True time=00:00:10
[RETURN id=01434 rank=06336] left=0,2,4,4,4,1,2 status=TIMEOUT layouts=0/1 complete=False time=00:00:20
[RETURN id=02488 rank=06340] left=0,4,1,2,4,4,2 status=TIMEOUT layouts=0/1 complete=False time=00:00:20
[RETURN id=02594 rank=06344] left=0,4,2,1,2,4,4 status=TIMEOUT layouts=0/1 complete=False time=00:00:20
[RETURN id=02614 rank=06347] left=0,4,2,2,1,4,4 status=TIMEOUT layouts=0/1 complete=False time=00:00:20
[RETURN id=02668 rank=06350] left=0,4,2,4,1,2,4 status=TIMEOUT layouts=0/1 complete=False time=00:00:20
[RETURN id=02670 rank=06351] left=0,4,2,4,1,4,2 status=TIMEOUT layouts=0/1 complete=False time=00:00:20
[RETURN id=02978 rank=06367] left=0,4,4,4,2,2,1 status=QUOTA_REACHED layouts=1/1 complete=True time=00:00:10
[RETURN id=02676 rank=06353] left=0,4,2,4,2,4,1 status=TIMEOUT layouts=0/1 complete=False time=00:00:20
[RETURN id=02684 rank=06354] left=0,4,2,4,4,1,2 status=TIMEOUT layouts=0/1 complete=False time=00:00:20
[RETURN id=02894 rank=06356] left=0,4,4,1,2,2,4 status=TIMEOUT layouts=0/1 complete=False time=00:00:20
[RETURN id=02906 rank=06358] left=0,4,4,1,4,2,2 status=TIMEOUT layouts=0/1 complete=False time=00:00:20
[RETURN id=02918 rank=06359] left=0,4,4,2,1,2,4 status=TIMEOUT layouts=0/1 complete=False time=00:00:20
[RETURN id=02896 rank=06357] left=0,4,4,1,2,4,2 status=TIMEOUT layouts=0/1 complete=False time=00:00:20
[RETURN id=02920 rank=06360] left=0,4,4,2,1,4,2 status=TIMEOUT layouts=0/1 complete=False time=00:00:20
[RETURN id=02926 rank=06362] left=0,4,4,2,2,4,1 status=TIMEOUT layouts=0/1 complete=False time=00:00:20
[RETURN id=02934 rank=06363] left=0,4,4,2,4,1,2 status=TIMEOUT layouts=0/1 complete=False time=00:00:20
[RETURN id=04260 rank=06375] left=1,0,4,4,2,2,4 status=QUOTA_REACHED layouts=1/1 complete=True time=00:00:09
[RETURN id=04010 rank=06368] left=1,0,2,2,4,4,4 status=TIMEOUT layouts=0/1 complete=False time=00:00:20
[GLOBAL] [###-------------------------] done=418/3505 (11.93%) covered=418 layouts=418 running=14/14 remaining=3087 elapsed=01:16:30 rate=5.46 sig/min ETA=09:24:58
[COVERAGE] selected_mass(global)=47.579% covered_mass(global contribution)=6.339%
[LONGEST] id=4042 rank=6370 left=1,0,2,4,4,2,4 elapsed=00:00:19
[RETURN id=04044 rank=06371] left=1,0,2,4,4,4,2 status=QUOTA_REACHED layouts=1/1 complete=True time=00:00:17
[RETURN id=04042 rank=06370] left=1,0,2,4,4,2,4 status=TIMEOUT layouts=0/1 complete=False time=00:00:20
[RETURN id=04534 rank=06389] left=1,1,1,3,5,4,2 status=QUOTA_REACHED layouts=1/1 complete=True time=00:00:09
[RETURN id=04210 rank=06372] left=1,0,4,2,2,4,4 status=TIMEOUT layouts=0/1 complete=False time=00:00:20
[RETURN id=04262 rank=06376] left=1,0,4,4,2,4,2 status=TIMEOUT layouts=0/1 complete=False time=00:00:20
[RETURN id=04272 rank=06377] left=1,0,4,4,4,2,2 status=TIMEOUT layouts=0/1 complete=False time=00:00:20
[RETURN id=04512 rank=06378] left=1,1,1,2,3,4,5 status=TIMEOUT layouts=0/1 complete=False time=00:00:20
[RETURN id=04514 rank=06380] left=1,1,1,2,4,3,5 status=TIMEOUT layouts=0/1 complete=False time=00:00:20
[RETURN id=04516 rank=06381] left=1,1,1,2,4,5,3 status=TIMEOUT layouts=0/1 complete=False time=00:00:20
[RETURN id=04518 rank=06382] left=1,1,1,2,5,3,4 status=TIMEOUT layouts=0/1 complete=False time=00:00:20
[RETURN id=04522 rank=06384] left=1,1,1,3,2,4,5 status=TIMEOUT layouts=0/1 complete=False time=00:00:20
[RETURN id=04530 rank=06387] left=1,1,1,3,4,5,2 status=TIMEOUT layouts=0/1 complete=False time=00:00:20
[RETURN id=04532 rank=06388] left=1,1,1,3,5,2,4 status=TIMEOUT layouts=0/1 complete=False time=00:00:20
[RETURN id=04614 rank=06408] left=1,1,2,3,1,4,5 status=QUOTA_REACHED layouts=1/1 complete=True time=00:00:10
[RETURN id=04542 rank=06392] left=1,1,1,4,3,2,5 status=TIMEOUT layouts=0/1 complete=False time=00:00:20
[RETURN id=04554 rank=06395] left=1,1,1,4,5,3,2 status=TIMEOUT layouts=0/1 complete=False time=00:00:20
[RETURN id=04564 rank=06397] left=1,1,1,5,2,4,3 status=TIMEOUT layouts=0/1 complete=False time=00:00:20
[RETURN id=04574 rank=06401] left=1,1,1,5,4,3,2 status=TIMEOUT layouts=0/1 complete=False time=00:00:20
[RETURN id=04590 rank=06403] left=1,1,2,1,3,5,4 status=TIMEOUT layouts=0/1 complete=False time=00:00:20
[RETURN id=04596 rank=06407] left=1,1,2,1,5,4,3 status=TIMEOUT layouts=0/1 complete=False time=00:00:20
[RETURN id=04632 rank=06413] left=1,1,2,3,5,4,1 status=TIMEOUT layouts=0/1 complete=False time=00:00:20
[GLOBAL] [###-------------------------] done=421/3505 (12.01%) covered=421 layouts=421 running=14/14 remaining=3084 elapsed=01:17:00 rate=5.47 sig/min ETA=09:24:03
[COVERAGE] selected_mass(global)=47.579% covered_mass(global contribution)=6.343%
[LONGEST] id=4636 rank=6414 left=1,1,2,4,1,3,5 elapsed=00:00:20
[RETURN id=04638 rank=06415] left=1,1,2,4,1,5,3 status=TIMEOUT layouts=0/1 complete=False time=00:00:20
[RETURN id=04636 rank=06414] left=1,1,2,4,1,3,5 status=TIMEOUT layouts=0/1 complete=False time=00:00:20
[RETURN id=04664 rank=06421] left=1,1,2,5,1,4,3 status=TIMEOUT layouts=0/1 complete=False time=00:00:20
[RETURN id=04672 rank=06422] left=1,1,2,5,3,1,4 status=TIMEOUT layouts=0/1 complete=False time=00:00:20
[RETURN id=04678 rank=06424] left=1,1,2,5,4,1,3 status=TIMEOUT layouts=0/1 complete=False time=00:00:20
[RETURN id=04680 rank=06425] left=1,1,2,5,4,3,1 status=TIMEOUT layouts=0/1 complete=False time=00:00:20
[RETURN id=04730 rank=06437] left=1,1,3,2,5,4,1 status=QUOTA_REACHED layouts=1/1 complete=True time=00:00:14
[RETURN id=04698 rank=06427] left=1,1,3,1,2,5,4 status=TIMEOUT layouts=0/1 complete=False time=00:00:20
[RETURN id=04702 rank=06428] left=1,1,3,1,4,2,5 status=TIMEOUT layouts=0/1 complete=False time=00:00:20
[RETURN id=04712 rank=06432] left=1,1,3,2,1,4,5 status=TIMEOUT layouts=0/1 complete=False time=00:00:20
[RETURN id=04760 rank=06438] left=1,1,3,4,1,2,5 status=QUOTA_REACHED layouts=1/1 complete=True time=00:00:17
[RETURN id=04764 rank=06440] left=1,1,3,4,2,1,5 status=TIMEOUT layouts=0/1 complete=False time=00:00:20
[RETURN id=04768 rank=06441] left=1,1,3,4,2,5,1 status=TIMEOUT layouts=0/1 complete=False time=00:00:20
[RETURN id=04782 rank=06443] left=1,1,3,4,5,2,1 status=QUOTA_REACHED layouts=1/1 complete=True time=00:00:20
[RETURN id=04794 rank=06446] left=1,1,3,5,2,1,4 status=TIMEOUT layouts=0/1 complete=False time=00:00:20
[RETURN id=04806 rank=06449] left=1,1,3,5,4,2,1 status=TIMEOUT layouts=0/1 complete=False time=00:00:20
[RETURN id=04832 rank=06452] left=1,1,4,1,3,2,5 status=TIMEOUT layouts=0/1 complete=False time=00:00:20
[RETURN id=04856 rank=06458] left=1,1,4,2,3,1,5 status=TIMEOUT layouts=0/1 complete=False time=00:00:20
[RETURN id=04844 rank=06455] left=1,1,4,1,5,3,2 status=TIMEOUT layouts=0/1 complete=False time=00:00:20
[RETURN id=04860 rank=06459] left=1,1,4,2,3,5,1 status=TIMEOUT layouts=0/1 complete=False time=00:00:20
[RETURN id=04868 rank=06460] left=1,1,4,2,5,1,3 status=TIMEOUT layouts=0/1 complete=False time=00:00:20
[RETURN id=04870 rank=06461] left=1,1,4,2,5,3,1 status=TIMEOUT layouts=0/1 complete=False time=00:00:20
[GLOBAL] [###-------------------------] done=424/3505 (12.10%) covered=424 layouts=424 running=14/14 remaining=3081 elapsed=01:17:30 rate=5.47 sig/min ETA=09:23:09
[COVERAGE] selected_mass(global)=47.579% covered_mass(global contribution)=6.347%
[LONGEST] id=4878 rank=6463 left=1,1,4,3,1,5,2 elapsed=00:00:18
[RETURN id=04944 rank=06473] left=1,1,4,5,3,2,1 status=QUOTA_REACHED layouts=1/1 complete=True time=00:00:10
[RETURN id=04878 rank=06463] left=1,1,4,3,1,5,2 status=TIMEOUT layouts=0/1 complete=False time=00:00:20
[RETURN id=04896 rank=06466] left=1,1,4,3,5,1,2 status=TIMEOUT layouts=0/1 complete=False time=00:00:20
[RETURN id=04934 rank=06469] left=1,1,4,5,1,3,2 status=TIMEOUT layouts=0/1 complete=False time=00:00:20
[RETURN id=04988 rank=06478] left=1,1,5,1,4,2,3 status=QUOTA_REACHED layouts=1/1 complete=True time=00:00:10
[RETURN id=04938 rank=06470] left=1,1,4,5,2,1,3 status=TIMEOUT layouts=0/1 complete=False time=00:00:20
[RETURN id=04940 rank=06471] left=1,1,4,5,2,3,1 status=TIMEOUT layouts=0/1 complete=False time=00:00:20
[RETURN id=05010 rank=06482] left=1,1,5,2,3,1,4 status=QUOTA_REACHED layouts=1/1 complete=True time=00:00:15
[RETURN id=04978 rank=06474] left=1,1,5,1,2,3,4 status=TIMEOUT layouts=0/1 complete=False time=00:00:20
[RETURN id=04982 rank=06476] left=1,1,5,1,3,2,4 status=TIMEOUT layouts=0/1 complete=False time=00:00:20
[RETURN id=04984 rank=06477] left=1,1,5,1,3,4,2 status=TIMEOUT layouts=0/1 complete=False time=00:00:20
[RETURN id=05142 rank=06500] left=1,2,0,4,4,2,4 status=QUOTA_REACHED layouts=1/1 complete=True time=00:00:08
[RETURN id=05002 rank=06481] left=1,1,5,2,1,4,3 status=TIMEOUT layouts=0/1 complete=False time=00:00:20
[RETURN id=05144 rank=06501] left=1,2,0,4,4,4,2 status=QUOTA_REACHED layouts=1/1 complete=True time=00:00:08
[RETURN id=05016 rank=06484] left=1,1,5,2,4,1,3 status=TIMEOUT layouts=0/1 complete=False time=00:00:20
[RETURN id=05018 rank=06485] left=1,1,5,2,4,3,1 status=TIMEOUT layouts=0/1 complete=False time=00:00:20
[RETURN id=05034 rank=06488] left=1,1,5,3,2,1,4 status=QUOTA_REACHED layouts=1/1 complete=True time=00:00:20
[RETURN id=05046 rank=06491] left=1,1,5,3,4,2,1 status=TIMEOUT layouts=0/1 complete=False time=00:00:20
[RETURN id=05058 rank=06492] left=1,1,5,4,1,2,3 status=TIMEOUT layouts=0/1 complete=False time=00:00:20
[RETURN id=05068 rank=06496] left=1,1,5,4,3,1,2 status=TIMEOUT layouts=0/1 complete=False time=00:00:20
[RETURN id=05190 rank=06506] left=1,2,1,1,5,3,4 status=QUOTA_REACHED layouts=1/1 complete=True time=00:00:11
[RETURN id=05110 rank=06498] left=1,2,0,2,4,4,4 status=TIMEOUT layouts=0/1 complete=False time=00:00:20
[GLOBAL] [###-------------------------] done=431/3505 (12.30%) covered=431 layouts=431 running=14/14 remaining=3074 elapsed=01:18:00 rate=5.53 sig/min ETA=09:16:19
[COVERAGE] selected_mass(global)=47.579% covered_mass(global contribution)=6.357%
[LONGEST] id=5184 rank=6502 left=1,2,1,1,3,4,5 elapsed=00:00:18
[RETURN id=05186 rank=06504] left=1,2,1,1,4,3,5 status=TIMEOUT layouts=0/1 complete=False time=00:00:20
[RETURN id=05184 rank=06502] left=1,2,1,1,3,4,5 status=TIMEOUT layouts=0/1 complete=False time=00:00:20
[RETURN id=05188 rank=06505] left=1,2,1,1,4,5,3 status=TIMEOUT layouts=0/1 complete=False time=00:00:20
[RETURN id=05210 rank=06509] left=1,2,1,3,1,5,4 status=TIMEOUT layouts=0/1 complete=False time=00:00:20
[RETURN id=05370 rank=06528] left=1,2,2,4,4,0,4 status=QUOTA_REACHED layouts=1/1 complete=True time=00:00:08
[RETURN id=05218 rank=06510] left=1,2,1,3,4,1,5 status=TIMEOUT layouts=0/1 complete=False time=00:00:20
[RETURN id=05222 rank=06511] left=1,2,1,3,4,5,1 status=TIMEOUT layouts=0/1 complete=False time=00:00:20
[RETURN id=05242 rank=06517] left=1,2,1,4,3,5,1 status=TIMEOUT layouts=0/1 complete=False time=00:00:20
[RETURN id=05224 rank=06512] left=1,2,1,3,5,1,4 status=TIMEOUT layouts=0/1 complete=False time=00:00:20
[RETURN id=05238 rank=06516] left=1,2,1,4,3,1,5 status=TIMEOUT layouts=0/1 complete=False time=00:00:20
[RETURN id=05258 rank=06520] left=1,2,1,5,1,3,4 status=TIMEOUT layouts=0/1 complete=False time=00:00:20
[RETURN id=05250 rank=06518] left=1,2,1,4,5,1,3 status=TIMEOUT layouts=0/1 complete=False time=00:00:20
[RETURN id=05252 rank=06519] left=1,2,1,4,5,3,1 status=TIMEOUT layouts=0/1 complete=False time=00:00:20
[RETURN id=05270 rank=06523] left=1,2,1,5,3,4,1 status=TIMEOUT layouts=0/1 complete=False time=00:00:20
[RETURN id=05374 rank=06529] left=1,2,2,4,4,4,0 status=QUOTA_REACHED layouts=1/1 complete=True time=00:00:15
[RETURN id=05422 rank=06530] left=1,2,3,1,1,4,5 status=TIMEOUT layouts=0/1 complete=False time=00:00:20
[RETURN id=05440 rank=06535] left=1,2,3,1,5,4,1 status=TIMEOUT layouts=0/1 complete=False time=00:00:20
[RETURN id=05498 rank=06536] left=1,2,3,4,1,1,5 status=TIMEOUT layouts=0/1 complete=False time=00:00:20
[RETURN id=05502 rank=06537] left=1,2,3,4,1,5,1 status=TIMEOUT layouts=0/1 complete=False time=00:00:20
[RETURN id=05542 rank=06541] left=1,2,3,5,4,1,1 status=TIMEOUT layouts=0/1 complete=False time=00:00:20
[RETURN id=05530 rank=06540] left=1,2,3,5,1,4,1 status=TIMEOUT layouts=0/1 complete=False time=00:00:20
[GLOBAL] [###-------------------------] done=433/3505 (12.35%) covered=433 layouts=433 running=14/14 remaining=3072 elapsed=01:18:30 rate=5.52 sig/min ETA=09:16:56
[COVERAGE] selected_mass(global)=47.579% covered_mass(global contribution)=6.359%
[LONGEST] id=5550 rank=6542 left=1,2,4,0,2,4,4 elapsed=00:00:18
[RETURN id=05576 rank=06547] left=1,2,4,1,3,1,5 status=TIMEOUT layouts=0/1 complete=False time=00:00:20
[RETURN id=05550 rank=06542] left=1,2,4,0,2,4,4 status=TIMEOUT layouts=0/1 complete=False time=00:00:20
[RETURN id=05580 rank=06548] left=1,2,4,1,3,5,1 status=TIMEOUT layouts=0/1 complete=False time=00:00:20
[RETURN id=05678 rank=06563] left=1,2,4,5,1,1,3 status=QUOTA_REACHED layouts=1/1 complete=True time=00:00:06
[RETURN id=05588 rank=06549] left=1,2,4,1,5,1,3 status=TIMEOUT layouts=0/1 complete=False time=00:00:20
[RETURN id=05614 rank=06553] left=1,2,4,2,4,4,0 status=TIMEOUT layouts=0/1 complete=False time=00:00:20
[RETURN id=05610 rank=06552] left=1,2,4,2,4,0,4 status=TIMEOUT layouts=0/1 complete=False time=00:00:20
[RETURN id=05590 rank=06550] left=1,2,4,1,5,3,1 status=TIMEOUT layouts=0/1 complete=False time=00:00:20
[RETURN id=05644 rank=06556] left=1,2,4,3,5,1,1 status=QUOTA_REACHED layouts=1/1 complete=True time=00:00:18
[RETURN id=05730 rank=06568] left=1,2,5,1,3,1,4 status=QUOTA_REACHED layouts=1/1 complete=True time=00:00:09
[RETURN id=05666 rank=06561] left=1,2,4,4,4,0,2 status=TIMEOUT layouts=0/1 complete=False time=00:00:20
[RETURN id=05668 rank=06562] left=1,2,4,4,4,2,0 status=TIMEOUT layouts=0/1 complete=False time=00:00:20
[RETURN id=05680 rank=06564] left=1,2,4,5,1,3,1 status=TIMEOUT layouts=0/1 complete=False time=00:00:20
[RETURN id=05722 rank=06567] left=1,2,5,1,1,4,3 status=TIMEOUT layouts=0/1 complete=False time=00:00:20
[RETURN id=05736 rank=06570] left=1,2,5,1,4,1,3 status=TIMEOUT layouts=0/1 complete=False time=00:00:20
[RETURN id=05792 rank=06574] left=1,2,5,3,4,1,1 status=TIMEOUT layouts=0/1 complete=False time=00:00:20
[RETURN id=05738 rank=06571] left=1,2,5,1,4,3,1 status=TIMEOUT layouts=0/1 complete=False time=00:00:20
[RETURN id=05780 rank=06573] left=1,2,5,3,1,4,1 status=TIMEOUT layouts=0/1 complete=False time=00:00:20
[RETURN id=05812 rank=06577] left=1,2,5,4,3,1,1 status=TIMEOUT layouts=0/1 complete=False time=00:00:20
[RETURN id=05948 rank=06579] left=1,3,1,1,2,5,4 status=TIMEOUT layouts=0/1 complete=False time=00:00:20
[RETURN id=05952 rank=06580] left=1,3,1,1,4,2,5 status=TIMEOUT layouts=0/1 complete=False time=00:00:20
[RETURN id=05980 rank=06589] left=1,3,1,2,5,4,1 status=TIMEOUT layouts=0/1 complete=False time=00:00:20
[RETURN id=05962 rank=06584] left=1,3,1,2,1,4,5 status=TIMEOUT layouts=0/1 complete=False time=00:00:20
[RETURN id=06010 rank=06590] left=1,3,1,4,1,2,5 status=TIMEOUT layouts=0/1 complete=False time=00:00:20
[GLOBAL] [###-------------------------] done=436/3505 (12.44%) covered=436 layouts=436 running=14/14 remaining=3069 elapsed=01:19:00 rate=5.52 sig/min ETA=09:16:05
[COVERAGE] selected_mass(global)=47.579% covered_mass(global contribution)=6.364%
[LONGEST] id=6014 rank=6592 left=1,3,1,4,2,1,5 elapsed=00:00:14
[RETURN id=06014 rank=06592] left=1,3,1,4,2,1,5 status=TIMEOUT layouts=0/1 complete=False time=00:00:20
[RETURN id=06018 rank=06593] left=1,3,1,4,2,5,1 status=TIMEOUT layouts=0/1 complete=False time=00:00:20
[RETURN id=06032 rank=06595] left=1,3,1,4,5,2,1 status=TIMEOUT layouts=0/1 complete=False time=00:00:20
[RETURN id=06044 rank=06598] left=1,3,1,5,2,1,4 status=TIMEOUT layouts=0/1 complete=False time=00:00:20
[RETURN id=06056 rank=06601] left=1,3,1,5,4,2,1 status=TIMEOUT layouts=0/1 complete=False time=00:00:20
[RETURN id=06078 rank=06603] left=1,3,2,1,1,5,4 status=TIMEOUT layouts=0/1 complete=False time=00:00:20
[RETURN id=06086 rank=06604] left=1,3,2,1,4,1,5 status=TIMEOUT layouts=0/1 complete=False time=00:00:20
[RETURN id=06090 rank=06605] left=1,3,2,1,4,5,1 status=TIMEOUT layouts=0/1 complete=False time=00:00:20
[RETURN id=06092 rank=06606] left=1,3,2,1,5,1,4 status=TIMEOUT layouts=0/1 complete=False time=00:00:20
[RETURN id=06174 rank=06610] left=1,3,2,4,5,1,1 status=TIMEOUT layouts=0/1 complete=False time=00:00:20
[RETURN id=06182 rank=06611] left=1,3,2,5,1,1,4 status=TIMEOUT layouts=0/1 complete=False time=00:00:20
[RETURN id=06378 rank=06615] left=1,3,4,1,1,5,2 status=TIMEOUT layouts=0/1 complete=False time=00:00:20
[RETURN id=06396 rank=06618] left=1,3,4,1,5,1,2 status=TIMEOUT layouts=0/1 complete=False time=00:00:20
[RETURN id=06424 rank=06622] left=1,3,4,2,5,1,1 status=TIMEOUT layouts=0/1 complete=False time=00:00:20
[RETURN id=06478 rank=06623] left=1,3,4,5,1,1,2 status=TIMEOUT layouts=0/1 complete=False time=00:00:20
[RETURN id=06482 rank=06625] left=1,3,4,5,2,1,1 status=TIMEOUT layouts=0/1 complete=False time=00:00:20
[RETURN id=06524 rank=06628] left=1,3,5,1,2,1,4 status=QUOTA_REACHED layouts=1/1 complete=True time=00:00:18
[GLOBAL] [###-------------------------] done=437/3505 (12.47%) covered=437 layouts=437 running=14/14 remaining=3068 elapsed=01:19:30 rate=5.50 sig/min ETA=09:18:08
[COVERAGE] selected_mass(global)=47.579% covered_mass(global contribution)=6.365%
[LONGEST] id=6536 rank=6631 left=1,3,5,1,4,2,1 elapsed=00:00:21
[RETURN id=06536 rank=06631] left=1,3,5,1,4,2,1 status=TIMEOUT layouts=0/1 complete=False time=00:00:20
[RETURN id=06550 rank=06633] left=1,3,5,2,1,4,1 status=TIMEOUT layouts=0/1 complete=False time=00:00:20
[RETURN id=06562 rank=06634] left=1,3,5,2,4,1,1 status=TIMEOUT layouts=0/1 complete=False time=00:00:20
[RETURN id=06648 rank=06639] left=1,4,0,2,4,2,4 status=TIMEOUT layouts=0/1 complete=False time=00:00:20
[RETURN id=06594 rank=06636] left=1,3,5,4,1,2,1 status=TIMEOUT layouts=0/1 complete=False time=00:00:20
[RETURN id=06650 rank=06640] left=1,4,0,2,4,4,2 status=TIMEOUT layouts=0/1 complete=False time=00:00:20
[RETURN id=06770 rank=06649] left=1,4,1,1,5,3,2 status=TIMEOUT layouts=0/1 complete=False time=00:00:20
[RETURN id=06758 rank=06646] left=1,4,1,1,3,2,5 status=TIMEOUT layouts=0/1 complete=False time=00:00:20
[RETURN id=06782 rank=06652] left=1,4,1,2,3,1,5 status=TIMEOUT layouts=0/1 complete=False time=00:00:20
[RETURN id=06786 rank=06653] left=1,4,1,2,3,5,1 status=TIMEOUT layouts=0/1 complete=False time=00:00:20
[RETURN id=06794 rank=06654] left=1,4,1,2,5,1,3 status=QUOTA_REACHED layouts=1/1 complete=True time=00:00:20
[RETURN id=06822 rank=06660] left=1,4,1,3,5,1,2 status=QUOTA_REACHED layouts=1/1 complete=True time=00:00:17
[RETURN id=06796 rank=06655] left=1,4,1,2,5,3,1 status=TIMEOUT layouts=0/1 complete=False time=00:00:20
[RETURN id=06804 rank=06657] left=1,4,1,3,1,5,2 status=TIMEOUT layouts=0/1 complete=False time=00:00:20
[RETURN id=06860 rank=06663] left=1,4,1,5,1,3,2 status=TIMEOUT layouts=0/1 complete=False time=00:00:20
[RETURN id=06864 rank=06664] left=1,4,1,5,2,1,3 status=TIMEOUT layouts=0/1 complete=False time=00:00:20
[RETURN id=06870 rank=06667] left=1,4,1,5,3,2,1 status=TIMEOUT layouts=0/1 complete=False time=00:00:20
[RETURN id=06866 rank=06665] left=1,4,1,5,2,3,1 status=TIMEOUT layouts=0/1 complete=False time=00:00:20
[RETURN id=06888 rank=06669] left=1,4,2,0,4,2,4 status=TIMEOUT layouts=0/1 complete=False time=00:00:20
[RETURN id=06902 rank=06672] left=1,4,2,1,1,5,3 status=TIMEOUT layouts=0/1 complete=False time=00:00:20
[RETURN id=06890 rank=06670] left=1,4,2,0,4,4,2 status=TIMEOUT layouts=0/1 complete=False time=00:00:20
[RETURN id=06900 rank=06671] left=1,4,2,1,1,3,5 status=TIMEOUT layouts=0/1 complete=False time=00:00:20
[RETURN id=06924 rank=06677] left=1,4,2,2,0,4,4 status=TIMEOUT layouts=0/1 complete=False time=00:00:20
[GLOBAL] [###-------------------------] done=439/3505 (12.52%) covered=439 layouts=439 running=14/14 remaining=3066 elapsed=01:20:00 rate=5.49 sig/min ETA=09:18:43
[COVERAGE] selected_mass(global)=47.579% covered_mass(global contribution)=6.368%
[LONGEST] id=6954 rank=6680 left=1,4,2,3,1,1,5 elapsed=00:00:20
[RETURN id=06954 rank=06680] left=1,4,2,3,1,1,5 status=TIMEOUT layouts=0/1 complete=False time=00:00:20
[RETURN id=06958 rank=06681] left=1,4,2,3,1,5,1 status=TIMEOUT layouts=0/1 complete=False time=00:00:20
[RETURN id=06978 rank=06683] left=1,4,2,4,0,2,4 status=TIMEOUT layouts=0/1 complete=False time=00:00:20
[RETURN id=06980 rank=06684] left=1,4,2,4,0,4,2 status=TIMEOUT layouts=0/1 complete=False time=00:00:20
[RETURN id=06988 rank=06685] left=1,4,2,4,2,0,4 status=TIMEOUT layouts=0/1 complete=False time=00:00:20
[RETURN id=06992 rank=06686] left=1,4,2,4,2,4,0 status=TIMEOUT layouts=0/1 complete=False time=00:00:20
[RETURN id=07018 rank=06691] left=1,4,2,5,3,1,1 status=TIMEOUT layouts=0/1 complete=False time=00:00:20
[RETURN id=07054 rank=06693] left=1,4,3,1,1,5,2 status=TIMEOUT layouts=0/1 complete=False time=00:00:20
[RETURN id=07072 rank=06696] left=1,4,3,1,5,1,2 status=TIMEOUT layouts=0/1 complete=False time=00:00:20
[RETURN id=07100 rank=06700] left=1,4,3,2,5,1,1 status=TIMEOUT layouts=0/1 complete=False time=00:00:20
[RETURN id=07154 rank=06701] left=1,4,3,5,1,1,2 status=TIMEOUT layouts=0/1 complete=False time=00:00:20
[RETURN id=07158 rank=06703] left=1,4,3,5,2,1,1 status=TIMEOUT layouts=0/1 complete=False time=00:00:20
[RETURN id=07220 rank=06708] left=1,4,4,2,0,4,2 status=TIMEOUT layouts=0/1 complete=False time=00:00:20
[RETURN id=07218 rank=06707] left=1,4,4,2,0,2,4 status=TIMEOUT layouts=0/1 complete=False time=00:00:20
[RETURN id=07228 rank=06709] left=1,4,4,2,2,0,4 status=TIMEOUT layouts=0/1 complete=False time=00:00:20
[RETURN id=07232 rank=06710] left=1,4,4,2,2,4,0 status=TIMEOUT layouts=0/1 complete=False time=00:00:20
[RETURN id=07272 rank=06714] left=1,4,4,4,2,0,2 status=TIMEOUT layouts=0/1 complete=False time=00:00:20
[GLOBAL] [###-------------------------] done=439/3505 (12.52%) covered=439 layouts=439 running=14/14 remaining=3066 elapsed=01:20:30 rate=5.45 sig/min ETA=09:22:13
[COVERAGE] selected_mass(global)=47.579% covered_mass(global contribution)=6.368%
[LONGEST] id=7274 rank=6715 left=1,4,4,4,2,2,0 elapsed=00:00:20
[RETURN id=07274 rank=06715] left=1,4,4,4,2,2,0 status=TIMEOUT layouts=0/1 complete=False time=00:00:20
[RETURN id=07322 rank=06716] left=1,4,5,1,1,2,3 status=TIMEOUT layouts=0/1 complete=False time=00:00:20
[RETURN id=07332 rank=06720] left=1,4,5,1,3,1,2 status=TIMEOUT layouts=0/1 complete=False time=00:00:20
[RETURN id=07356 rank=06724] left=1,4,5,2,3,1,1 status=TIMEOUT layouts=0/1 complete=False time=00:00:20
[RETURN id=07368 rank=06726] left=1,4,5,3,1,2,1 status=TIMEOUT layouts=0/1 complete=False time=00:00:20
[RETURN id=07560 rank=06729] left=1,5,1,1,2,4,3 status=TIMEOUT layouts=0/1 complete=False time=00:00:20
[RETURN id=07570 rank=06733] left=1,5,1,1,4,3,2 status=TIMEOUT layouts=0/1 complete=False time=00:00:20
[RETURN id=07582 rank=06734] left=1,5,1,2,1,3,4 status=TIMEOUT layouts=0/1 complete=False time=00:00:20
[RETURN id=07610 rank=06740] left=1,5,1,3,1,2,4 status=TIMEOUT layouts=0/1 complete=False time=00:00:20
[RETURN id=07594 rank=06737] left=1,5,1,2,3,4,1 status=TIMEOUT layouts=0/1 complete=False time=00:00:20
[RETURN id=07612 rank=06741] left=1,5,1,3,1,4,2 status=TIMEOUT layouts=0/1 complete=False time=00:00:20
[RETURN id=07618 rank=06743] left=1,5,1,3,2,4,1 status=TIMEOUT layouts=0/1 complete=False time=00:00:20
[RETURN id=07626 rank=06744] left=1,5,1,3,4,1,2 status=TIMEOUT layouts=0/1 complete=False time=00:00:20
[RETURN id=07640 rank=06747] left=1,5,1,4,1,3,2 status=TIMEOUT layouts=0/1 complete=False time=00:00:20
[RETURN id=07646 rank=06749] left=1,5,1,4,2,3,1 status=QUOTA_REACHED layouts=1/1 complete=True time=00:00:18
[RETURN id=07644 rank=06748] left=1,5,1,4,2,1,3 status=TIMEOUT layouts=0/1 complete=False time=00:00:20
[RETURN id=07650 rank=06751] left=1,5,1,4,3,2,1 status=TIMEOUT layouts=0/1 complete=False time=00:00:20
[RETURN id=07708 rank=06753] left=1,5,2,1,1,4,3 status=TIMEOUT layouts=0/1 complete=False time=00:00:20
[RETURN id=07716 rank=06754] left=1,5,2,1,3,1,4 status=TIMEOUT layouts=0/1 complete=False time=00:00:20
[RETURN id=07722 rank=06756] left=1,5,2,1,4,1,3 status=TIMEOUT layouts=0/1 complete=False time=00:00:20
[GLOBAL] [###-------------------------] done=440/3505 (12.55%) covered=440 layouts=440 running=14/14 remaining=3065 elapsed=01:21:00 rate=5.43 sig/min ETA=09:24:14
[COVERAGE] selected_mass(global)=47.579% covered_mass(global contribution)=6.369%
[LONGEST] id=7724 rank=6757 left=1,5,2,1,4,3,1 elapsed=00:00:21
[RETURN id=07724 rank=06757] left=1,5,2,1,4,3,1 status=TIMEOUT layouts=0/1 complete=False time=00:00:20
[RETURN id=07766 rank=06759] left=1,5,2,3,1,4,1 status=TIMEOUT layouts=0/1 complete=False time=00:00:20
[RETURN id=07850 rank=06764] left=1,5,3,1,1,2,4 status=TIMEOUT layouts=0/1 complete=False time=00:00:20
[RETURN id=07778 rank=06760] left=1,5,2,3,4,1,1 status=TIMEOUT layouts=0/1 complete=False time=00:00:20
[RETURN id=07798 rank=06763] left=1,5,2,4,3,1,1 status=TIMEOUT layouts=0/1 complete=False time=00:00:20
[RETURN id=07852 rank=06765] left=1,5,3,1,1,4,2 status=TIMEOUT layouts=0/1 complete=False time=00:00:20
[RETURN id=07858 rank=06767] left=1,5,3,1,2,4,1 status=TIMEOUT layouts=0/1 complete=False time=00:00:20
[RETURN id=07866 rank=06768] left=1,5,3,1,4,1,2 status=TIMEOUT layouts=0/1 complete=False time=00:00:20
[RETURN id=07878 rank=06770] left=1,5,3,2,1,1,4 status=TIMEOUT layouts=0/1 complete=False time=00:00:20
[RETURN id=07924 rank=06773] left=1,5,3,4,1,1,2 status=TIMEOUT layouts=0/1 complete=False time=00:00:20
[RETURN id=07928 rank=06775] left=1,5,3,4,2,1,1 status=TIMEOUT layouts=0/1 complete=False time=00:00:20
[RETURN id=07978 rank=06777] left=1,5,4,1,1,3,2 status=TIMEOUT layouts=0/1 complete=False time=00:00:20
[RETURN id=07982 rank=06778] left=1,5,4,1,2,1,3 status=TIMEOUT layouts=0/1 complete=False time=00:00:20
[RETURN id=07984 rank=06779] left=1,5,4,1,2,3,1 status=TIMEOUT layouts=0/1 complete=False time=00:00:20
[RETURN id=07988 rank=06781] left=1,5,4,1,3,2,1 status=TIMEOUT layouts=0/1 complete=False time=00:00:20
[RETURN id=08002 rank=06782] left=1,5,4,2,1,1,3 status=TIMEOUT layouts=0/1 complete=False time=00:00:20
[RETURN id=08004 rank=06783] left=1,5,4,2,1,3,1 status=TIMEOUT layouts=0/1 complete=False time=00:00:20
[RETURN id=08022 rank=06785] left=1,5,4,3,1,1,2 status=TIMEOUT layouts=0/1 complete=False time=00:00:20
[RETURN id=08026 rank=06787] left=1,5,4,3,2,1,1 status=TIMEOUT layouts=0/1 complete=False time=00:00:20
[RETURN id=08196 rank=06788] left=2,0,1,2,4,4,4 status=TIMEOUT layouts=0/1 complete=False time=00:00:20
[RETURN id=08228 rank=06790] left=2,0,1,4,4,2,4 status=TIMEOUT layouts=0/1 complete=False time=00:00:20
[RETURN id=08520 rank=06798] left=2,0,4,1,4,4,2 status=QUOTA_REACHED layouts=1/1 complete=True time=00:00:09
[GLOBAL] [###-------------------------] done=441/3505 (12.58%) covered=441 layouts=441 running=14/14 remaining=3064 elapsed=01:21:30 rate=5.41 sig/min ETA=09:26:15
[COVERAGE] selected_mass(global)=47.579% covered_mass(global contribution)=6.370%
[LONGEST] id=8230 rank=6791 left=2,0,1,4,4,4,2 elapsed=00:00:20
[RETURN id=08230 rank=06791] left=2,0,1,4,4,4,2 status=TIMEOUT layouts=0/1 complete=False time=00:00:20
[RETURN id=08602 rank=06807] left=2,0,4,4,4,2,1 status=QUOTA_REACHED layouts=1/1 complete=True time=00:00:08
[RETURN id=08590 rank=06804] left=2,0,4,4,2,1,4 status=QUOTA_REACHED layouts=1/1 complete=True time=00:00:10
[RETURN id=08318 rank=06793] left=2,0,2,4,1,4,4 status=TIMEOUT layouts=0/1 complete=False time=00:00:20
[RETURN id=08330 rank=06794] left=2,0,2,4,4,1,4 status=QUOTA_REACHED layouts=1/1 complete=True time=00:00:19
[RETURN id=08518 rank=06797] left=2,0,4,1,4,2,4 status=QUOTA_REACHED layouts=1/1 complete=True time=00:00:19
[RETURN id=08890 rank=06818] left=2,1,1,3,1,4,5 status=QUOTA_REACHED layouts=1/1 complete=True time=00:00:11
[RETURN id=08546 rank=06801] left=2,0,4,2,4,4,1 status=TIMEOUT layouts=0/1 complete=False time=00:00:20
[RETURN id=08872 rank=06817] left=2,1,1,1,5,4,3 status=QUOTA_REACHED layouts=1/1 complete=True time=00:00:19
[RETURN id=08816 rank=06809] left=2,1,0,4,2,4,4 status=TIMEOUT layouts=0/1 complete=False time=00:00:20
[RETURN id=08866 rank=06813] left=2,1,1,1,3,5,4 status=TIMEOUT layouts=0/1 complete=False time=00:00:20
[RETURN id=08954 rank=06834] left=2,1,1,5,4,1,3 status=QUOTA_REACHED layouts=1/1 complete=True time=00:00:10
[RETURN id=08908 rank=06823] left=2,1,1,3,5,4,1 status=TIMEOUT layouts=0/1 complete=False time=00:00:20
[RETURN id=08914 rank=06825] left=2,1,1,4,1,5,3 status=TIMEOUT layouts=0/1 complete=False time=00:00:20
[RETURN id=08912 rank=06824] left=2,1,1,4,1,3,5 status=TIMEOUT layouts=0/1 complete=False time=00:00:20
[RETURN id=08940 rank=06831] left=2,1,1,5,1,4,3 status=TIMEOUT layouts=0/1 complete=False time=00:00:20
[RETURN id=09034 rank=06837] left=2,1,2,4,0,4,4 status=QUOTA_REACHED layouts=1/1 complete=True time=00:00:17
[RETURN id=08948 rank=06832] left=2,1,1,5,3,1,4 status=TIMEOUT layouts=0/1 complete=False time=00:00:20
[RETURN id=08956 rank=06835] left=2,1,1,5,4,3,1 status=TIMEOUT layouts=0/1 complete=False time=00:00:20
[RETURN id=08966 rank=06836] left=2,1,2,0,4,4,4 status=TIMEOUT layouts=0/1 complete=False time=00:00:20
[RETURN id=09104 rank=06841] left=2,1,3,1,1,5,4 status=TIMEOUT layouts=0/1 complete=False time=00:00:20
[GLOBAL] [###-------------------------] done=449/3505 (12.81%) covered=449 layouts=449 running=14/14 remaining=3056 elapsed=01:22:00 rate=5.48 sig/min ETA=09:18:07
[COVERAGE] selected_mass(global)=47.579% covered_mass(global contribution)=6.381%
[LONGEST] id=9112 rank=6842 left=2,1,3,1,4,1,5 elapsed=00:00:20
[RETURN id=09112 rank=06842] left=2,1,3,1,4,1,5 status=TIMEOUT layouts=0/1 complete=False time=00:00:20
[RETURN id=09118 rank=06844] left=2,1,3,1,5,1,4 status=QUOTA_REACHED layouts=1/1 complete=True time=00:00:19
[RETURN id=09208 rank=06849] left=2,1,3,5,1,1,4 status=QUOTA_REACHED layouts=1/1 complete=True time=00:00:19
[RETURN id=09116 rank=06843] left=2,1,3,1,4,5,1 status=TIMEOUT layouts=0/1 complete=False time=00:00:20
[RETURN id=09200 rank=06848] left=2,1,3,4,5,1,1 status=TIMEOUT layouts=0/1 complete=False time=00:00:20
[RETURN id=09238 rank=06853] left=2,1,4,0,4,2,4 status=TIMEOUT layouts=0/1 complete=False time=00:00:20
[RETURN id=09240 rank=06854] left=2,1,4,0,4,4,2 status=TIMEOUT layouts=0/1 complete=False time=00:00:20
[RETURN id=09250 rank=06855] left=2,1,4,1,1,3,5 status=TIMEOUT layouts=0/1 complete=False time=00:00:20
[RETURN id=09252 rank=06856] left=2,1,4,1,1,5,3 status=TIMEOUT layouts=0/1 complete=False time=00:00:20
[RETURN id=09274 rank=06861] left=2,1,4,2,0,4,4 status=TIMEOUT layouts=0/1 complete=False time=00:00:20
[RETURN id=09304 rank=06864] left=2,1,4,3,1,1,5 status=TIMEOUT layouts=0/1 complete=False time=00:00:20
[RETURN id=09308 rank=06865] left=2,1,4,3,1,5,1 status=TIMEOUT layouts=0/1 complete=False time=00:00:20
[RETURN id=09328 rank=06867] left=2,1,4,4,0,2,4 status=TIMEOUT layouts=0/1 complete=False time=00:00:20
[RETURN id=09330 rank=06868] left=2,1,4,4,0,4,2 status=TIMEOUT layouts=0/1 complete=False time=00:00:20
[RETURN id=09414 rank=06879] left=2,1,5,1,3,4,1 status=QUOTA_REACHED layouts=1/1 complete=True time=00:00:14
[RETURN id=09458 rank=06882] left=2,1,5,3,1,1,4 status=QUOTA_REACHED layouts=1/1 complete=True time=00:00:12
[RETURN id=09338 rank=06869] left=2,1,4,4,2,0,4 status=TIMEOUT layouts=0/1 complete=False time=00:00:20
[RETURN id=09342 rank=06870] left=2,1,4,4,2,4,0 status=TIMEOUT layouts=0/1 complete=False time=00:00:20
[RETURN id=09368 rank=06875] left=2,1,4,5,3,1,1 status=TIMEOUT layouts=0/1 complete=False time=00:00:20
[RETURN id=09402 rank=06876] left=2,1,5,1,1,3,4 status=TIMEOUT layouts=0/1 complete=False time=00:00:20
[RETURN id=09706 rank=06894] left=2,2,1,4,4,0,4 status=QUOTA_REACHED layouts=1/1 complete=True time=00:00:13
[RETURN id=09484 rank=06885] left=2,1,5,4,1,1,3 status=TIMEOUT layouts=0/1 complete=False time=00:00:20
[GLOBAL] [###-------------------------] done=454/3505 (12.95%) covered=454 layouts=454 running=14/14 remaining=3051 elapsed=01:22:30 rate=5.50 sig/min ETA=09:14:25
[COVERAGE] selected_mass(global)=47.579% covered_mass(global contribution)=6.388%
[LONGEST] id=9486 rank=6886 left=2,1,5,4,1,3,1 elapsed=00:00:21
[RETURN id=09486 rank=06886] left=2,1,5,4,1,3,1 status=TIMEOUT layouts=0/1 complete=False time=00:00:20
[RETURN id=09568 rank=06889] left=2,2,0,4,1,4,4 status=TIMEOUT layouts=0/1 complete=False time=00:00:20
[RETURN id=09580 rank=06890] left=2,2,0,4,4,1,4 status=TIMEOUT layouts=0/1 complete=False time=00:00:20
[RETURN id=09710 rank=06895] left=2,2,1,4,4,4,0 status=TIMEOUT layouts=0/1 complete=False time=00:00:20
[RETURN id=10046 rank=06898] left=2,2,4,0,4,4,1 status=TIMEOUT layouts=0/1 complete=False time=00:00:20
[RETURN id=10150 rank=06906] left=2,2,4,4,4,0,1 status=QUOTA_REACHED layouts=1/1 complete=True time=00:00:15
[RETURN id=10054 rank=06899] left=2,2,4,1,0,4,4 status=TIMEOUT layouts=0/1 complete=False time=00:00:20
[RETURN id=10136 rank=06903] left=2,2,4,4,0,4,1 status=TIMEOUT layouts=0/1 complete=False time=00:00:20
[RETURN id=10138 rank=06904] left=2,2,4,4,1,0,4 status=QUOTA_REACHED layouts=1/1 complete=True time=00:00:17
[RETURN id=10142 rank=06905] left=2,2,4,4,1,4,0 status=TIMEOUT layouts=0/1 complete=False time=00:00:20
[RETURN id=10434 rank=06908] left=2,3,1,1,1,4,5 status=TIMEOUT layouts=0/1 complete=False time=00:00:20
[RETURN id=10452 rank=06913] left=2,3,1,1,5,4,1 status=TIMEOUT layouts=0/1 complete=False time=00:00:20
[RETURN id=11002 rank=06924] left=2,3,5,1,1,1,4 status=QUOTA_REACHED layouts=1/1 complete=True time=00:00:09
[RETURN id=10510 rank=06914] left=2,3,1,4,1,1,5 status=TIMEOUT layouts=0/1 complete=False time=00:00:20
[RETURN id=10514 rank=06915] left=2,3,1,4,1,5,1 status=TIMEOUT layouts=0/1 complete=False time=00:00:20
[RETURN id=10542 rank=06918] left=2,3,1,5,1,4,1 status=TIMEOUT layouts=0/1 complete=False time=00:00:20
[RETURN id=10554 rank=06919] left=2,3,1,5,4,1,1 status=TIMEOUT layouts=0/1 complete=False time=00:00:20
[RETURN id=10896 rank=06922] left=2,3,4,1,5,1,1 status=TIMEOUT layouts=0/1 complete=False time=00:00:20
[RETURN id=10964 rank=06923] left=2,3,4,5,1,1,1 status=TIMEOUT layouts=0/1 complete=False time=00:00:20
[RETURN id=11062 rank=06927] left=2,3,5,4,1,1,1 status=TIMEOUT layouts=0/1 complete=False time=00:00:20
[RETURN id=11092 rank=06928] left=2,4,0,1,2,4,4 status=TIMEOUT layouts=0/1 complete=False time=00:00:20
[RETURN id=11112 rank=06931] left=2,4,0,2,1,4,4 status=TIMEOUT layouts=0/1 complete=False time=00:00:20
[RETURN id=11124 rank=06932] left=2,4,0,2,4,1,4 status=TIMEOUT layouts=0/1 complete=False time=00:00:20
[GLOBAL] [###-------------------------] done=457/3505 (13.04%) covered=457 layouts=457 running=14/14 remaining=3048 elapsed=01:23:00 rate=5.51 sig/min ETA=09:13:35
[COVERAGE] selected_mass(global)=47.579% covered_mass(global contribution)=6.392%
[LONGEST] id=11166 rank=6934 left=2,4,0,4,1,2,4 elapsed=00:00:18
[RETURN id=11166 rank=06934] left=2,4,0,4,1,2,4 status=TIMEOUT layouts=0/1 complete=False time=00:00:20
[RETURN id=11168 rank=06935] left=2,4,0,4,1,4,2 status=TIMEOUT layouts=0/1 complete=False time=00:00:20
[RETURN id=11174 rank=06937] left=2,4,0,4,2,4,1 status=TIMEOUT layouts=0/1 complete=False time=00:00:20
[RETURN id=11182 rank=06938] left=2,4,0,4,4,1,2 status=TIMEOUT layouts=0/1 complete=False time=00:00:20
[RETURN id=11224 rank=06941] left=2,4,1,0,4,2,4 status=TIMEOUT layouts=0/1 complete=False time=00:00:20
[RETURN id=11226 rank=06942] left=2,4,1,0,4,4,2 status=TIMEOUT layouts=0/1 complete=False time=00:00:20
[RETURN id=11236 rank=06943] left=2,4,1,1,1,3,5 status=TIMEOUT layouts=0/1 complete=False time=00:00:20
[RETURN id=11238 rank=06944] left=2,4,1,1,1,5,3 status=TIMEOUT layouts=0/1 complete=False time=00:00:20
[RETURN id=11260 rank=06949] left=2,4,1,2,0,4,4 status=TIMEOUT layouts=0/1 complete=False time=00:00:20
[RETURN id=11290 rank=06952] left=2,4,1,3,1,1,5 status=TIMEOUT layouts=0/1 complete=False time=00:00:20
[RETURN id=11294 rank=06953] left=2,4,1,3,1,5,1 status=TIMEOUT layouts=0/1 complete=False time=00:00:20
[RETURN id=11316 rank=06956] left=2,4,1,4,0,4,2 status=TIMEOUT layouts=0/1 complete=False time=00:00:20
[RETURN id=11314 rank=06955] left=2,4,1,4,0,2,4 status=TIMEOUT layouts=0/1 complete=False time=00:00:20
[RETURN id=11324 rank=06957] left=2,4,1,4,2,0,4 status=TIMEOUT layouts=0/1 complete=False time=00:00:20
[RETURN id=11328 rank=06958] left=2,4,1,4,2,4,0 status=TIMEOUT layouts=0/1 complete=False time=00:00:20
[RETURN id=11354 rank=06963] left=2,4,1,5,3,1,1 status=TIMEOUT layouts=0/1 complete=False time=00:00:20
[RETURN id=11362 rank=06964] left=2,4,2,0,1,4,4 status=TIMEOUT layouts=0/1 complete=False time=00:00:20
[RETURN id=11374 rank=06965] left=2,4,2,0,4,1,4 status=TIMEOUT layouts=0/1 complete=False time=00:00:20
[RETURN id=11402 rank=06968] left=2,4,2,1,4,0,4 status=TIMEOUT layouts=0/1 complete=False time=00:00:20
[GLOBAL] [###-------------------------] done=457/3505 (13.04%) covered=457 layouts=457 running=14/14 remaining=3048 elapsed=01:23:30 rate=5.47 sig/min ETA=09:16:55
[COVERAGE] selected_mass(global)=47.579% covered_mass(global contribution)=6.392%
[LONGEST] id=11406 rank=6969 left=2,4,2,1,4,4,0 elapsed=00:00:20
[RETURN id=11406 rank=06969] left=2,4,2,1,4,4,0 status=TIMEOUT layouts=0/1 complete=False time=00:00:20
[RETURN id=11464 rank=06970] left=2,4,2,4,0,1,4 status=TIMEOUT layouts=0/1 complete=False time=00:00:20
[RETURN id=11482 rank=06975] left=2,4,2,4,4,1,0 status=TIMEOUT layouts=0/1 complete=False time=00:00:20
[RETURN id=11530 rank=06976] left=2,4,3,1,1,1,5 status=TIMEOUT layouts=0/1 complete=False time=00:00:20
[RETURN id=11534 rank=06977] left=2,4,3,1,1,5,1 status=TIMEOUT layouts=0/1 complete=False time=00:00:20
[RETURN id=11634 rank=06982] left=2,4,4,0,2,1,4 status=TIMEOUT layouts=0/1 complete=False time=00:00:20
[RETURN id=11646 rank=06985] left=2,4,4,0,4,2,1 status=TIMEOUT layouts=0/1 complete=False time=00:00:20
[RETURN id=11652 rank=06986] left=2,4,4,1,0,2,4 status=TIMEOUT layouts=0/1 complete=False time=00:00:20
[RETURN id=11654 rank=06987] left=2,4,4,1,0,4,2 status=TIMEOUT layouts=0/1 complete=False time=00:00:20
[RETURN id=11662 rank=06988] left=2,4,4,1,2,0,4 status=TIMEOUT layouts=0/1 complete=False time=00:00:20
[RETURN id=11666 rank=06989] left=2,4,4,1,2,4,0 status=TIMEOUT layouts=0/1 complete=False time=00:00:20
[RETURN id=11680 rank=06993] left=2,4,4,2,0,4,1 status=TIMEOUT layouts=0/1 complete=False time=00:00:20
[RETURN id=11714 rank=06999] left=2,4,4,4,0,2,1 status=QUOTA_REACHED layouts=1/1 complete=True time=00:00:13
[RETURN id=11694 rank=06996] left=2,4,4,2,4,0,1 status=QUOTA_REACHED layouts=1/1 complete=True time=00:00:18
[RETURN id=11682 rank=06994] left=2,4,4,2,1,0,4 status=TIMEOUT layouts=0/1 complete=False time=00:00:20
[RETURN id=11686 rank=06995] left=2,4,4,2,1,4,0 status=TIMEOUT layouts=0/1 complete=False time=00:00:20
[RETURN id=11716 rank=07000] left=2,4,4,4,1,0,2 status=TIMEOUT layouts=0/1 complete=False time=00:00:20
[GLOBAL] [###-------------------------] done=459/3505 (13.10%) covered=459 layouts=459 running=0/14 remaining=3046 elapsed=01:23:54 rate=5.47 sig/min ETA=09:16:49
[COVERAGE] selected_mass(global)=47.579% covered_mass(global contribution)=6.395%
[SCAN] 运行结束，做一次最终磁盘校正……

===== V5.1 汇总 =====
[GLOBAL] [###-------------------------] done=459/3505 (13.10%) covered=459 layouts=459 running=0/14 remaining=3046 elapsed=01:23:54 rate=5.47 sig/min ETA=09:16:49
[COVERAGE] selected_mass(global)=47.579% covered_mass(global contribution)=6.395%
status_counts={'QUOTA_REACHED': 459, 'TIMEOUT': 3046}
library : /home/zhl/SingleArmTetris/SingleArmTetris/src/tools/找最优解/layouts_260_v5_shard0/library_shard00of02.jsonl (459 layouts)
progress: /home/zhl/SingleArmTetris/SingleArmTetris/src/tools/找最优解/layouts_260_v5_shard0/progress_shard00of02.json
summary : /home/zhl/SingleArmTetris/SingleArmTetris/src/tools/找最优解/layouts_260_v5_shard0/summary_shard00of02.json
errors=0
仍有 timeout/未完成 signature；可增大 --task-time 后使用 --resume 继续。
